Copyright 1986-2022 Xilinx, Inc. All Rights Reserved. Copyright 2022-2023 Advanced Micro Devices, Inc. All Rights Reserved.
--------------------------------------------------------------------------------------------------------------------------------------------------------------------------------------------------------------------------------------
| Tool Version      : Vivado v.2023.2 (lin64) Build 4029153 Fri Oct 13 20:13:54 MDT 2023
| Date              : Sun Sep 14 01:29:23 2025
| Host              : gabriel-Inspiron-15-3511 running 64-bit Ubuntu 22.04.5 LTS
| Command           : report_timing_summary -max_paths 10 -report_unconstrained -file bd_0_wrapper_timing_summary_routed.rpt -pb bd_0_wrapper_timing_summary_routed.pb -rpx bd_0_wrapper_timing_summary_routed.rpx -warn_on_violation
| Design            : bd_0_wrapper
| Device            : xcu50-fsvh2104
| Speed File        : -2  PRODUCTION 1.30 05-01-2022
| Design State      : Routed
| Temperature Grade : E
--------------------------------------------------------------------------------------------------------------------------------------------------------------------------------------------------------------------------------------

Timing Summary Report

------------------------------------------------------------------------------------------------
| Timer Settings
| --------------
------------------------------------------------------------------------------------------------

  Enable Multi Corner Analysis               :  Yes
  Enable Pessimism Removal                   :  Yes
  Pessimism Removal Resolution               :  Nearest Common Node
  Enable Input Delay Default Clock           :  No
  Enable Preset / Clear Arcs                 :  No
  Disable Flight Delays                      :  No
  Ignore I/O Paths                           :  No
  Timing Early Launch at Borrowing Latches   :  No
  Borrow Time for Max Delay Exceptions       :  Yes
  Merge Timing Exceptions                    :  Yes
  Inter-SLR Compensation                     :  Conservative

  Corner  Analyze    Analyze    
  Name    Max Paths  Min Paths  
  ------  ---------  ---------  
  Slow    Yes        Yes        
  Fast    Yes        Yes        


------------------------------------------------------------------------------------------------
| Report Methodology
| ------------------
------------------------------------------------------------------------------------------------

Rule       Severity  Description                    Violations  
---------  --------  -----------------------------  ----------  
TIMING-18  Warning   Missing input or output delay  301         

Note: This report is based on the most recent report_methodology run and may not be up-to-date. Run report_methodology on the current design for the latest report.



check_timing report

Table of Contents
-----------------
1. checking no_clock (0)
2. checking constant_clock (0)
3. checking pulse_width_clock (0)
4. checking unconstrained_internal_endpoints (0)
5. checking no_input_delay (194)
6. checking no_output_delay (107)
7. checking multiple_clock (0)
8. checking generated_clocks (0)
9. checking loops (0)
10. checking partial_input_delay (0)
11. checking partial_output_delay (0)
12. checking latch_loops (0)

1. checking no_clock (0)
------------------------
 There are 0 register/latch pins with no clock.


2. checking constant_clock (0)
------------------------------
 There are 0 register/latch pins with constant_clock.


3. checking pulse_width_clock (0)
---------------------------------
 There are 0 register/latch pins which need pulse_width check


4. checking unconstrained_internal_endpoints (0)
------------------------------------------------
 There are 0 pins that are not constrained for maximum delay.

 There are 0 pins that are not constrained for maximum delay due to constant clock.


5. checking no_input_delay (194)
--------------------------------
 There are 194 input ports with no input delay specified. (HIGH)

 There are 0 input ports with no input delay but user has a false path constraint.


6. checking no_output_delay (107)
---------------------------------
 There are 107 ports with no output delay specified. (HIGH)

 There are 0 ports with no output delay but user has a false path constraint

 There are 0 ports with no output delay but with a timing clock defined on it or propagating through it


7. checking multiple_clock (0)
------------------------------
 There are 0 register/latch pins with multiple clocks.


8. checking generated_clocks (0)
--------------------------------
 There are 0 generated clocks that are not connected to a clock source.


9. checking loops (0)
---------------------
 There are 0 combinational loops in the design.


10. checking partial_input_delay (0)
------------------------------------
 There are 0 input ports with partial input delay specified.


11. checking partial_output_delay (0)
-------------------------------------
 There are 0 ports with partial output delay specified.


12. checking latch_loops (0)
----------------------------
 There are 0 combinational latch loops in the design through latch input



------------------------------------------------------------------------------------------------
| Design Timing Summary
| ---------------------
------------------------------------------------------------------------------------------------

    WNS(ns)      TNS(ns)  TNS Failing Endpoints  TNS Total Endpoints      WHS(ns)      THS(ns)  THS Failing Endpoints  THS Total Endpoints     WPWS(ns)     TPWS(ns)  TPWS Failing Endpoints  TPWS Total Endpoints  
    -------      -------  ---------------------  -------------------      -------      -------  ---------------------  -------------------     --------     --------  ----------------------  --------------------  
      2.306        0.000                      0                 1526        0.043        0.000                      0                 1526        3.725        0.000                       0                   989  


All user specified timing constraints are met.


------------------------------------------------------------------------------------------------
| Clock Summary
| -------------
------------------------------------------------------------------------------------------------

Clock   Waveform(ns)         Period(ns)      Frequency(MHz)
-----   ------------         ----------      --------------
ap_clk  {0.000 4.000}        8.000           125.000         


------------------------------------------------------------------------------------------------
| Intra Clock Table
| -----------------
------------------------------------------------------------------------------------------------

Clock             WNS(ns)      TNS(ns)  TNS Failing Endpoints  TNS Total Endpoints      WHS(ns)      THS(ns)  THS Failing Endpoints  THS Total Endpoints     WPWS(ns)     TPWS(ns)  TPWS Failing Endpoints  TPWS Total Endpoints  
-----             -------      -------  ---------------------  -------------------      -------      -------  ---------------------  -------------------     --------     --------  ----------------------  --------------------  
ap_clk              2.306        0.000                      0                 1526        0.043        0.000                      0                 1526        3.725        0.000                       0                   989  


------------------------------------------------------------------------------------------------
| Inter Clock Table
| -----------------
------------------------------------------------------------------------------------------------

From Clock    To Clock          WNS(ns)      TNS(ns)  TNS Failing Endpoints  TNS Total Endpoints      WHS(ns)      THS(ns)  THS Failing Endpoints  THS Total Endpoints  
----------    --------          -------      -------  ---------------------  -------------------      -------      -------  ---------------------  -------------------  


------------------------------------------------------------------------------------------------
| Other Path Groups Table
| -----------------------
------------------------------------------------------------------------------------------------

Path Group    From Clock    To Clock          WNS(ns)      TNS(ns)  TNS Failing Endpoints  TNS Total Endpoints      WHS(ns)      THS(ns)  THS Failing Endpoints  THS Total Endpoints  
----------    ----------    --------          -------      -------  ---------------------  -------------------      -------      -------  ---------------------  -------------------  


------------------------------------------------------------------------------------------------
| User Ignored Path Table
| -----------------------
------------------------------------------------------------------------------------------------

Path Group    From Clock    To Clock    
----------    ----------    --------    


------------------------------------------------------------------------------------------------
| Unconstrained Path Table
| ------------------------
------------------------------------------------------------------------------------------------

Path Group    From Clock    To Clock    
----------    ----------    --------    
(none)                                    
(none)        ap_clk                      
(none)                      ap_clk        


------------------------------------------------------------------------------------------------
| Timing Details
| --------------
------------------------------------------------------------------------------------------------


---------------------------------------------------------------------------------------------------
From Clock:  ap_clk
  To Clock:  ap_clk

Setup :            0  Failing Endpoints,  Worst Slack        2.306ns,  Total Violation        0.000ns
Hold  :            0  Failing Endpoints,  Worst Slack        0.043ns,  Total Violation        0.000ns
PW    :            0  Failing Endpoints,  Worst Slack        3.725ns,  Total Violation        0.000ns
---------------------------------------------------------------------------------------------------


Max Delay Paths
--------------------------------------------------------------------------------------
Slack (MET) :             2.306ns  (required time - arrival time)
  Source:                 bd_0_i/hls_inst/inst/dadd_64ns_64ns_64_4_full_dsp_1_U1/bbgemm_dadd_64ns_64ns_64_4_full_dsp_1_ip_u/inst/i_synth/ADDSUB_OP.ADDSUB/LOGIC_SPEED.OP/EXP/NUMB_CMP/FAST_CMP.CMP_TOP/C_CHAIN/CHAIN_GEN[15].CARRYS_DEL.NEED_DEL.CARRYS_FD/C
                            (rising edge-triggered cell FDRE clocked by ap_clk  {rise@0.000ns fall@4.000ns period=8.000ns})
  Destination:            bd_0_i/hls_inst/inst/dadd_64ns_64ns_64_4_full_dsp_1_U1/bbgemm_dadd_64ns_64ns_64_4_full_dsp_1_ip_u/inst/i_synth/ADDSUB_OP.ADDSUB/LOGIC_SPEED.OP/NORM/LZE/ENCODE[0].MUX_0/OP_DEL/i_pipe/opt_has_pipe.first_q_reg[1]/D
                            (rising edge-triggered cell FDRE clocked by ap_clk  {rise@0.000ns fall@4.000ns period=8.000ns})
  Path Group:             ap_clk
  Path Type:              Setup (Max at Slow Process Corner)
  Requirement:            8.000ns  (ap_clk rise@8.000ns - ap_clk rise@0.000ns)
  Data Path Delay:        5.674ns  (logic 2.306ns (40.639%)  route 3.368ns (59.361%))
  Logic Levels:           18  (CARRY8=2 DSP_ALU=1 DSP_OUTPUT=1 LUT2=2 LUT3=1 LUT4=1 LUT5=2 LUT6=6 MUXF7=1 MUXF8=1)
  Clock Path Skew:        -0.009ns (DCD - SCD + CPR)
    Destination Clock Delay (DCD):    0.020ns = ( 8.020 - 8.000 ) 
    Source Clock Delay      (SCD):    0.029ns
    Clock Pessimism Removal (CPR):    0.000ns
  Clock Uncertainty:      0.035ns  ((TSJ^2 + TIJ^2)^1/2 + DJ) / 2 + PE
    Total System Jitter     (TSJ):    0.071ns
    Total Input Jitter      (TIJ):    0.000ns
    Discrete Jitter          (DJ):    0.000ns
    Phase Error              (PE):    0.000ns

    Location             Delay type                Incr(ns)  Path(ns)    Netlist Resource(s)
  -------------------------------------------------------------------    -------------------
                         (clock ap_clk rise edge)     0.000     0.000 r  
                                                      0.000     0.000 r  ap_clk (IN)
                         net (fo=1053, unset)         0.029     0.029    bd_0_i/hls_inst/inst/dadd_64ns_64ns_64_4_full_dsp_1_U1/bbgemm_dadd_64ns_64ns_64_4_full_dsp_1_ip_u/inst/i_synth/ADDSUB_OP.ADDSUB/LOGIC_SPEED.OP/EXP/NUMB_CMP/FAST_CMP.CMP_TOP/C_CHAIN/aclk
    SLICE_X73Y27         FDRE                                         r  bd_0_i/hls_inst/inst/dadd_64ns_64ns_64_4_full_dsp_1_U1/bbgemm_dadd_64ns_64ns_64_4_full_dsp_1_ip_u/inst/i_synth/ADDSUB_OP.ADDSUB/LOGIC_SPEED.OP/EXP/NUMB_CMP/FAST_CMP.CMP_TOP/C_CHAIN/CHAIN_GEN[15].CARRYS_DEL.NEED_DEL.CARRYS_FD/C
  -------------------------------------------------------------------    -------------------
    SLICE_X73Y27         FDRE (Prop_HFF_SLICEL_C_Q)
                                                      0.079     0.108 r  bd_0_i/hls_inst/inst/dadd_64ns_64ns_64_4_full_dsp_1_U1/bbgemm_dadd_64ns_64ns_64_4_full_dsp_1_ip_u/inst/i_synth/ADDSUB_OP.ADDSUB/LOGIC_SPEED.OP/EXP/NUMB_CMP/FAST_CMP.CMP_TOP/C_CHAIN/CHAIN_GEN[15].CARRYS_DEL.NEED_DEL.CARRYS_FD/Q
                         net (fo=5, routed)           0.226     0.334    bd_0_i/hls_inst/inst/dadd_64ns_64ns_64_4_full_dsp_1_U1/bbgemm_dadd_64ns_64ns_64_4_full_dsp_1_ip_u/inst/i_synth/ADDSUB_OP.ADDSUB/LOGIC_SPEED.OP/EXP/NUMB_CMP/FAST_CMP.CMP_BOT/C_CHAIN/CHAIN_GEN[0].C_MUX.CARRY_MUX_1[0]
    SLICE_X73Y19         LUT3 (Prop_D6LUT_SLICEL_I2_O)
                                                      0.122     0.456 r  bd_0_i/hls_inst/inst/dadd_64ns_64ns_64_4_full_dsp_1_U1/bbgemm_dadd_64ns_64ns_64_4_full_dsp_1_ip_u/inst/i_synth/ADDSUB_OP.ADDSUB/LOGIC_SPEED.OP/EXP/NUMB_CMP/FAST_CMP.CMP_BOT/C_CHAIN/CHAIN_GEN[0].C_MUX.CARRY_MUX_i_2__0/O
                         net (fo=108, routed)         0.513     0.969    bd_0_i/hls_inst/inst/dadd_64ns_64ns_64_4_full_dsp_1_U1/bbgemm_dadd_64ns_64ns_64_4_full_dsp_1_ip_u/inst/i_synth/ADDSUB_OP.ADDSUB/LOGIC_SPEED.OP/A_IP_DELAY/i_pipe/b_largest
    SLICE_X76Y24         LUT6 (Prop_H6LUT_SLICEM_I4_O)
                                                      0.152     1.121 f  bd_0_i/hls_inst/inst/dadd_64ns_64ns_64_4_full_dsp_1_U1/bbgemm_dadd_64ns_64ns_64_4_full_dsp_1_ip_u/inst/i_synth/ADDSUB_OP.ADDSUB/LOGIC_SPEED.OP/A_IP_DELAY/i_pipe/CHAIN_GEN[9].C_MUX.CARRY_MUX_i_3/O
                         net (fo=6, routed)           0.348     1.469    bd_0_i/hls_inst/inst/dadd_64ns_64ns_64_4_full_dsp_1_U1/bbgemm_dadd_64ns_64ns_64_4_full_dsp_1_ip_u/inst/i_synth/ADDSUB_OP.ADDSUB/LOGIC_SPEED.OP/A_IP_DELAY/i_pipe/opt_has_pipe.first_q_reg[51]_0[27]
    SLICE_X73Y18         LUT4 (Prop_B6LUT_SLICEL_I1_O)
                                                      0.090     1.559 r  bd_0_i/hls_inst/inst/dadd_64ns_64ns_64_4_full_dsp_1_U1/bbgemm_dadd_64ns_64ns_64_4_full_dsp_1_ip_u/inst/i_synth/ADDSUB_OP.ADDSUB/LOGIC_SPEED.OP/A_IP_DELAY/i_pipe/CHAIN_GEN[9].C_MUX.CARRY_MUX_i_1/O
                         net (fo=1, routed)           0.009     1.568    bd_0_i/hls_inst/inst/dadd_64ns_64ns_64_4_full_dsp_1_U1/bbgemm_dadd_64ns_64ns_64_4_full_dsp_1_ip_u/inst/i_synth/ADDSUB_OP.ADDSUB/LOGIC_SPEED.OP/ALIGN_BLK/ALIGN_SHIFT/ALIGN_Z_D/EQ_ZERO/CARRY_ZERO_DET/A[9]
    SLICE_X73Y18         CARRY8 (Prop_CARRY8_SLICEL_S[1]_CO[4])
                                                      0.209     1.777 f  bd_0_i/hls_inst/inst/dadd_64ns_64ns_64_4_full_dsp_1_U1/bbgemm_dadd_64ns_64ns_64_4_full_dsp_1_ip_u/inst/i_synth/ADDSUB_OP.ADDSUB/LOGIC_SPEED.OP/ALIGN_BLK/ALIGN_SHIFT/ALIGN_Z_D/EQ_ZERO/CARRY_ZERO_DET/CHAIN_GEN[8].C_MUX.CARRY_MUX_CARRY4_CARRY8/CO[4]
                         net (fo=2, routed)           0.273     2.050    bd_0_i/hls_inst/inst/dadd_64ns_64ns_64_4_full_dsp_1_U1/bbgemm_dadd_64ns_64ns_64_4_full_dsp_1_ip_u/inst/i_synth/ADDSUB_OP.ADDSUB/LOGIC_SPEED.OP/A_IP_DELAY/i_pipe/MUX_LOOP[2].OTHER_LEVELS.DO_CHUNKS[0].LUT6_STRUCT_MUX.MUX1_i_6[0]
    SLICE_X72Y24         LUT6 (Prop_H6LUT_SLICEM_I4_O)
                                                      0.090     2.140 f  bd_0_i/hls_inst/inst/dadd_64ns_64ns_64_4_full_dsp_1_U1/bbgemm_dadd_64ns_64ns_64_4_full_dsp_1_ip_u/inst/i_synth/ADDSUB_OP.ADDSUB/LOGIC_SPEED.OP/A_IP_DELAY/i_pipe/MUX_LOOP[2].OTHER_LEVELS.DO_CHUNKS[0].LUT6_STRUCT_MUX.MUX1_i_9/O
                         net (fo=1, routed)           0.094     2.234    bd_0_i/hls_inst/inst/dadd_64ns_64ns_64_4_full_dsp_1_U1/bbgemm_dadd_64ns_64ns_64_4_full_dsp_1_ip_u/inst/i_synth/ADDSUB_OP.ADDSUB/LOGIC_SPEED.OP/EXP/BMA_EXP_DELAY/i_pipe/MUX_LOOP[2].OTHER_LEVELS.DO_CHUNKS[0].LUT6_STRUCT_MUX.MUX1_0
    SLICE_X72Y23         LUT5 (Prop_E6LUT_SLICEM_I2_O)
                                                      0.100     2.334 f  bd_0_i/hls_inst/inst/dadd_64ns_64ns_64_4_full_dsp_1_U1/bbgemm_dadd_64ns_64ns_64_4_full_dsp_1_ip_u/inst/i_synth/ADDSUB_OP.ADDSUB/LOGIC_SPEED.OP/EXP/BMA_EXP_DELAY/i_pipe/MUX_LOOP[2].OTHER_LEVELS.DO_CHUNKS[0].LUT6_STRUCT_MUX.MUX1_i_6/O
                         net (fo=1, routed)           0.214     2.548    bd_0_i/hls_inst/inst/dadd_64ns_64ns_64_4_full_dsp_1_U1/bbgemm_dadd_64ns_64ns_64_4_full_dsp_1_ip_u/inst/i_synth/ADDSUB_OP.ADDSUB/LOGIC_SPEED.OP/EXP/BMA_EXP_DELAY/i_pipe/MUX_LOOP[2].OTHER_LEVELS.DO_CHUNKS[0].LUT6_STRUCT_MUX.MUX1_i_6_n_0
    SLICE_X71Y18         LUT6 (Prop_A6LUT_SLICEM_I0_O)
                                                      0.053     2.601 f  bd_0_i/hls_inst/inst/dadd_64ns_64ns_64_4_full_dsp_1_U1/bbgemm_dadd_64ns_64ns_64_4_full_dsp_1_ip_u/inst/i_synth/ADDSUB_OP.ADDSUB/LOGIC_SPEED.OP/EXP/BMA_EXP_DELAY/i_pipe/MUX_LOOP[2].OTHER_LEVELS.DO_CHUNKS[0].LUT6_STRUCT_MUX.MUX1_i_2/O
                         net (fo=1, routed)           0.011     2.612    bd_0_i/hls_inst/inst/dadd_64ns_64ns_64_4_full_dsp_1_U1/bbgemm_dadd_64ns_64ns_64_4_full_dsp_1_ip_u/inst/i_synth/ADDSUB_OP.ADDSUB/LOGIC_SPEED.OP/ALIGN_BLK/ALIGN_SHIFT/ALIGN_Z_D/zero_det_unreg[1]_1[3]
    SLICE_X71Y18         MUXF7 (Prop_F7MUX_AB_SLICEM_I1_O)
                                                      0.058     2.670 f  bd_0_i/hls_inst/inst/dadd_64ns_64ns_64_4_full_dsp_1_U1/bbgemm_dadd_64ns_64ns_64_4_full_dsp_1_ip_u/inst/i_synth/ADDSUB_OP.ADDSUB/LOGIC_SPEED.OP/ALIGN_BLK/ALIGN_SHIFT/ALIGN_Z_D/MUX_LOOP[2].OTHER_LEVELS.DO_CHUNKS[0].LUT6_STRUCT_MUX.MUX1/O
                         net (fo=1, routed)           0.000     2.670    bd_0_i/hls_inst/inst/dadd_64ns_64ns_64_4_full_dsp_1_U1/bbgemm_dadd_64ns_64ns_64_4_full_dsp_1_ip_u/inst/i_synth/ADDSUB_OP.ADDSUB/LOGIC_SPEED.OP/ALIGN_BLK/ALIGN_SHIFT/ALIGN_Z_D/MUX_LOOP[2].OTHER_LEVELS.DO_CHUNKS[0].LUT6_STRUCT_MUX.mux0_1
    SLICE_X71Y18         MUXF8 (Prop_F8MUX_BOT_SLICEM_I1_O)
                                                      0.035     2.705 f  bd_0_i/hls_inst/inst/dadd_64ns_64ns_64_4_full_dsp_1_U1/bbgemm_dadd_64ns_64ns_64_4_full_dsp_1_ip_u/inst/i_synth/ADDSUB_OP.ADDSUB/LOGIC_SPEED.OP/ALIGN_BLK/ALIGN_SHIFT/ALIGN_Z_D/MUX_LOOP[2].OTHER_LEVELS.DO_CHUNKS[0].LUT6_STRUCT_MUX.MUX2/O
                         net (fo=2, routed)           0.300     3.005    bd_0_i/hls_inst/inst/dadd_64ns_64ns_64_4_full_dsp_1_U1/bbgemm_dadd_64ns_64ns_64_4_full_dsp_1_ip_u/inst/i_synth/ADDSUB_OP.ADDSUB/LOGIC_SPEED.OP/EXP/SUB_DELAY/i_pipe/zeros
    SLICE_X71Y26         LUT2 (Prop_E6LUT_SLICEM_I1_O)
                                                      0.091     3.096 r  bd_0_i/hls_inst/inst/dadd_64ns_64ns_64_4_full_dsp_1_U1/bbgemm_dadd_64ns_64ns_64_4_full_dsp_1_ip_u/inst/i_synth/ADDSUB_OP.ADDSUB/LOGIC_SPEED.OP/EXP/SUB_DELAY/i_pipe/i_no_versal_es1_workaround.DSP_i_1/O
                         net (fo=1, routed)           0.181     3.277    bd_0_i/hls_inst/inst/dadd_64ns_64ns_64_4_full_dsp_1_U1/bbgemm_dadd_64ns_64ns_64_4_full_dsp_1_ip_u/inst/i_synth/ADDSUB_OP.ADDSUB/LOGIC_SPEED.OP/ALIGN_BLK/FRAC_ADDSUB/DSP_ADD.FRAC_ADDSUB/i_no_versal_es1_workaround.DSP48E1_ADD.DSP48E1_ADD/i_no_versal_es1_workaround.DSP/CARRYIN
    DSP48E2_X9Y4         DSP_ALU (Prop_DSP_ALU_DSP48E2_CARRYIN_ALU_OUT[47])
                                                      0.517     3.794 f  bd_0_i/hls_inst/inst/dadd_64ns_64ns_64_4_full_dsp_1_U1/bbgemm_dadd_64ns_64ns_64_4_full_dsp_1_ip_u/inst/i_synth/ADDSUB_OP.ADDSUB/LOGIC_SPEED.OP/ALIGN_BLK/FRAC_ADDSUB/DSP_ADD.FRAC_ADDSUB/i_no_versal_es1_workaround.DSP48E1_ADD.DSP48E1_ADD/i_no_versal_es1_workaround.DSP/DSP_ALU_INST/ALU_OUT[47]
                         net (fo=1, routed)           0.000     3.794    bd_0_i/hls_inst/inst/dadd_64ns_64ns_64_4_full_dsp_1_U1/bbgemm_dadd_64ns_64ns_64_4_full_dsp_1_ip_u/inst/i_synth/ADDSUB_OP.ADDSUB/LOGIC_SPEED.OP/ALIGN_BLK/FRAC_ADDSUB/DSP_ADD.FRAC_ADDSUB/i_no_versal_es1_workaround.DSP48E1_ADD.DSP48E1_ADD/i_no_versal_es1_workaround.DSP/DSP_ALU.ALU_OUT<47>
    DSP48E2_X9Y4         DSP_OUTPUT (Prop_DSP_OUTPUT_DSP48E2_ALU_OUT[47]_P[47])
                                                      0.109     3.903 r  bd_0_i/hls_inst/inst/dadd_64ns_64ns_64_4_full_dsp_1_U1/bbgemm_dadd_64ns_64ns_64_4_full_dsp_1_ip_u/inst/i_synth/ADDSUB_OP.ADDSUB/LOGIC_SPEED.OP/ALIGN_BLK/FRAC_ADDSUB/DSP_ADD.FRAC_ADDSUB/i_no_versal_es1_workaround.DSP48E1_ADD.DSP48E1_ADD/i_no_versal_es1_workaround.DSP/DSP_OUTPUT_INST/P[47]
                         net (fo=16, routed)          0.337     4.241    bd_0_i/hls_inst/inst/dadd_64ns_64ns_64_4_full_dsp_1_U1/bbgemm_dadd_64ns_64ns_64_4_full_dsp_1_ip_u/inst/i_synth/ADDSUB_OP.ADDSUB/LOGIC_SPEED.OP/ALIGN_BLK/FRAC_ADDSUB/DSP_ADD.FRAC_ADDSUB/i_no_versal_es1_workaround.LOGIC_ADD.ADD_0/P[0]
    SLICE_X69Y25         LUT5 (Prop_G6LUT_SLICEL_I3_O)
                                                      0.035     4.276 f  bd_0_i/hls_inst/inst/dadd_64ns_64ns_64_4_full_dsp_1_U1/bbgemm_dadd_64ns_64ns_64_4_full_dsp_1_ip_u/inst/i_synth/ADDSUB_OP.ADDSUB/LOGIC_SPEED.OP/ALIGN_BLK/FRAC_ADDSUB/DSP_ADD.FRAC_ADDSUB/i_no_versal_es1_workaround.LOGIC_ADD.ADD_0/CHAIN_GEN[0].C_MUX.CARRY_MUX_i_2__1/O
                         net (fo=2, routed)           0.187     4.463    bd_0_i/hls_inst/inst/dadd_64ns_64ns_64_4_full_dsp_1_U1/bbgemm_dadd_64ns_64ns_64_4_full_dsp_1_ip_u/inst/i_synth/ADDSUB_OP.ADDSUB/LOGIC_SPEED.OP/ALIGN_BLK/FRAC_ADDSUB/DSP_ADD.FRAC_ADDSUB/i_no_versal_es1_workaround.LOGIC_ADD.ADD_0/CHAIN_GEN[6].Q_XOR.SUM_XOR_0
    SLICE_X69Y26         LUT6 (Prop_A6LUT_SLICEL_I5_O)
                                                      0.090     4.553 r  bd_0_i/hls_inst/inst/dadd_64ns_64ns_64_4_full_dsp_1_U1/bbgemm_dadd_64ns_64ns_64_4_full_dsp_1_ip_u/inst/i_synth/ADDSUB_OP.ADDSUB/LOGIC_SPEED.OP/ALIGN_BLK/FRAC_ADDSUB/DSP_ADD.FRAC_ADDSUB/i_no_versal_es1_workaround.LOGIC_ADD.ADD_0/CHAIN_GEN[0].C_MUX.CARRY_MUX_i_1__3/O
                         net (fo=1, routed)           0.009     4.562    bd_0_i/hls_inst/inst/dadd_64ns_64ns_64_4_full_dsp_1_U1/bbgemm_dadd_64ns_64ns_64_4_full_dsp_1_ip_u/inst/i_synth/ADDSUB_OP.ADDSUB/LOGIC_SPEED.OP/NORM/LZE/ZERO_DET_CC_1/chunk_is_zero[0]
    SLICE_X69Y26         CARRY8 (Prop_CARRY8_SLICEL_S[0]_CO[7])
                                                      0.204     4.766 r  bd_0_i/hls_inst/inst/dadd_64ns_64ns_64_4_full_dsp_1_U1/bbgemm_dadd_64ns_64ns_64_4_full_dsp_1_ip_u/inst/i_synth/ADDSUB_OP.ADDSUB/LOGIC_SPEED.OP/NORM/LZE/ZERO_DET_CC_1/CHAIN_GEN[0].C_MUX.CARRY_MUX_CARRY4_CARRY8/CO[7]
                         net (fo=67, routed)          0.298     5.063    bd_0_i/hls_inst/inst/dadd_64ns_64ns_64_4_full_dsp_1_U1/bbgemm_dadd_64ns_64ns_64_4_full_dsp_1_ip_u/inst/i_synth/ADDSUB_OP.ADDSUB/LOGIC_SPEED.OP/NORM/LZE/ZERO_DET_CC_1/CHAIN_GEN[7].C_MUX.CARRY_MUX_0[1]
    SLICE_X68Y27         LUT2 (Prop_C5LUT_SLICEL_I0_O)
                                                      0.098     5.161 r  bd_0_i/hls_inst/inst/dadd_64ns_64ns_64_4_full_dsp_1_U1/bbgemm_dadd_64ns_64ns_64_4_full_dsp_1_ip_u/inst/i_synth/ADDSUB_OP.ADDSUB/LOGIC_SPEED.OP/NORM/LZE/ZERO_DET_CC_1/opt_has_pipe.first_q[7]_i_3/O
                         net (fo=7, routed)           0.175     5.336    bd_0_i/hls_inst/inst/dadd_64ns_64ns_64_4_full_dsp_1_U1/bbgemm_dadd_64ns_64ns_64_4_full_dsp_1_ip_u/inst/i_synth/ADDSUB_OP.ADDSUB/LOGIC_SPEED.OP/ALIGN_BLK/FRAC_ADDSUB/DSP_ADD.FRAC_ADDSUB/i_no_versal_es1_workaround.DSP48E1_ADD.DSP48E1_ADD/opt_has_pipe.first_q_reg[7]
    SLICE_X68Y27         LUT6 (Prop_E6LUT_SLICEL_I5_O)
                                                      0.123     5.459 r  bd_0_i/hls_inst/inst/dadd_64ns_64ns_64_4_full_dsp_1_U1/bbgemm_dadd_64ns_64ns_64_4_full_dsp_1_ip_u/inst/i_synth/ADDSUB_OP.ADDSUB/LOGIC_SPEED.OP/ALIGN_BLK/FRAC_ADDSUB/DSP_ADD.FRAC_ADDSUB/i_no_versal_es1_workaround.DSP48E1_ADD.DSP48E1_ADD/opt_has_pipe.first_q[1]_i_2__1/O
                         net (fo=1, routed)           0.142     5.601    bd_0_i/hls_inst/inst/dadd_64ns_64ns_64_4_full_dsp_1_U1/bbgemm_dadd_64ns_64ns_64_4_full_dsp_1_ip_u/inst/i_synth/ADDSUB_OP.ADDSUB/LOGIC_SPEED.OP/ALIGN_BLK/FRAC_ADDSUB/DSP_ADD.FRAC_ADDSUB/i_no_versal_es1_workaround.DSP48E1_ADD.DSP48E1_ADD/opt_has_pipe.first_q[1]_i_2__1_n_0
    SLICE_X68Y27         LUT6 (Prop_H6LUT_SLICEL_I0_O)
                                                      0.051     5.652 r  bd_0_i/hls_inst/inst/dadd_64ns_64ns_64_4_full_dsp_1_U1/bbgemm_dadd_64ns_64ns_64_4_full_dsp_1_ip_u/inst/i_synth/ADDSUB_OP.ADDSUB/LOGIC_SPEED.OP/ALIGN_BLK/FRAC_ADDSUB/DSP_ADD.FRAC_ADDSUB/i_no_versal_es1_workaround.DSP48E1_ADD.DSP48E1_ADD/opt_has_pipe.first_q[1]_i_1__0/O
                         net (fo=1, routed)           0.051     5.703    bd_0_i/hls_inst/inst/dadd_64ns_64ns_64_4_full_dsp_1_U1/bbgemm_dadd_64ns_64ns_64_4_full_dsp_1_ip_u/inst/i_synth/ADDSUB_OP.ADDSUB/LOGIC_SPEED.OP/NORM/LZE/ENCODE[0].MUX_0/OP_DEL/i_pipe/opt_has_pipe.first_q_reg[1]_1
    SLICE_X68Y27         FDRE                                         r  bd_0_i/hls_inst/inst/dadd_64ns_64ns_64_4_full_dsp_1_U1/bbgemm_dadd_64ns_64ns_64_4_full_dsp_1_ip_u/inst/i_synth/ADDSUB_OP.ADDSUB/LOGIC_SPEED.OP/NORM/LZE/ENCODE[0].MUX_0/OP_DEL/i_pipe/opt_has_pipe.first_q_reg[1]/D
  -------------------------------------------------------------------    -------------------

                         (clock ap_clk rise edge)     8.000     8.000 r  
                                                      0.000     8.000 r  ap_clk (IN)
                         net (fo=1053, unset)         0.020     8.020    bd_0_i/hls_inst/inst/dadd_64ns_64ns_64_4_full_dsp_1_U1/bbgemm_dadd_64ns_64ns_64_4_full_dsp_1_ip_u/inst/i_synth/ADDSUB_OP.ADDSUB/LOGIC_SPEED.OP/NORM/LZE/ENCODE[0].MUX_0/OP_DEL/i_pipe/aclk
    SLICE_X68Y27         FDRE                                         r  bd_0_i/hls_inst/inst/dadd_64ns_64ns_64_4_full_dsp_1_U1/bbgemm_dadd_64ns_64ns_64_4_full_dsp_1_ip_u/inst/i_synth/ADDSUB_OP.ADDSUB/LOGIC_SPEED.OP/NORM/LZE/ENCODE[0].MUX_0/OP_DEL/i_pipe/opt_has_pipe.first_q_reg[1]/C
                         clock pessimism              0.000     8.020    
                         clock uncertainty           -0.035     7.985    
    SLICE_X68Y27         FDRE (Setup_HFF_SLICEL_C_D)
                                                      0.025     8.010    bd_0_i/hls_inst/inst/dadd_64ns_64ns_64_4_full_dsp_1_U1/bbgemm_dadd_64ns_64ns_64_4_full_dsp_1_ip_u/inst/i_synth/ADDSUB_OP.ADDSUB/LOGIC_SPEED.OP/NORM/LZE/ENCODE[0].MUX_0/OP_DEL/i_pipe/opt_has_pipe.first_q_reg[1]
  -------------------------------------------------------------------
                         required time                          8.010    
                         arrival time                          -5.703    
  -------------------------------------------------------------------
                         slack                                  2.306    

Slack (MET) :             2.359ns  (required time - arrival time)
  Source:                 bd_0_i/hls_inst/inst/dadd_64ns_64ns_64_4_full_dsp_1_U1/bbgemm_dadd_64ns_64ns_64_4_full_dsp_1_ip_u/inst/i_synth/ADDSUB_OP.ADDSUB/LOGIC_SPEED.OP/EXP/NUMB_CMP/FAST_CMP.CMP_TOP/C_CHAIN/CHAIN_GEN[15].CARRYS_DEL.NEED_DEL.CARRYS_FD/C
                            (rising edge-triggered cell FDRE clocked by ap_clk  {rise@0.000ns fall@4.000ns period=8.000ns})
  Destination:            bd_0_i/hls_inst/inst/dadd_64ns_64ns_64_4_full_dsp_1_U1/bbgemm_dadd_64ns_64ns_64_4_full_dsp_1_ip_u/inst/i_synth/ADDSUB_OP.ADDSUB/LOGIC_SPEED.OP/NORM/LZE/ENCODE[0].MUX_0/OP_DEL/i_pipe/opt_has_pipe.first_q_reg[2]/D
                            (rising edge-triggered cell FDRE clocked by ap_clk  {rise@0.000ns fall@4.000ns period=8.000ns})
  Path Group:             ap_clk
  Path Type:              Setup (Max at Slow Process Corner)
  Requirement:            8.000ns  (ap_clk rise@8.000ns - ap_clk rise@0.000ns)
  Data Path Delay:        5.621ns  (logic 2.292ns (40.774%)  route 3.329ns (59.226%))
  Logic Levels:           18  (CARRY8=2 DSP_ALU=1 DSP_OUTPUT=1 LUT2=2 LUT3=1 LUT4=1 LUT5=2 LUT6=6 MUXF7=1 MUXF8=1)
  Clock Path Skew:        -0.009ns (DCD - SCD + CPR)
    Destination Clock Delay (DCD):    0.020ns = ( 8.020 - 8.000 ) 
    Source Clock Delay      (SCD):    0.029ns
    Clock Pessimism Removal (CPR):    0.000ns
  Clock Uncertainty:      0.035ns  ((TSJ^2 + TIJ^2)^1/2 + DJ) / 2 + PE
    Total System Jitter     (TSJ):    0.071ns
    Total Input Jitter      (TIJ):    0.000ns
    Discrete Jitter          (DJ):    0.000ns
    Phase Error              (PE):    0.000ns

    Location             Delay type                Incr(ns)  Path(ns)    Netlist Resource(s)
  -------------------------------------------------------------------    -------------------
                         (clock ap_clk rise edge)     0.000     0.000 r  
                                                      0.000     0.000 r  ap_clk (IN)
                         net (fo=1053, unset)         0.029     0.029    bd_0_i/hls_inst/inst/dadd_64ns_64ns_64_4_full_dsp_1_U1/bbgemm_dadd_64ns_64ns_64_4_full_dsp_1_ip_u/inst/i_synth/ADDSUB_OP.ADDSUB/LOGIC_SPEED.OP/EXP/NUMB_CMP/FAST_CMP.CMP_TOP/C_CHAIN/aclk
    SLICE_X73Y27         FDRE                                         r  bd_0_i/hls_inst/inst/dadd_64ns_64ns_64_4_full_dsp_1_U1/bbgemm_dadd_64ns_64ns_64_4_full_dsp_1_ip_u/inst/i_synth/ADDSUB_OP.ADDSUB/LOGIC_SPEED.OP/EXP/NUMB_CMP/FAST_CMP.CMP_TOP/C_CHAIN/CHAIN_GEN[15].CARRYS_DEL.NEED_DEL.CARRYS_FD/C
  -------------------------------------------------------------------    -------------------
    SLICE_X73Y27         FDRE (Prop_HFF_SLICEL_C_Q)
                                                      0.079     0.108 r  bd_0_i/hls_inst/inst/dadd_64ns_64ns_64_4_full_dsp_1_U1/bbgemm_dadd_64ns_64ns_64_4_full_dsp_1_ip_u/inst/i_synth/ADDSUB_OP.ADDSUB/LOGIC_SPEED.OP/EXP/NUMB_CMP/FAST_CMP.CMP_TOP/C_CHAIN/CHAIN_GEN[15].CARRYS_DEL.NEED_DEL.CARRYS_FD/Q
                         net (fo=5, routed)           0.226     0.334    bd_0_i/hls_inst/inst/dadd_64ns_64ns_64_4_full_dsp_1_U1/bbgemm_dadd_64ns_64ns_64_4_full_dsp_1_ip_u/inst/i_synth/ADDSUB_OP.ADDSUB/LOGIC_SPEED.OP/EXP/NUMB_CMP/FAST_CMP.CMP_BOT/C_CHAIN/CHAIN_GEN[0].C_MUX.CARRY_MUX_1[0]
    SLICE_X73Y19         LUT3 (Prop_D6LUT_SLICEL_I2_O)
                                                      0.122     0.456 r  bd_0_i/hls_inst/inst/dadd_64ns_64ns_64_4_full_dsp_1_U1/bbgemm_dadd_64ns_64ns_64_4_full_dsp_1_ip_u/inst/i_synth/ADDSUB_OP.ADDSUB/LOGIC_SPEED.OP/EXP/NUMB_CMP/FAST_CMP.CMP_BOT/C_CHAIN/CHAIN_GEN[0].C_MUX.CARRY_MUX_i_2__0/O
                         net (fo=108, routed)         0.513     0.969    bd_0_i/hls_inst/inst/dadd_64ns_64ns_64_4_full_dsp_1_U1/bbgemm_dadd_64ns_64ns_64_4_full_dsp_1_ip_u/inst/i_synth/ADDSUB_OP.ADDSUB/LOGIC_SPEED.OP/A_IP_DELAY/i_pipe/b_largest
    SLICE_X76Y24         LUT6 (Prop_H6LUT_SLICEM_I4_O)
                                                      0.152     1.121 f  bd_0_i/hls_inst/inst/dadd_64ns_64ns_64_4_full_dsp_1_U1/bbgemm_dadd_64ns_64ns_64_4_full_dsp_1_ip_u/inst/i_synth/ADDSUB_OP.ADDSUB/LOGIC_SPEED.OP/A_IP_DELAY/i_pipe/CHAIN_GEN[9].C_MUX.CARRY_MUX_i_3/O
                         net (fo=6, routed)           0.348     1.469    bd_0_i/hls_inst/inst/dadd_64ns_64ns_64_4_full_dsp_1_U1/bbgemm_dadd_64ns_64ns_64_4_full_dsp_1_ip_u/inst/i_synth/ADDSUB_OP.ADDSUB/LOGIC_SPEED.OP/A_IP_DELAY/i_pipe/opt_has_pipe.first_q_reg[51]_0[27]
    SLICE_X73Y18         LUT4 (Prop_B6LUT_SLICEL_I1_O)
                                                      0.090     1.559 r  bd_0_i/hls_inst/inst/dadd_64ns_64ns_64_4_full_dsp_1_U1/bbgemm_dadd_64ns_64ns_64_4_full_dsp_1_ip_u/inst/i_synth/ADDSUB_OP.ADDSUB/LOGIC_SPEED.OP/A_IP_DELAY/i_pipe/CHAIN_GEN[9].C_MUX.CARRY_MUX_i_1/O
                         net (fo=1, routed)           0.009     1.568    bd_0_i/hls_inst/inst/dadd_64ns_64ns_64_4_full_dsp_1_U1/bbgemm_dadd_64ns_64ns_64_4_full_dsp_1_ip_u/inst/i_synth/ADDSUB_OP.ADDSUB/LOGIC_SPEED.OP/ALIGN_BLK/ALIGN_SHIFT/ALIGN_Z_D/EQ_ZERO/CARRY_ZERO_DET/A[9]
    SLICE_X73Y18         CARRY8 (Prop_CARRY8_SLICEL_S[1]_CO[4])
                                                      0.209     1.777 f  bd_0_i/hls_inst/inst/dadd_64ns_64ns_64_4_full_dsp_1_U1/bbgemm_dadd_64ns_64ns_64_4_full_dsp_1_ip_u/inst/i_synth/ADDSUB_OP.ADDSUB/LOGIC_SPEED.OP/ALIGN_BLK/ALIGN_SHIFT/ALIGN_Z_D/EQ_ZERO/CARRY_ZERO_DET/CHAIN_GEN[8].C_MUX.CARRY_MUX_CARRY4_CARRY8/CO[4]
                         net (fo=2, routed)           0.273     2.050    bd_0_i/hls_inst/inst/dadd_64ns_64ns_64_4_full_dsp_1_U1/bbgemm_dadd_64ns_64ns_64_4_full_dsp_1_ip_u/inst/i_synth/ADDSUB_OP.ADDSUB/LOGIC_SPEED.OP/A_IP_DELAY/i_pipe/MUX_LOOP[2].OTHER_LEVELS.DO_CHUNKS[0].LUT6_STRUCT_MUX.MUX1_i_6[0]
    SLICE_X72Y24         LUT6 (Prop_H6LUT_SLICEM_I4_O)
                                                      0.090     2.140 f  bd_0_i/hls_inst/inst/dadd_64ns_64ns_64_4_full_dsp_1_U1/bbgemm_dadd_64ns_64ns_64_4_full_dsp_1_ip_u/inst/i_synth/ADDSUB_OP.ADDSUB/LOGIC_SPEED.OP/A_IP_DELAY/i_pipe/MUX_LOOP[2].OTHER_LEVELS.DO_CHUNKS[0].LUT6_STRUCT_MUX.MUX1_i_9/O
                         net (fo=1, routed)           0.094     2.234    bd_0_i/hls_inst/inst/dadd_64ns_64ns_64_4_full_dsp_1_U1/bbgemm_dadd_64ns_64ns_64_4_full_dsp_1_ip_u/inst/i_synth/ADDSUB_OP.ADDSUB/LOGIC_SPEED.OP/EXP/BMA_EXP_DELAY/i_pipe/MUX_LOOP[2].OTHER_LEVELS.DO_CHUNKS[0].LUT6_STRUCT_MUX.MUX1_0
    SLICE_X72Y23         LUT5 (Prop_E6LUT_SLICEM_I2_O)
                                                      0.100     2.334 f  bd_0_i/hls_inst/inst/dadd_64ns_64ns_64_4_full_dsp_1_U1/bbgemm_dadd_64ns_64ns_64_4_full_dsp_1_ip_u/inst/i_synth/ADDSUB_OP.ADDSUB/LOGIC_SPEED.OP/EXP/BMA_EXP_DELAY/i_pipe/MUX_LOOP[2].OTHER_LEVELS.DO_CHUNKS[0].LUT6_STRUCT_MUX.MUX1_i_6/O
                         net (fo=1, routed)           0.214     2.548    bd_0_i/hls_inst/inst/dadd_64ns_64ns_64_4_full_dsp_1_U1/bbgemm_dadd_64ns_64ns_64_4_full_dsp_1_ip_u/inst/i_synth/ADDSUB_OP.ADDSUB/LOGIC_SPEED.OP/EXP/BMA_EXP_DELAY/i_pipe/MUX_LOOP[2].OTHER_LEVELS.DO_CHUNKS[0].LUT6_STRUCT_MUX.MUX1_i_6_n_0
    SLICE_X71Y18         LUT6 (Prop_A6LUT_SLICEM_I0_O)
                                                      0.053     2.601 f  bd_0_i/hls_inst/inst/dadd_64ns_64ns_64_4_full_dsp_1_U1/bbgemm_dadd_64ns_64ns_64_4_full_dsp_1_ip_u/inst/i_synth/ADDSUB_OP.ADDSUB/LOGIC_SPEED.OP/EXP/BMA_EXP_DELAY/i_pipe/MUX_LOOP[2].OTHER_LEVELS.DO_CHUNKS[0].LUT6_STRUCT_MUX.MUX1_i_2/O
                         net (fo=1, routed)           0.011     2.612    bd_0_i/hls_inst/inst/dadd_64ns_64ns_64_4_full_dsp_1_U1/bbgemm_dadd_64ns_64ns_64_4_full_dsp_1_ip_u/inst/i_synth/ADDSUB_OP.ADDSUB/LOGIC_SPEED.OP/ALIGN_BLK/ALIGN_SHIFT/ALIGN_Z_D/zero_det_unreg[1]_1[3]
    SLICE_X71Y18         MUXF7 (Prop_F7MUX_AB_SLICEM_I1_O)
                                                      0.058     2.670 f  bd_0_i/hls_inst/inst/dadd_64ns_64ns_64_4_full_dsp_1_U1/bbgemm_dadd_64ns_64ns_64_4_full_dsp_1_ip_u/inst/i_synth/ADDSUB_OP.ADDSUB/LOGIC_SPEED.OP/ALIGN_BLK/ALIGN_SHIFT/ALIGN_Z_D/MUX_LOOP[2].OTHER_LEVELS.DO_CHUNKS[0].LUT6_STRUCT_MUX.MUX1/O
                         net (fo=1, routed)           0.000     2.670    bd_0_i/hls_inst/inst/dadd_64ns_64ns_64_4_full_dsp_1_U1/bbgemm_dadd_64ns_64ns_64_4_full_dsp_1_ip_u/inst/i_synth/ADDSUB_OP.ADDSUB/LOGIC_SPEED.OP/ALIGN_BLK/ALIGN_SHIFT/ALIGN_Z_D/MUX_LOOP[2].OTHER_LEVELS.DO_CHUNKS[0].LUT6_STRUCT_MUX.mux0_1
    SLICE_X71Y18         MUXF8 (Prop_F8MUX_BOT_SLICEM_I1_O)
                                                      0.035     2.705 f  bd_0_i/hls_inst/inst/dadd_64ns_64ns_64_4_full_dsp_1_U1/bbgemm_dadd_64ns_64ns_64_4_full_dsp_1_ip_u/inst/i_synth/ADDSUB_OP.ADDSUB/LOGIC_SPEED.OP/ALIGN_BLK/ALIGN_SHIFT/ALIGN_Z_D/MUX_LOOP[2].OTHER_LEVELS.DO_CHUNKS[0].LUT6_STRUCT_MUX.MUX2/O
                         net (fo=2, routed)           0.300     3.005    bd_0_i/hls_inst/inst/dadd_64ns_64ns_64_4_full_dsp_1_U1/bbgemm_dadd_64ns_64ns_64_4_full_dsp_1_ip_u/inst/i_synth/ADDSUB_OP.ADDSUB/LOGIC_SPEED.OP/EXP/SUB_DELAY/i_pipe/zeros
    SLICE_X71Y26         LUT2 (Prop_E6LUT_SLICEM_I1_O)
                                                      0.091     3.096 r  bd_0_i/hls_inst/inst/dadd_64ns_64ns_64_4_full_dsp_1_U1/bbgemm_dadd_64ns_64ns_64_4_full_dsp_1_ip_u/inst/i_synth/ADDSUB_OP.ADDSUB/LOGIC_SPEED.OP/EXP/SUB_DELAY/i_pipe/i_no_versal_es1_workaround.DSP_i_1/O
                         net (fo=1, routed)           0.181     3.277    bd_0_i/hls_inst/inst/dadd_64ns_64ns_64_4_full_dsp_1_U1/bbgemm_dadd_64ns_64ns_64_4_full_dsp_1_ip_u/inst/i_synth/ADDSUB_OP.ADDSUB/LOGIC_SPEED.OP/ALIGN_BLK/FRAC_ADDSUB/DSP_ADD.FRAC_ADDSUB/i_no_versal_es1_workaround.DSP48E1_ADD.DSP48E1_ADD/i_no_versal_es1_workaround.DSP/CARRYIN
    DSP48E2_X9Y4         DSP_ALU (Prop_DSP_ALU_DSP48E2_CARRYIN_ALU_OUT[47])
                                                      0.517     3.794 f  bd_0_i/hls_inst/inst/dadd_64ns_64ns_64_4_full_dsp_1_U1/bbgemm_dadd_64ns_64ns_64_4_full_dsp_1_ip_u/inst/i_synth/ADDSUB_OP.ADDSUB/LOGIC_SPEED.OP/ALIGN_BLK/FRAC_ADDSUB/DSP_ADD.FRAC_ADDSUB/i_no_versal_es1_workaround.DSP48E1_ADD.DSP48E1_ADD/i_no_versal_es1_workaround.DSP/DSP_ALU_INST/ALU_OUT[47]
                         net (fo=1, routed)           0.000     3.794    bd_0_i/hls_inst/inst/dadd_64ns_64ns_64_4_full_dsp_1_U1/bbgemm_dadd_64ns_64ns_64_4_full_dsp_1_ip_u/inst/i_synth/ADDSUB_OP.ADDSUB/LOGIC_SPEED.OP/ALIGN_BLK/FRAC_ADDSUB/DSP_ADD.FRAC_ADDSUB/i_no_versal_es1_workaround.DSP48E1_ADD.DSP48E1_ADD/i_no_versal_es1_workaround.DSP/DSP_ALU.ALU_OUT<47>
    DSP48E2_X9Y4         DSP_OUTPUT (Prop_DSP_OUTPUT_DSP48E2_ALU_OUT[47]_P[47])
                                                      0.109     3.903 r  bd_0_i/hls_inst/inst/dadd_64ns_64ns_64_4_full_dsp_1_U1/bbgemm_dadd_64ns_64ns_64_4_full_dsp_1_ip_u/inst/i_synth/ADDSUB_OP.ADDSUB/LOGIC_SPEED.OP/ALIGN_BLK/FRAC_ADDSUB/DSP_ADD.FRAC_ADDSUB/i_no_versal_es1_workaround.DSP48E1_ADD.DSP48E1_ADD/i_no_versal_es1_workaround.DSP/DSP_OUTPUT_INST/P[47]
                         net (fo=16, routed)          0.337     4.241    bd_0_i/hls_inst/inst/dadd_64ns_64ns_64_4_full_dsp_1_U1/bbgemm_dadd_64ns_64ns_64_4_full_dsp_1_ip_u/inst/i_synth/ADDSUB_OP.ADDSUB/LOGIC_SPEED.OP/ALIGN_BLK/FRAC_ADDSUB/DSP_ADD.FRAC_ADDSUB/i_no_versal_es1_workaround.LOGIC_ADD.ADD_0/P[0]
    SLICE_X69Y25         LUT5 (Prop_G6LUT_SLICEL_I3_O)
                                                      0.035     4.276 f  bd_0_i/hls_inst/inst/dadd_64ns_64ns_64_4_full_dsp_1_U1/bbgemm_dadd_64ns_64ns_64_4_full_dsp_1_ip_u/inst/i_synth/ADDSUB_OP.ADDSUB/LOGIC_SPEED.OP/ALIGN_BLK/FRAC_ADDSUB/DSP_ADD.FRAC_ADDSUB/i_no_versal_es1_workaround.LOGIC_ADD.ADD_0/CHAIN_GEN[0].C_MUX.CARRY_MUX_i_2__1/O
                         net (fo=2, routed)           0.187     4.463    bd_0_i/hls_inst/inst/dadd_64ns_64ns_64_4_full_dsp_1_U1/bbgemm_dadd_64ns_64ns_64_4_full_dsp_1_ip_u/inst/i_synth/ADDSUB_OP.ADDSUB/LOGIC_SPEED.OP/ALIGN_BLK/FRAC_ADDSUB/DSP_ADD.FRAC_ADDSUB/i_no_versal_es1_workaround.LOGIC_ADD.ADD_0/CHAIN_GEN[6].Q_XOR.SUM_XOR_0
    SLICE_X69Y26         LUT6 (Prop_A6LUT_SLICEL_I5_O)
                                                      0.090     4.553 r  bd_0_i/hls_inst/inst/dadd_64ns_64ns_64_4_full_dsp_1_U1/bbgemm_dadd_64ns_64ns_64_4_full_dsp_1_ip_u/inst/i_synth/ADDSUB_OP.ADDSUB/LOGIC_SPEED.OP/ALIGN_BLK/FRAC_ADDSUB/DSP_ADD.FRAC_ADDSUB/i_no_versal_es1_workaround.LOGIC_ADD.ADD_0/CHAIN_GEN[0].C_MUX.CARRY_MUX_i_1__3/O
                         net (fo=1, routed)           0.009     4.562    bd_0_i/hls_inst/inst/dadd_64ns_64ns_64_4_full_dsp_1_U1/bbgemm_dadd_64ns_64ns_64_4_full_dsp_1_ip_u/inst/i_synth/ADDSUB_OP.ADDSUB/LOGIC_SPEED.OP/NORM/LZE/ZERO_DET_CC_1/chunk_is_zero[0]
    SLICE_X69Y26         CARRY8 (Prop_CARRY8_SLICEL_S[0]_CO[7])
                                                      0.204     4.766 r  bd_0_i/hls_inst/inst/dadd_64ns_64ns_64_4_full_dsp_1_U1/bbgemm_dadd_64ns_64ns_64_4_full_dsp_1_ip_u/inst/i_synth/ADDSUB_OP.ADDSUB/LOGIC_SPEED.OP/NORM/LZE/ZERO_DET_CC_1/CHAIN_GEN[0].C_MUX.CARRY_MUX_CARRY4_CARRY8/CO[7]
                         net (fo=67, routed)          0.298     5.063    bd_0_i/hls_inst/inst/dadd_64ns_64ns_64_4_full_dsp_1_U1/bbgemm_dadd_64ns_64ns_64_4_full_dsp_1_ip_u/inst/i_synth/ADDSUB_OP.ADDSUB/LOGIC_SPEED.OP/NORM/LZE/ZERO_DET_CC_1/CHAIN_GEN[7].C_MUX.CARRY_MUX_0[1]
    SLICE_X68Y27         LUT2 (Prop_C5LUT_SLICEL_I0_O)
                                                      0.098     5.161 r  bd_0_i/hls_inst/inst/dadd_64ns_64ns_64_4_full_dsp_1_U1/bbgemm_dadd_64ns_64ns_64_4_full_dsp_1_ip_u/inst/i_synth/ADDSUB_OP.ADDSUB/LOGIC_SPEED.OP/NORM/LZE/ZERO_DET_CC_1/opt_has_pipe.first_q[7]_i_3/O
                         net (fo=7, routed)           0.193     5.354    bd_0_i/hls_inst/inst/dadd_64ns_64ns_64_4_full_dsp_1_U1/bbgemm_dadd_64ns_64ns_64_4_full_dsp_1_ip_u/inst/i_synth/ADDSUB_OP.ADDSUB/LOGIC_SPEED.OP/ALIGN_BLK/FRAC_ADDSUB/DSP_ADD.FRAC_ADDSUB/i_no_versal_es1_workaround.DSP48E1_ADD.DSP48E1_ADD/opt_has_pipe.first_q_reg[7]
    SLICE_X68Y28         LUT6 (Prop_H6LUT_SLICEL_I4_O)
                                                      0.124     5.478 r  bd_0_i/hls_inst/inst/dadd_64ns_64ns_64_4_full_dsp_1_U1/bbgemm_dadd_64ns_64ns_64_4_full_dsp_1_ip_u/inst/i_synth/ADDSUB_OP.ADDSUB/LOGIC_SPEED.OP/ALIGN_BLK/FRAC_ADDSUB/DSP_ADD.FRAC_ADDSUB/i_no_versal_es1_workaround.DSP48E1_ADD.DSP48E1_ADD/opt_has_pipe.first_q[2]_i_2/O
                         net (fo=1, routed)           0.087     5.565    bd_0_i/hls_inst/inst/dadd_64ns_64ns_64_4_full_dsp_1_U1/bbgemm_dadd_64ns_64ns_64_4_full_dsp_1_ip_u/inst/i_synth/ADDSUB_OP.ADDSUB/LOGIC_SPEED.OP/ALIGN_BLK/FRAC_ADDSUB/DSP_ADD.FRAC_ADDSUB/i_no_versal_es1_workaround.LOGIC_ADD.ADD_1/opt_has_pipe.first_q_reg[2]
    SLICE_X68Y29         LUT6 (Prop_B6LUT_SLICEL_I0_O)
                                                      0.036     5.601 r  bd_0_i/hls_inst/inst/dadd_64ns_64ns_64_4_full_dsp_1_U1/bbgemm_dadd_64ns_64ns_64_4_full_dsp_1_ip_u/inst/i_synth/ADDSUB_OP.ADDSUB/LOGIC_SPEED.OP/ALIGN_BLK/FRAC_ADDSUB/DSP_ADD.FRAC_ADDSUB/i_no_versal_es1_workaround.LOGIC_ADD.ADD_1/opt_has_pipe.first_q[2]_i_1/O
                         net (fo=1, routed)           0.049     5.650    bd_0_i/hls_inst/inst/dadd_64ns_64ns_64_4_full_dsp_1_U1/bbgemm_dadd_64ns_64ns_64_4_full_dsp_1_ip_u/inst/i_synth/ADDSUB_OP.ADDSUB/LOGIC_SPEED.OP/NORM/LZE/ENCODE[0].MUX_0/OP_DEL/i_pipe/opt_has_pipe.first_q_reg[2]_3
    SLICE_X68Y29         FDRE                                         r  bd_0_i/hls_inst/inst/dadd_64ns_64ns_64_4_full_dsp_1_U1/bbgemm_dadd_64ns_64ns_64_4_full_dsp_1_ip_u/inst/i_synth/ADDSUB_OP.ADDSUB/LOGIC_SPEED.OP/NORM/LZE/ENCODE[0].MUX_0/OP_DEL/i_pipe/opt_has_pipe.first_q_reg[2]/D
  -------------------------------------------------------------------    -------------------

                         (clock ap_clk rise edge)     8.000     8.000 r  
                                                      0.000     8.000 r  ap_clk (IN)
                         net (fo=1053, unset)         0.020     8.020    bd_0_i/hls_inst/inst/dadd_64ns_64ns_64_4_full_dsp_1_U1/bbgemm_dadd_64ns_64ns_64_4_full_dsp_1_ip_u/inst/i_synth/ADDSUB_OP.ADDSUB/LOGIC_SPEED.OP/NORM/LZE/ENCODE[0].MUX_0/OP_DEL/i_pipe/aclk
    SLICE_X68Y29         FDRE                                         r  bd_0_i/hls_inst/inst/dadd_64ns_64ns_64_4_full_dsp_1_U1/bbgemm_dadd_64ns_64ns_64_4_full_dsp_1_ip_u/inst/i_synth/ADDSUB_OP.ADDSUB/LOGIC_SPEED.OP/NORM/LZE/ENCODE[0].MUX_0/OP_DEL/i_pipe/opt_has_pipe.first_q_reg[2]/C
                         clock pessimism              0.000     8.020    
                         clock uncertainty           -0.035     7.985    
    SLICE_X68Y29         FDRE (Setup_BFF_SLICEL_C_D)
                                                      0.025     8.010    bd_0_i/hls_inst/inst/dadd_64ns_64ns_64_4_full_dsp_1_U1/bbgemm_dadd_64ns_64ns_64_4_full_dsp_1_ip_u/inst/i_synth/ADDSUB_OP.ADDSUB/LOGIC_SPEED.OP/NORM/LZE/ENCODE[0].MUX_0/OP_DEL/i_pipe/opt_has_pipe.first_q_reg[2]
  -------------------------------------------------------------------
                         required time                          8.010    
                         arrival time                          -5.650    
  -------------------------------------------------------------------
                         slack                                  2.359    

Slack (MET) :             2.370ns  (required time - arrival time)
  Source:                 bd_0_i/hls_inst/inst/dadd_64ns_64ns_64_4_full_dsp_1_U1/bbgemm_dadd_64ns_64ns_64_4_full_dsp_1_ip_u/inst/i_synth/ADDSUB_OP.ADDSUB/LOGIC_SPEED.OP/EXP/NUMB_CMP/FAST_CMP.CMP_TOP/C_CHAIN/CHAIN_GEN[15].CARRYS_DEL.NEED_DEL.CARRYS_FD/C
                            (rising edge-triggered cell FDRE clocked by ap_clk  {rise@0.000ns fall@4.000ns period=8.000ns})
  Destination:            bd_0_i/hls_inst/inst/dadd_64ns_64ns_64_4_full_dsp_1_U1/bbgemm_dadd_64ns_64ns_64_4_full_dsp_1_ip_u/inst/i_synth/ADDSUB_OP.ADDSUB/LOGIC_SPEED.OP/NORM/LZE/ENCODE[0].MUX_0/OP_DEL/i_pipe/opt_has_pipe.first_q_reg[0]/D
                            (rising edge-triggered cell FDRE clocked by ap_clk  {rise@0.000ns fall@4.000ns period=8.000ns})
  Path Group:             ap_clk
  Path Type:              Setup (Max at Slow Process Corner)
  Requirement:            8.000ns  (ap_clk rise@8.000ns - ap_clk rise@0.000ns)
  Data Path Delay:        5.610ns  (logic 2.331ns (41.548%)  route 3.279ns (58.452%))
  Logic Levels:           18  (CARRY8=2 DSP_ALU=1 DSP_OUTPUT=1 LUT2=2 LUT3=1 LUT4=1 LUT5=2 LUT6=6 MUXF7=1 MUXF8=1)
  Clock Path Skew:        -0.009ns (DCD - SCD + CPR)
    Destination Clock Delay (DCD):    0.020ns = ( 8.020 - 8.000 ) 
    Source Clock Delay      (SCD):    0.029ns
    Clock Pessimism Removal (CPR):    0.000ns
  Clock Uncertainty:      0.035ns  ((TSJ^2 + TIJ^2)^1/2 + DJ) / 2 + PE
    Total System Jitter     (TSJ):    0.071ns
    Total Input Jitter      (TIJ):    0.000ns
    Discrete Jitter          (DJ):    0.000ns
    Phase Error              (PE):    0.000ns

    Location             Delay type                Incr(ns)  Path(ns)    Netlist Resource(s)
  -------------------------------------------------------------------    -------------------
                         (clock ap_clk rise edge)     0.000     0.000 r  
                                                      0.000     0.000 r  ap_clk (IN)
                         net (fo=1053, unset)         0.029     0.029    bd_0_i/hls_inst/inst/dadd_64ns_64ns_64_4_full_dsp_1_U1/bbgemm_dadd_64ns_64ns_64_4_full_dsp_1_ip_u/inst/i_synth/ADDSUB_OP.ADDSUB/LOGIC_SPEED.OP/EXP/NUMB_CMP/FAST_CMP.CMP_TOP/C_CHAIN/aclk
    SLICE_X73Y27         FDRE                                         r  bd_0_i/hls_inst/inst/dadd_64ns_64ns_64_4_full_dsp_1_U1/bbgemm_dadd_64ns_64ns_64_4_full_dsp_1_ip_u/inst/i_synth/ADDSUB_OP.ADDSUB/LOGIC_SPEED.OP/EXP/NUMB_CMP/FAST_CMP.CMP_TOP/C_CHAIN/CHAIN_GEN[15].CARRYS_DEL.NEED_DEL.CARRYS_FD/C
  -------------------------------------------------------------------    -------------------
    SLICE_X73Y27         FDRE (Prop_HFF_SLICEL_C_Q)
                                                      0.079     0.108 r  bd_0_i/hls_inst/inst/dadd_64ns_64ns_64_4_full_dsp_1_U1/bbgemm_dadd_64ns_64ns_64_4_full_dsp_1_ip_u/inst/i_synth/ADDSUB_OP.ADDSUB/LOGIC_SPEED.OP/EXP/NUMB_CMP/FAST_CMP.CMP_TOP/C_CHAIN/CHAIN_GEN[15].CARRYS_DEL.NEED_DEL.CARRYS_FD/Q
                         net (fo=5, routed)           0.226     0.334    bd_0_i/hls_inst/inst/dadd_64ns_64ns_64_4_full_dsp_1_U1/bbgemm_dadd_64ns_64ns_64_4_full_dsp_1_ip_u/inst/i_synth/ADDSUB_OP.ADDSUB/LOGIC_SPEED.OP/EXP/NUMB_CMP/FAST_CMP.CMP_BOT/C_CHAIN/CHAIN_GEN[0].C_MUX.CARRY_MUX_1[0]
    SLICE_X73Y19         LUT3 (Prop_D6LUT_SLICEL_I2_O)
                                                      0.122     0.456 r  bd_0_i/hls_inst/inst/dadd_64ns_64ns_64_4_full_dsp_1_U1/bbgemm_dadd_64ns_64ns_64_4_full_dsp_1_ip_u/inst/i_synth/ADDSUB_OP.ADDSUB/LOGIC_SPEED.OP/EXP/NUMB_CMP/FAST_CMP.CMP_BOT/C_CHAIN/CHAIN_GEN[0].C_MUX.CARRY_MUX_i_2__0/O
                         net (fo=108, routed)         0.513     0.969    bd_0_i/hls_inst/inst/dadd_64ns_64ns_64_4_full_dsp_1_U1/bbgemm_dadd_64ns_64ns_64_4_full_dsp_1_ip_u/inst/i_synth/ADDSUB_OP.ADDSUB/LOGIC_SPEED.OP/A_IP_DELAY/i_pipe/b_largest
    SLICE_X76Y24         LUT6 (Prop_H6LUT_SLICEM_I4_O)
                                                      0.152     1.121 f  bd_0_i/hls_inst/inst/dadd_64ns_64ns_64_4_full_dsp_1_U1/bbgemm_dadd_64ns_64ns_64_4_full_dsp_1_ip_u/inst/i_synth/ADDSUB_OP.ADDSUB/LOGIC_SPEED.OP/A_IP_DELAY/i_pipe/CHAIN_GEN[9].C_MUX.CARRY_MUX_i_3/O
                         net (fo=6, routed)           0.348     1.469    bd_0_i/hls_inst/inst/dadd_64ns_64ns_64_4_full_dsp_1_U1/bbgemm_dadd_64ns_64ns_64_4_full_dsp_1_ip_u/inst/i_synth/ADDSUB_OP.ADDSUB/LOGIC_SPEED.OP/A_IP_DELAY/i_pipe/opt_has_pipe.first_q_reg[51]_0[27]
    SLICE_X73Y18         LUT4 (Prop_B6LUT_SLICEL_I1_O)
                                                      0.090     1.559 r  bd_0_i/hls_inst/inst/dadd_64ns_64ns_64_4_full_dsp_1_U1/bbgemm_dadd_64ns_64ns_64_4_full_dsp_1_ip_u/inst/i_synth/ADDSUB_OP.ADDSUB/LOGIC_SPEED.OP/A_IP_DELAY/i_pipe/CHAIN_GEN[9].C_MUX.CARRY_MUX_i_1/O
                         net (fo=1, routed)           0.009     1.568    bd_0_i/hls_inst/inst/dadd_64ns_64ns_64_4_full_dsp_1_U1/bbgemm_dadd_64ns_64ns_64_4_full_dsp_1_ip_u/inst/i_synth/ADDSUB_OP.ADDSUB/LOGIC_SPEED.OP/ALIGN_BLK/ALIGN_SHIFT/ALIGN_Z_D/EQ_ZERO/CARRY_ZERO_DET/A[9]
    SLICE_X73Y18         CARRY8 (Prop_CARRY8_SLICEL_S[1]_CO[4])
                                                      0.209     1.777 f  bd_0_i/hls_inst/inst/dadd_64ns_64ns_64_4_full_dsp_1_U1/bbgemm_dadd_64ns_64ns_64_4_full_dsp_1_ip_u/inst/i_synth/ADDSUB_OP.ADDSUB/LOGIC_SPEED.OP/ALIGN_BLK/ALIGN_SHIFT/ALIGN_Z_D/EQ_ZERO/CARRY_ZERO_DET/CHAIN_GEN[8].C_MUX.CARRY_MUX_CARRY4_CARRY8/CO[4]
                         net (fo=2, routed)           0.273     2.050    bd_0_i/hls_inst/inst/dadd_64ns_64ns_64_4_full_dsp_1_U1/bbgemm_dadd_64ns_64ns_64_4_full_dsp_1_ip_u/inst/i_synth/ADDSUB_OP.ADDSUB/LOGIC_SPEED.OP/A_IP_DELAY/i_pipe/MUX_LOOP[2].OTHER_LEVELS.DO_CHUNKS[0].LUT6_STRUCT_MUX.MUX1_i_6[0]
    SLICE_X72Y24         LUT6 (Prop_H6LUT_SLICEM_I4_O)
                                                      0.090     2.140 f  bd_0_i/hls_inst/inst/dadd_64ns_64ns_64_4_full_dsp_1_U1/bbgemm_dadd_64ns_64ns_64_4_full_dsp_1_ip_u/inst/i_synth/ADDSUB_OP.ADDSUB/LOGIC_SPEED.OP/A_IP_DELAY/i_pipe/MUX_LOOP[2].OTHER_LEVELS.DO_CHUNKS[0].LUT6_STRUCT_MUX.MUX1_i_9/O
                         net (fo=1, routed)           0.094     2.234    bd_0_i/hls_inst/inst/dadd_64ns_64ns_64_4_full_dsp_1_U1/bbgemm_dadd_64ns_64ns_64_4_full_dsp_1_ip_u/inst/i_synth/ADDSUB_OP.ADDSUB/LOGIC_SPEED.OP/EXP/BMA_EXP_DELAY/i_pipe/MUX_LOOP[2].OTHER_LEVELS.DO_CHUNKS[0].LUT6_STRUCT_MUX.MUX1_0
    SLICE_X72Y23         LUT5 (Prop_E6LUT_SLICEM_I2_O)
                                                      0.100     2.334 f  bd_0_i/hls_inst/inst/dadd_64ns_64ns_64_4_full_dsp_1_U1/bbgemm_dadd_64ns_64ns_64_4_full_dsp_1_ip_u/inst/i_synth/ADDSUB_OP.ADDSUB/LOGIC_SPEED.OP/EXP/BMA_EXP_DELAY/i_pipe/MUX_LOOP[2].OTHER_LEVELS.DO_CHUNKS[0].LUT6_STRUCT_MUX.MUX1_i_6/O
                         net (fo=1, routed)           0.214     2.548    bd_0_i/hls_inst/inst/dadd_64ns_64ns_64_4_full_dsp_1_U1/bbgemm_dadd_64ns_64ns_64_4_full_dsp_1_ip_u/inst/i_synth/ADDSUB_OP.ADDSUB/LOGIC_SPEED.OP/EXP/BMA_EXP_DELAY/i_pipe/MUX_LOOP[2].OTHER_LEVELS.DO_CHUNKS[0].LUT6_STRUCT_MUX.MUX1_i_6_n_0
    SLICE_X71Y18         LUT6 (Prop_A6LUT_SLICEM_I0_O)
                                                      0.053     2.601 f  bd_0_i/hls_inst/inst/dadd_64ns_64ns_64_4_full_dsp_1_U1/bbgemm_dadd_64ns_64ns_64_4_full_dsp_1_ip_u/inst/i_synth/ADDSUB_OP.ADDSUB/LOGIC_SPEED.OP/EXP/BMA_EXP_DELAY/i_pipe/MUX_LOOP[2].OTHER_LEVELS.DO_CHUNKS[0].LUT6_STRUCT_MUX.MUX1_i_2/O
                         net (fo=1, routed)           0.011     2.612    bd_0_i/hls_inst/inst/dadd_64ns_64ns_64_4_full_dsp_1_U1/bbgemm_dadd_64ns_64ns_64_4_full_dsp_1_ip_u/inst/i_synth/ADDSUB_OP.ADDSUB/LOGIC_SPEED.OP/ALIGN_BLK/ALIGN_SHIFT/ALIGN_Z_D/zero_det_unreg[1]_1[3]
    SLICE_X71Y18         MUXF7 (Prop_F7MUX_AB_SLICEM_I1_O)
                                                      0.058     2.670 f  bd_0_i/hls_inst/inst/dadd_64ns_64ns_64_4_full_dsp_1_U1/bbgemm_dadd_64ns_64ns_64_4_full_dsp_1_ip_u/inst/i_synth/ADDSUB_OP.ADDSUB/LOGIC_SPEED.OP/ALIGN_BLK/ALIGN_SHIFT/ALIGN_Z_D/MUX_LOOP[2].OTHER_LEVELS.DO_CHUNKS[0].LUT6_STRUCT_MUX.MUX1/O
                         net (fo=1, routed)           0.000     2.670    bd_0_i/hls_inst/inst/dadd_64ns_64ns_64_4_full_dsp_1_U1/bbgemm_dadd_64ns_64ns_64_4_full_dsp_1_ip_u/inst/i_synth/ADDSUB_OP.ADDSUB/LOGIC_SPEED.OP/ALIGN_BLK/ALIGN_SHIFT/ALIGN_Z_D/MUX_LOOP[2].OTHER_LEVELS.DO_CHUNKS[0].LUT6_STRUCT_MUX.mux0_1
    SLICE_X71Y18         MUXF8 (Prop_F8MUX_BOT_SLICEM_I1_O)
                                                      0.035     2.705 f  bd_0_i/hls_inst/inst/dadd_64ns_64ns_64_4_full_dsp_1_U1/bbgemm_dadd_64ns_64ns_64_4_full_dsp_1_ip_u/inst/i_synth/ADDSUB_OP.ADDSUB/LOGIC_SPEED.OP/ALIGN_BLK/ALIGN_SHIFT/ALIGN_Z_D/MUX_LOOP[2].OTHER_LEVELS.DO_CHUNKS[0].LUT6_STRUCT_MUX.MUX2/O
                         net (fo=2, routed)           0.300     3.005    bd_0_i/hls_inst/inst/dadd_64ns_64ns_64_4_full_dsp_1_U1/bbgemm_dadd_64ns_64ns_64_4_full_dsp_1_ip_u/inst/i_synth/ADDSUB_OP.ADDSUB/LOGIC_SPEED.OP/EXP/SUB_DELAY/i_pipe/zeros
    SLICE_X71Y26         LUT2 (Prop_E6LUT_SLICEM_I1_O)
                                                      0.091     3.096 r  bd_0_i/hls_inst/inst/dadd_64ns_64ns_64_4_full_dsp_1_U1/bbgemm_dadd_64ns_64ns_64_4_full_dsp_1_ip_u/inst/i_synth/ADDSUB_OP.ADDSUB/LOGIC_SPEED.OP/EXP/SUB_DELAY/i_pipe/i_no_versal_es1_workaround.DSP_i_1/O
                         net (fo=1, routed)           0.181     3.277    bd_0_i/hls_inst/inst/dadd_64ns_64ns_64_4_full_dsp_1_U1/bbgemm_dadd_64ns_64ns_64_4_full_dsp_1_ip_u/inst/i_synth/ADDSUB_OP.ADDSUB/LOGIC_SPEED.OP/ALIGN_BLK/FRAC_ADDSUB/DSP_ADD.FRAC_ADDSUB/i_no_versal_es1_workaround.DSP48E1_ADD.DSP48E1_ADD/i_no_versal_es1_workaround.DSP/CARRYIN
    DSP48E2_X9Y4         DSP_ALU (Prop_DSP_ALU_DSP48E2_CARRYIN_ALU_OUT[47])
                                                      0.517     3.794 f  bd_0_i/hls_inst/inst/dadd_64ns_64ns_64_4_full_dsp_1_U1/bbgemm_dadd_64ns_64ns_64_4_full_dsp_1_ip_u/inst/i_synth/ADDSUB_OP.ADDSUB/LOGIC_SPEED.OP/ALIGN_BLK/FRAC_ADDSUB/DSP_ADD.FRAC_ADDSUB/i_no_versal_es1_workaround.DSP48E1_ADD.DSP48E1_ADD/i_no_versal_es1_workaround.DSP/DSP_ALU_INST/ALU_OUT[47]
                         net (fo=1, routed)           0.000     3.794    bd_0_i/hls_inst/inst/dadd_64ns_64ns_64_4_full_dsp_1_U1/bbgemm_dadd_64ns_64ns_64_4_full_dsp_1_ip_u/inst/i_synth/ADDSUB_OP.ADDSUB/LOGIC_SPEED.OP/ALIGN_BLK/FRAC_ADDSUB/DSP_ADD.FRAC_ADDSUB/i_no_versal_es1_workaround.DSP48E1_ADD.DSP48E1_ADD/i_no_versal_es1_workaround.DSP/DSP_ALU.ALU_OUT<47>
    DSP48E2_X9Y4         DSP_OUTPUT (Prop_DSP_OUTPUT_DSP48E2_ALU_OUT[47]_P[47])
                                                      0.109     3.903 r  bd_0_i/hls_inst/inst/dadd_64ns_64ns_64_4_full_dsp_1_U1/bbgemm_dadd_64ns_64ns_64_4_full_dsp_1_ip_u/inst/i_synth/ADDSUB_OP.ADDSUB/LOGIC_SPEED.OP/ALIGN_BLK/FRAC_ADDSUB/DSP_ADD.FRAC_ADDSUB/i_no_versal_es1_workaround.DSP48E1_ADD.DSP48E1_ADD/i_no_versal_es1_workaround.DSP/DSP_OUTPUT_INST/P[47]
                         net (fo=16, routed)          0.337     4.241    bd_0_i/hls_inst/inst/dadd_64ns_64ns_64_4_full_dsp_1_U1/bbgemm_dadd_64ns_64ns_64_4_full_dsp_1_ip_u/inst/i_synth/ADDSUB_OP.ADDSUB/LOGIC_SPEED.OP/ALIGN_BLK/FRAC_ADDSUB/DSP_ADD.FRAC_ADDSUB/i_no_versal_es1_workaround.LOGIC_ADD.ADD_0/P[0]
    SLICE_X69Y25         LUT5 (Prop_G6LUT_SLICEL_I3_O)
                                                      0.035     4.276 f  bd_0_i/hls_inst/inst/dadd_64ns_64ns_64_4_full_dsp_1_U1/bbgemm_dadd_64ns_64ns_64_4_full_dsp_1_ip_u/inst/i_synth/ADDSUB_OP.ADDSUB/LOGIC_SPEED.OP/ALIGN_BLK/FRAC_ADDSUB/DSP_ADD.FRAC_ADDSUB/i_no_versal_es1_workaround.LOGIC_ADD.ADD_0/CHAIN_GEN[0].C_MUX.CARRY_MUX_i_2__1/O
                         net (fo=2, routed)           0.187     4.463    bd_0_i/hls_inst/inst/dadd_64ns_64ns_64_4_full_dsp_1_U1/bbgemm_dadd_64ns_64ns_64_4_full_dsp_1_ip_u/inst/i_synth/ADDSUB_OP.ADDSUB/LOGIC_SPEED.OP/ALIGN_BLK/FRAC_ADDSUB/DSP_ADD.FRAC_ADDSUB/i_no_versal_es1_workaround.LOGIC_ADD.ADD_0/CHAIN_GEN[6].Q_XOR.SUM_XOR_0
    SLICE_X69Y26         LUT6 (Prop_A6LUT_SLICEL_I5_O)
                                                      0.090     4.553 r  bd_0_i/hls_inst/inst/dadd_64ns_64ns_64_4_full_dsp_1_U1/bbgemm_dadd_64ns_64ns_64_4_full_dsp_1_ip_u/inst/i_synth/ADDSUB_OP.ADDSUB/LOGIC_SPEED.OP/ALIGN_BLK/FRAC_ADDSUB/DSP_ADD.FRAC_ADDSUB/i_no_versal_es1_workaround.LOGIC_ADD.ADD_0/CHAIN_GEN[0].C_MUX.CARRY_MUX_i_1__3/O
                         net (fo=1, routed)           0.009     4.562    bd_0_i/hls_inst/inst/dadd_64ns_64ns_64_4_full_dsp_1_U1/bbgemm_dadd_64ns_64ns_64_4_full_dsp_1_ip_u/inst/i_synth/ADDSUB_OP.ADDSUB/LOGIC_SPEED.OP/NORM/LZE/ZERO_DET_CC_1/chunk_is_zero[0]
    SLICE_X69Y26         CARRY8 (Prop_CARRY8_SLICEL_S[0]_CO[7])
                                                      0.204     4.766 r  bd_0_i/hls_inst/inst/dadd_64ns_64ns_64_4_full_dsp_1_U1/bbgemm_dadd_64ns_64ns_64_4_full_dsp_1_ip_u/inst/i_synth/ADDSUB_OP.ADDSUB/LOGIC_SPEED.OP/NORM/LZE/ZERO_DET_CC_1/CHAIN_GEN[0].C_MUX.CARRY_MUX_CARRY4_CARRY8/CO[7]
                         net (fo=67, routed)          0.298     5.063    bd_0_i/hls_inst/inst/dadd_64ns_64ns_64_4_full_dsp_1_U1/bbgemm_dadd_64ns_64ns_64_4_full_dsp_1_ip_u/inst/i_synth/ADDSUB_OP.ADDSUB/LOGIC_SPEED.OP/NORM/LZE/ZERO_DET_CC_1/CHAIN_GEN[7].C_MUX.CARRY_MUX_0[1]
    SLICE_X68Y27         LUT2 (Prop_C5LUT_SLICEL_I0_O)
                                                      0.098     5.161 r  bd_0_i/hls_inst/inst/dadd_64ns_64ns_64_4_full_dsp_1_U1/bbgemm_dadd_64ns_64ns_64_4_full_dsp_1_ip_u/inst/i_synth/ADDSUB_OP.ADDSUB/LOGIC_SPEED.OP/NORM/LZE/ZERO_DET_CC_1/opt_has_pipe.first_q[7]_i_3/O
                         net (fo=7, routed)           0.141     5.302    bd_0_i/hls_inst/inst/dadd_64ns_64ns_64_4_full_dsp_1_U1/bbgemm_dadd_64ns_64ns_64_4_full_dsp_1_ip_u/inst/i_synth/ADDSUB_OP.ADDSUB/LOGIC_SPEED.OP/ALIGN_BLK/FRAC_ADDSUB/DSP_ADD.FRAC_ADDSUB/i_no_versal_es1_workaround.DSP48E1_ADD.DSP48E1_ADD/opt_has_pipe.first_q_reg[7]
    SLICE_X68Y27         LUT6 (Prop_G6LUT_SLICEL_I4_O)
                                                      0.149     5.451 r  bd_0_i/hls_inst/inst/dadd_64ns_64ns_64_4_full_dsp_1_U1/bbgemm_dadd_64ns_64ns_64_4_full_dsp_1_ip_u/inst/i_synth/ADDSUB_OP.ADDSUB/LOGIC_SPEED.OP/ALIGN_BLK/FRAC_ADDSUB/DSP_ADD.FRAC_ADDSUB/i_no_versal_es1_workaround.DSP48E1_ADD.DSP48E1_ADD/opt_has_pipe.first_q[0]_i_2__1/O
                         net (fo=1, routed)           0.089     5.540    bd_0_i/hls_inst/inst/dadd_64ns_64ns_64_4_full_dsp_1_U1/bbgemm_dadd_64ns_64ns_64_4_full_dsp_1_ip_u/inst/i_synth/ADDSUB_OP.ADDSUB/LOGIC_SPEED.OP/ALIGN_BLK/FRAC_ADDSUB/DSP_ADD.FRAC_ADDSUB/i_no_versal_es1_workaround.LOGIC_ADD.ADD_1/opt_has_pipe.first_q_reg[0]
    SLICE_X68Y27         LUT6 (Prop_D6LUT_SLICEL_I0_O)
                                                      0.050     5.590 r  bd_0_i/hls_inst/inst/dadd_64ns_64ns_64_4_full_dsp_1_U1/bbgemm_dadd_64ns_64ns_64_4_full_dsp_1_ip_u/inst/i_synth/ADDSUB_OP.ADDSUB/LOGIC_SPEED.OP/ALIGN_BLK/FRAC_ADDSUB/DSP_ADD.FRAC_ADDSUB/i_no_versal_es1_workaround.LOGIC_ADD.ADD_1/opt_has_pipe.first_q[0]_i_1__2/O
                         net (fo=1, routed)           0.049     5.639    bd_0_i/hls_inst/inst/dadd_64ns_64ns_64_4_full_dsp_1_U1/bbgemm_dadd_64ns_64ns_64_4_full_dsp_1_ip_u/inst/i_synth/ADDSUB_OP.ADDSUB/LOGIC_SPEED.OP/NORM/LZE/ENCODE[0].MUX_0/OP_DEL/i_pipe/opt_has_pipe.first_q_reg[0]_0
    SLICE_X68Y27         FDRE                                         r  bd_0_i/hls_inst/inst/dadd_64ns_64ns_64_4_full_dsp_1_U1/bbgemm_dadd_64ns_64ns_64_4_full_dsp_1_ip_u/inst/i_synth/ADDSUB_OP.ADDSUB/LOGIC_SPEED.OP/NORM/LZE/ENCODE[0].MUX_0/OP_DEL/i_pipe/opt_has_pipe.first_q_reg[0]/D
  -------------------------------------------------------------------    -------------------

                         (clock ap_clk rise edge)     8.000     8.000 r  
                                                      0.000     8.000 r  ap_clk (IN)
                         net (fo=1053, unset)         0.020     8.020    bd_0_i/hls_inst/inst/dadd_64ns_64ns_64_4_full_dsp_1_U1/bbgemm_dadd_64ns_64ns_64_4_full_dsp_1_ip_u/inst/i_synth/ADDSUB_OP.ADDSUB/LOGIC_SPEED.OP/NORM/LZE/ENCODE[0].MUX_0/OP_DEL/i_pipe/aclk
    SLICE_X68Y27         FDRE                                         r  bd_0_i/hls_inst/inst/dadd_64ns_64ns_64_4_full_dsp_1_U1/bbgemm_dadd_64ns_64ns_64_4_full_dsp_1_ip_u/inst/i_synth/ADDSUB_OP.ADDSUB/LOGIC_SPEED.OP/NORM/LZE/ENCODE[0].MUX_0/OP_DEL/i_pipe/opt_has_pipe.first_q_reg[0]/C
                         clock pessimism              0.000     8.020    
                         clock uncertainty           -0.035     7.985    
    SLICE_X68Y27         FDRE (Setup_DFF_SLICEL_C_D)
                                                      0.025     8.010    bd_0_i/hls_inst/inst/dadd_64ns_64ns_64_4_full_dsp_1_U1/bbgemm_dadd_64ns_64ns_64_4_full_dsp_1_ip_u/inst/i_synth/ADDSUB_OP.ADDSUB/LOGIC_SPEED.OP/NORM/LZE/ENCODE[0].MUX_0/OP_DEL/i_pipe/opt_has_pipe.first_q_reg[0]
  -------------------------------------------------------------------
                         required time                          8.010    
                         arrival time                          -5.639    
  -------------------------------------------------------------------
                         slack                                  2.370    

Slack (MET) :             2.407ns  (required time - arrival time)
  Source:                 bd_0_i/hls_inst/inst/dadd_64ns_64ns_64_4_full_dsp_1_U1/bbgemm_dadd_64ns_64ns_64_4_full_dsp_1_ip_u/inst/i_synth/ADDSUB_OP.ADDSUB/LOGIC_SPEED.OP/EXP/NUMB_CMP/FAST_CMP.CMP_TOP/C_CHAIN/CHAIN_GEN[15].CARRYS_DEL.NEED_DEL.CARRYS_FD/C
                            (rising edge-triggered cell FDRE clocked by ap_clk  {rise@0.000ns fall@4.000ns period=8.000ns})
  Destination:            bd_0_i/hls_inst/inst/dadd_64ns_64ns_64_4_full_dsp_1_U1/bbgemm_dadd_64ns_64ns_64_4_full_dsp_1_ip_u/inst/i_synth/ADDSUB_OP.ADDSUB/LOGIC_SPEED.OP/NORM/LZE/ENCODE[0].MUX_0/OP_DEL/i_pipe/opt_has_pipe.first_q_reg[6]/D
                            (rising edge-triggered cell FDRE clocked by ap_clk  {rise@0.000ns fall@4.000ns period=8.000ns})
  Path Group:             ap_clk
  Path Type:              Setup (Max at Slow Process Corner)
  Requirement:            8.000ns  (ap_clk rise@8.000ns - ap_clk rise@0.000ns)
  Data Path Delay:        5.574ns  (logic 2.362ns (42.378%)  route 3.212ns (57.622%))
  Logic Levels:           18  (CARRY8=2 DSP_ALU=1 DSP_OUTPUT=1 LUT2=2 LUT3=1 LUT4=1 LUT5=2 LUT6=6 MUXF7=1 MUXF8=1)
  Clock Path Skew:        -0.009ns (DCD - SCD + CPR)
    Destination Clock Delay (DCD):    0.020ns = ( 8.020 - 8.000 ) 
    Source Clock Delay      (SCD):    0.029ns
    Clock Pessimism Removal (CPR):    0.000ns
  Clock Uncertainty:      0.035ns  ((TSJ^2 + TIJ^2)^1/2 + DJ) / 2 + PE
    Total System Jitter     (TSJ):    0.071ns
    Total Input Jitter      (TIJ):    0.000ns
    Discrete Jitter          (DJ):    0.000ns
    Phase Error              (PE):    0.000ns

    Location             Delay type                Incr(ns)  Path(ns)    Netlist Resource(s)
  -------------------------------------------------------------------    -------------------
                         (clock ap_clk rise edge)     0.000     0.000 r  
                                                      0.000     0.000 r  ap_clk (IN)
                         net (fo=1053, unset)         0.029     0.029    bd_0_i/hls_inst/inst/dadd_64ns_64ns_64_4_full_dsp_1_U1/bbgemm_dadd_64ns_64ns_64_4_full_dsp_1_ip_u/inst/i_synth/ADDSUB_OP.ADDSUB/LOGIC_SPEED.OP/EXP/NUMB_CMP/FAST_CMP.CMP_TOP/C_CHAIN/aclk
    SLICE_X73Y27         FDRE                                         r  bd_0_i/hls_inst/inst/dadd_64ns_64ns_64_4_full_dsp_1_U1/bbgemm_dadd_64ns_64ns_64_4_full_dsp_1_ip_u/inst/i_synth/ADDSUB_OP.ADDSUB/LOGIC_SPEED.OP/EXP/NUMB_CMP/FAST_CMP.CMP_TOP/C_CHAIN/CHAIN_GEN[15].CARRYS_DEL.NEED_DEL.CARRYS_FD/C
  -------------------------------------------------------------------    -------------------
    SLICE_X73Y27         FDRE (Prop_HFF_SLICEL_C_Q)
                                                      0.079     0.108 r  bd_0_i/hls_inst/inst/dadd_64ns_64ns_64_4_full_dsp_1_U1/bbgemm_dadd_64ns_64ns_64_4_full_dsp_1_ip_u/inst/i_synth/ADDSUB_OP.ADDSUB/LOGIC_SPEED.OP/EXP/NUMB_CMP/FAST_CMP.CMP_TOP/C_CHAIN/CHAIN_GEN[15].CARRYS_DEL.NEED_DEL.CARRYS_FD/Q
                         net (fo=5, routed)           0.226     0.334    bd_0_i/hls_inst/inst/dadd_64ns_64ns_64_4_full_dsp_1_U1/bbgemm_dadd_64ns_64ns_64_4_full_dsp_1_ip_u/inst/i_synth/ADDSUB_OP.ADDSUB/LOGIC_SPEED.OP/EXP/NUMB_CMP/FAST_CMP.CMP_BOT/C_CHAIN/CHAIN_GEN[0].C_MUX.CARRY_MUX_1[0]
    SLICE_X73Y19         LUT3 (Prop_D6LUT_SLICEL_I2_O)
                                                      0.122     0.456 r  bd_0_i/hls_inst/inst/dadd_64ns_64ns_64_4_full_dsp_1_U1/bbgemm_dadd_64ns_64ns_64_4_full_dsp_1_ip_u/inst/i_synth/ADDSUB_OP.ADDSUB/LOGIC_SPEED.OP/EXP/NUMB_CMP/FAST_CMP.CMP_BOT/C_CHAIN/CHAIN_GEN[0].C_MUX.CARRY_MUX_i_2__0/O
                         net (fo=108, routed)         0.513     0.969    bd_0_i/hls_inst/inst/dadd_64ns_64ns_64_4_full_dsp_1_U1/bbgemm_dadd_64ns_64ns_64_4_full_dsp_1_ip_u/inst/i_synth/ADDSUB_OP.ADDSUB/LOGIC_SPEED.OP/A_IP_DELAY/i_pipe/b_largest
    SLICE_X76Y24         LUT6 (Prop_H6LUT_SLICEM_I4_O)
                                                      0.152     1.121 f  bd_0_i/hls_inst/inst/dadd_64ns_64ns_64_4_full_dsp_1_U1/bbgemm_dadd_64ns_64ns_64_4_full_dsp_1_ip_u/inst/i_synth/ADDSUB_OP.ADDSUB/LOGIC_SPEED.OP/A_IP_DELAY/i_pipe/CHAIN_GEN[9].C_MUX.CARRY_MUX_i_3/O
                         net (fo=6, routed)           0.348     1.469    bd_0_i/hls_inst/inst/dadd_64ns_64ns_64_4_full_dsp_1_U1/bbgemm_dadd_64ns_64ns_64_4_full_dsp_1_ip_u/inst/i_synth/ADDSUB_OP.ADDSUB/LOGIC_SPEED.OP/A_IP_DELAY/i_pipe/opt_has_pipe.first_q_reg[51]_0[27]
    SLICE_X73Y18         LUT4 (Prop_B6LUT_SLICEL_I1_O)
                                                      0.090     1.559 r  bd_0_i/hls_inst/inst/dadd_64ns_64ns_64_4_full_dsp_1_U1/bbgemm_dadd_64ns_64ns_64_4_full_dsp_1_ip_u/inst/i_synth/ADDSUB_OP.ADDSUB/LOGIC_SPEED.OP/A_IP_DELAY/i_pipe/CHAIN_GEN[9].C_MUX.CARRY_MUX_i_1/O
                         net (fo=1, routed)           0.009     1.568    bd_0_i/hls_inst/inst/dadd_64ns_64ns_64_4_full_dsp_1_U1/bbgemm_dadd_64ns_64ns_64_4_full_dsp_1_ip_u/inst/i_synth/ADDSUB_OP.ADDSUB/LOGIC_SPEED.OP/ALIGN_BLK/ALIGN_SHIFT/ALIGN_Z_D/EQ_ZERO/CARRY_ZERO_DET/A[9]
    SLICE_X73Y18         CARRY8 (Prop_CARRY8_SLICEL_S[1]_CO[4])
                                                      0.209     1.777 f  bd_0_i/hls_inst/inst/dadd_64ns_64ns_64_4_full_dsp_1_U1/bbgemm_dadd_64ns_64ns_64_4_full_dsp_1_ip_u/inst/i_synth/ADDSUB_OP.ADDSUB/LOGIC_SPEED.OP/ALIGN_BLK/ALIGN_SHIFT/ALIGN_Z_D/EQ_ZERO/CARRY_ZERO_DET/CHAIN_GEN[8].C_MUX.CARRY_MUX_CARRY4_CARRY8/CO[4]
                         net (fo=2, routed)           0.273     2.050    bd_0_i/hls_inst/inst/dadd_64ns_64ns_64_4_full_dsp_1_U1/bbgemm_dadd_64ns_64ns_64_4_full_dsp_1_ip_u/inst/i_synth/ADDSUB_OP.ADDSUB/LOGIC_SPEED.OP/A_IP_DELAY/i_pipe/MUX_LOOP[2].OTHER_LEVELS.DO_CHUNKS[0].LUT6_STRUCT_MUX.MUX1_i_6[0]
    SLICE_X72Y24         LUT6 (Prop_H6LUT_SLICEM_I4_O)
                                                      0.090     2.140 f  bd_0_i/hls_inst/inst/dadd_64ns_64ns_64_4_full_dsp_1_U1/bbgemm_dadd_64ns_64ns_64_4_full_dsp_1_ip_u/inst/i_synth/ADDSUB_OP.ADDSUB/LOGIC_SPEED.OP/A_IP_DELAY/i_pipe/MUX_LOOP[2].OTHER_LEVELS.DO_CHUNKS[0].LUT6_STRUCT_MUX.MUX1_i_9/O
                         net (fo=1, routed)           0.094     2.234    bd_0_i/hls_inst/inst/dadd_64ns_64ns_64_4_full_dsp_1_U1/bbgemm_dadd_64ns_64ns_64_4_full_dsp_1_ip_u/inst/i_synth/ADDSUB_OP.ADDSUB/LOGIC_SPEED.OP/EXP/BMA_EXP_DELAY/i_pipe/MUX_LOOP[2].OTHER_LEVELS.DO_CHUNKS[0].LUT6_STRUCT_MUX.MUX1_0
    SLICE_X72Y23         LUT5 (Prop_E6LUT_SLICEM_I2_O)
                                                      0.100     2.334 f  bd_0_i/hls_inst/inst/dadd_64ns_64ns_64_4_full_dsp_1_U1/bbgemm_dadd_64ns_64ns_64_4_full_dsp_1_ip_u/inst/i_synth/ADDSUB_OP.ADDSUB/LOGIC_SPEED.OP/EXP/BMA_EXP_DELAY/i_pipe/MUX_LOOP[2].OTHER_LEVELS.DO_CHUNKS[0].LUT6_STRUCT_MUX.MUX1_i_6/O
                         net (fo=1, routed)           0.214     2.548    bd_0_i/hls_inst/inst/dadd_64ns_64ns_64_4_full_dsp_1_U1/bbgemm_dadd_64ns_64ns_64_4_full_dsp_1_ip_u/inst/i_synth/ADDSUB_OP.ADDSUB/LOGIC_SPEED.OP/EXP/BMA_EXP_DELAY/i_pipe/MUX_LOOP[2].OTHER_LEVELS.DO_CHUNKS[0].LUT6_STRUCT_MUX.MUX1_i_6_n_0
    SLICE_X71Y18         LUT6 (Prop_A6LUT_SLICEM_I0_O)
                                                      0.053     2.601 f  bd_0_i/hls_inst/inst/dadd_64ns_64ns_64_4_full_dsp_1_U1/bbgemm_dadd_64ns_64ns_64_4_full_dsp_1_ip_u/inst/i_synth/ADDSUB_OP.ADDSUB/LOGIC_SPEED.OP/EXP/BMA_EXP_DELAY/i_pipe/MUX_LOOP[2].OTHER_LEVELS.DO_CHUNKS[0].LUT6_STRUCT_MUX.MUX1_i_2/O
                         net (fo=1, routed)           0.011     2.612    bd_0_i/hls_inst/inst/dadd_64ns_64ns_64_4_full_dsp_1_U1/bbgemm_dadd_64ns_64ns_64_4_full_dsp_1_ip_u/inst/i_synth/ADDSUB_OP.ADDSUB/LOGIC_SPEED.OP/ALIGN_BLK/ALIGN_SHIFT/ALIGN_Z_D/zero_det_unreg[1]_1[3]
    SLICE_X71Y18         MUXF7 (Prop_F7MUX_AB_SLICEM_I1_O)
                                                      0.058     2.670 f  bd_0_i/hls_inst/inst/dadd_64ns_64ns_64_4_full_dsp_1_U1/bbgemm_dadd_64ns_64ns_64_4_full_dsp_1_ip_u/inst/i_synth/ADDSUB_OP.ADDSUB/LOGIC_SPEED.OP/ALIGN_BLK/ALIGN_SHIFT/ALIGN_Z_D/MUX_LOOP[2].OTHER_LEVELS.DO_CHUNKS[0].LUT6_STRUCT_MUX.MUX1/O
                         net (fo=1, routed)           0.000     2.670    bd_0_i/hls_inst/inst/dadd_64ns_64ns_64_4_full_dsp_1_U1/bbgemm_dadd_64ns_64ns_64_4_full_dsp_1_ip_u/inst/i_synth/ADDSUB_OP.ADDSUB/LOGIC_SPEED.OP/ALIGN_BLK/ALIGN_SHIFT/ALIGN_Z_D/MUX_LOOP[2].OTHER_LEVELS.DO_CHUNKS[0].LUT6_STRUCT_MUX.mux0_1
    SLICE_X71Y18         MUXF8 (Prop_F8MUX_BOT_SLICEM_I1_O)
                                                      0.035     2.705 f  bd_0_i/hls_inst/inst/dadd_64ns_64ns_64_4_full_dsp_1_U1/bbgemm_dadd_64ns_64ns_64_4_full_dsp_1_ip_u/inst/i_synth/ADDSUB_OP.ADDSUB/LOGIC_SPEED.OP/ALIGN_BLK/ALIGN_SHIFT/ALIGN_Z_D/MUX_LOOP[2].OTHER_LEVELS.DO_CHUNKS[0].LUT6_STRUCT_MUX.MUX2/O
                         net (fo=2, routed)           0.300     3.005    bd_0_i/hls_inst/inst/dadd_64ns_64ns_64_4_full_dsp_1_U1/bbgemm_dadd_64ns_64ns_64_4_full_dsp_1_ip_u/inst/i_synth/ADDSUB_OP.ADDSUB/LOGIC_SPEED.OP/EXP/SUB_DELAY/i_pipe/zeros
    SLICE_X71Y26         LUT2 (Prop_E6LUT_SLICEM_I1_O)
                                                      0.091     3.096 r  bd_0_i/hls_inst/inst/dadd_64ns_64ns_64_4_full_dsp_1_U1/bbgemm_dadd_64ns_64ns_64_4_full_dsp_1_ip_u/inst/i_synth/ADDSUB_OP.ADDSUB/LOGIC_SPEED.OP/EXP/SUB_DELAY/i_pipe/i_no_versal_es1_workaround.DSP_i_1/O
                         net (fo=1, routed)           0.181     3.277    bd_0_i/hls_inst/inst/dadd_64ns_64ns_64_4_full_dsp_1_U1/bbgemm_dadd_64ns_64ns_64_4_full_dsp_1_ip_u/inst/i_synth/ADDSUB_OP.ADDSUB/LOGIC_SPEED.OP/ALIGN_BLK/FRAC_ADDSUB/DSP_ADD.FRAC_ADDSUB/i_no_versal_es1_workaround.DSP48E1_ADD.DSP48E1_ADD/i_no_versal_es1_workaround.DSP/CARRYIN
    DSP48E2_X9Y4         DSP_ALU (Prop_DSP_ALU_DSP48E2_CARRYIN_ALU_OUT[47])
                                                      0.517     3.794 f  bd_0_i/hls_inst/inst/dadd_64ns_64ns_64_4_full_dsp_1_U1/bbgemm_dadd_64ns_64ns_64_4_full_dsp_1_ip_u/inst/i_synth/ADDSUB_OP.ADDSUB/LOGIC_SPEED.OP/ALIGN_BLK/FRAC_ADDSUB/DSP_ADD.FRAC_ADDSUB/i_no_versal_es1_workaround.DSP48E1_ADD.DSP48E1_ADD/i_no_versal_es1_workaround.DSP/DSP_ALU_INST/ALU_OUT[47]
                         net (fo=1, routed)           0.000     3.794    bd_0_i/hls_inst/inst/dadd_64ns_64ns_64_4_full_dsp_1_U1/bbgemm_dadd_64ns_64ns_64_4_full_dsp_1_ip_u/inst/i_synth/ADDSUB_OP.ADDSUB/LOGIC_SPEED.OP/ALIGN_BLK/FRAC_ADDSUB/DSP_ADD.FRAC_ADDSUB/i_no_versal_es1_workaround.DSP48E1_ADD.DSP48E1_ADD/i_no_versal_es1_workaround.DSP/DSP_ALU.ALU_OUT<47>
    DSP48E2_X9Y4         DSP_OUTPUT (Prop_DSP_OUTPUT_DSP48E2_ALU_OUT[47]_P[47])
                                                      0.109     3.903 r  bd_0_i/hls_inst/inst/dadd_64ns_64ns_64_4_full_dsp_1_U1/bbgemm_dadd_64ns_64ns_64_4_full_dsp_1_ip_u/inst/i_synth/ADDSUB_OP.ADDSUB/LOGIC_SPEED.OP/ALIGN_BLK/FRAC_ADDSUB/DSP_ADD.FRAC_ADDSUB/i_no_versal_es1_workaround.DSP48E1_ADD.DSP48E1_ADD/i_no_versal_es1_workaround.DSP/DSP_OUTPUT_INST/P[47]
                         net (fo=16, routed)          0.337     4.241    bd_0_i/hls_inst/inst/dadd_64ns_64ns_64_4_full_dsp_1_U1/bbgemm_dadd_64ns_64ns_64_4_full_dsp_1_ip_u/inst/i_synth/ADDSUB_OP.ADDSUB/LOGIC_SPEED.OP/ALIGN_BLK/FRAC_ADDSUB/DSP_ADD.FRAC_ADDSUB/i_no_versal_es1_workaround.LOGIC_ADD.ADD_0/P[0]
    SLICE_X69Y25         LUT5 (Prop_G6LUT_SLICEL_I3_O)
                                                      0.035     4.276 f  bd_0_i/hls_inst/inst/dadd_64ns_64ns_64_4_full_dsp_1_U1/bbgemm_dadd_64ns_64ns_64_4_full_dsp_1_ip_u/inst/i_synth/ADDSUB_OP.ADDSUB/LOGIC_SPEED.OP/ALIGN_BLK/FRAC_ADDSUB/DSP_ADD.FRAC_ADDSUB/i_no_versal_es1_workaround.LOGIC_ADD.ADD_0/CHAIN_GEN[0].C_MUX.CARRY_MUX_i_2__1/O
                         net (fo=2, routed)           0.187     4.463    bd_0_i/hls_inst/inst/dadd_64ns_64ns_64_4_full_dsp_1_U1/bbgemm_dadd_64ns_64ns_64_4_full_dsp_1_ip_u/inst/i_synth/ADDSUB_OP.ADDSUB/LOGIC_SPEED.OP/ALIGN_BLK/FRAC_ADDSUB/DSP_ADD.FRAC_ADDSUB/i_no_versal_es1_workaround.LOGIC_ADD.ADD_0/CHAIN_GEN[6].Q_XOR.SUM_XOR_0
    SLICE_X69Y26         LUT6 (Prop_A6LUT_SLICEL_I5_O)
                                                      0.090     4.553 r  bd_0_i/hls_inst/inst/dadd_64ns_64ns_64_4_full_dsp_1_U1/bbgemm_dadd_64ns_64ns_64_4_full_dsp_1_ip_u/inst/i_synth/ADDSUB_OP.ADDSUB/LOGIC_SPEED.OP/ALIGN_BLK/FRAC_ADDSUB/DSP_ADD.FRAC_ADDSUB/i_no_versal_es1_workaround.LOGIC_ADD.ADD_0/CHAIN_GEN[0].C_MUX.CARRY_MUX_i_1__3/O
                         net (fo=1, routed)           0.009     4.562    bd_0_i/hls_inst/inst/dadd_64ns_64ns_64_4_full_dsp_1_U1/bbgemm_dadd_64ns_64ns_64_4_full_dsp_1_ip_u/inst/i_synth/ADDSUB_OP.ADDSUB/LOGIC_SPEED.OP/NORM/LZE/ZERO_DET_CC_1/chunk_is_zero[0]
    SLICE_X69Y26         CARRY8 (Prop_CARRY8_SLICEL_S[0]_CO[7])
                                                      0.204     4.766 f  bd_0_i/hls_inst/inst/dadd_64ns_64ns_64_4_full_dsp_1_U1/bbgemm_dadd_64ns_64ns_64_4_full_dsp_1_ip_u/inst/i_synth/ADDSUB_OP.ADDSUB/LOGIC_SPEED.OP/NORM/LZE/ZERO_DET_CC_1/CHAIN_GEN[0].C_MUX.CARRY_MUX_CARRY4_CARRY8/CO[7]
                         net (fo=67, routed)          0.203     4.968    bd_0_i/hls_inst/inst/dadd_64ns_64ns_64_4_full_dsp_1_U1/bbgemm_dadd_64ns_64ns_64_4_full_dsp_1_ip_u/inst/i_synth/ADDSUB_OP.ADDSUB/LOGIC_SPEED.OP/NORM/LZE/ZERO_DET_CC_1/CHAIN_GEN[7].C_MUX.CARRY_MUX_0[1]
    SLICE_X69Y28         LUT2 (Prop_A6LUT_SLICEL_I1_O)
                                                      0.090     5.058 r  bd_0_i/hls_inst/inst/dadd_64ns_64ns_64_4_full_dsp_1_U1/bbgemm_dadd_64ns_64ns_64_4_full_dsp_1_ip_u/inst/i_synth/ADDSUB_OP.ADDSUB/LOGIC_SPEED.OP/NORM/LZE/ZERO_DET_CC_1/opt_has_pipe.first_q[7]_i_4/O
                         net (fo=4, routed)           0.201     5.260    bd_0_i/hls_inst/inst/dadd_64ns_64ns_64_4_full_dsp_1_U1/bbgemm_dadd_64ns_64ns_64_4_full_dsp_1_ip_u/inst/i_synth/ADDSUB_OP.ADDSUB/LOGIC_SPEED.OP/ALIGN_BLK/FRAC_ADDSUB/DSP_ADD.FRAC_ADDSUB/i_no_versal_es1_workaround.DSP48E1_ADD.DSP48E1_ADD/opt_has_pipe.first_q_reg[7]_0
    SLICE_X70Y29         LUT6 (Prop_H6LUT_SLICEL_I3_O)
                                                      0.090     5.350 r  bd_0_i/hls_inst/inst/dadd_64ns_64ns_64_4_full_dsp_1_U1/bbgemm_dadd_64ns_64ns_64_4_full_dsp_1_ip_u/inst/i_synth/ADDSUB_OP.ADDSUB/LOGIC_SPEED.OP/ALIGN_BLK/FRAC_ADDSUB/DSP_ADD.FRAC_ADDSUB/i_no_versal_es1_workaround.DSP48E1_ADD.DSP48E1_ADD/opt_has_pipe.first_q[6]_i_2/O
                         net (fo=1, routed)           0.056     5.406    bd_0_i/hls_inst/inst/dadd_64ns_64ns_64_4_full_dsp_1_U1/bbgemm_dadd_64ns_64ns_64_4_full_dsp_1_ip_u/inst/i_synth/ADDSUB_OP.ADDSUB/LOGIC_SPEED.OP/ALIGN_BLK/FRAC_ADDSUB/DSP_ADD.FRAC_ADDSUB/i_no_versal_es1_workaround.DSP48E1_ADD.DSP48E1_ADD/opt_has_pipe.first_q[6]_i_2_n_0
    SLICE_X70Y29         LUT6 (Prop_B6LUT_SLICEL_I0_O)
                                                      0.148     5.554 r  bd_0_i/hls_inst/inst/dadd_64ns_64ns_64_4_full_dsp_1_U1/bbgemm_dadd_64ns_64ns_64_4_full_dsp_1_ip_u/inst/i_synth/ADDSUB_OP.ADDSUB/LOGIC_SPEED.OP/ALIGN_BLK/FRAC_ADDSUB/DSP_ADD.FRAC_ADDSUB/i_no_versal_es1_workaround.DSP48E1_ADD.DSP48E1_ADD/opt_has_pipe.first_q[6]_i_1/O
                         net (fo=1, routed)           0.049     5.603    bd_0_i/hls_inst/inst/dadd_64ns_64ns_64_4_full_dsp_1_U1/bbgemm_dadd_64ns_64ns_64_4_full_dsp_1_ip_u/inst/i_synth/ADDSUB_OP.ADDSUB/LOGIC_SPEED.OP/NORM/LZE/ENCODE[0].MUX_0/OP_DEL/i_pipe/opt_has_pipe.first_q_reg[6]_1
    SLICE_X70Y29         FDRE                                         r  bd_0_i/hls_inst/inst/dadd_64ns_64ns_64_4_full_dsp_1_U1/bbgemm_dadd_64ns_64ns_64_4_full_dsp_1_ip_u/inst/i_synth/ADDSUB_OP.ADDSUB/LOGIC_SPEED.OP/NORM/LZE/ENCODE[0].MUX_0/OP_DEL/i_pipe/opt_has_pipe.first_q_reg[6]/D
  -------------------------------------------------------------------    -------------------

                         (clock ap_clk rise edge)     8.000     8.000 r  
                                                      0.000     8.000 r  ap_clk (IN)
                         net (fo=1053, unset)         0.020     8.020    bd_0_i/hls_inst/inst/dadd_64ns_64ns_64_4_full_dsp_1_U1/bbgemm_dadd_64ns_64ns_64_4_full_dsp_1_ip_u/inst/i_synth/ADDSUB_OP.ADDSUB/LOGIC_SPEED.OP/NORM/LZE/ENCODE[0].MUX_0/OP_DEL/i_pipe/aclk
    SLICE_X70Y29         FDRE                                         r  bd_0_i/hls_inst/inst/dadd_64ns_64ns_64_4_full_dsp_1_U1/bbgemm_dadd_64ns_64ns_64_4_full_dsp_1_ip_u/inst/i_synth/ADDSUB_OP.ADDSUB/LOGIC_SPEED.OP/NORM/LZE/ENCODE[0].MUX_0/OP_DEL/i_pipe/opt_has_pipe.first_q_reg[6]/C
                         clock pessimism              0.000     8.020    
                         clock uncertainty           -0.035     7.985    
    SLICE_X70Y29         FDRE (Setup_BFF_SLICEL_C_D)
                                                      0.025     8.010    bd_0_i/hls_inst/inst/dadd_64ns_64ns_64_4_full_dsp_1_U1/bbgemm_dadd_64ns_64ns_64_4_full_dsp_1_ip_u/inst/i_synth/ADDSUB_OP.ADDSUB/LOGIC_SPEED.OP/NORM/LZE/ENCODE[0].MUX_0/OP_DEL/i_pipe/opt_has_pipe.first_q_reg[6]
  -------------------------------------------------------------------
                         required time                          8.010    
                         arrival time                          -5.603    
  -------------------------------------------------------------------
                         slack                                  2.407    

Slack (MET) :             2.421ns  (required time - arrival time)
  Source:                 bd_0_i/hls_inst/inst/dadd_64ns_64ns_64_4_full_dsp_1_U1/bbgemm_dadd_64ns_64ns_64_4_full_dsp_1_ip_u/inst/i_synth/ADDSUB_OP.ADDSUB/LOGIC_SPEED.OP/EXP/NUMB_CMP/FAST_CMP.CMP_TOP/C_CHAIN/CHAIN_GEN[15].CARRYS_DEL.NEED_DEL.CARRYS_FD/C
                            (rising edge-triggered cell FDRE clocked by ap_clk  {rise@0.000ns fall@4.000ns period=8.000ns})
  Destination:            bd_0_i/hls_inst/inst/dadd_64ns_64ns_64_4_full_dsp_1_U1/bbgemm_dadd_64ns_64ns_64_4_full_dsp_1_ip_u/inst/i_synth/ADDSUB_OP.ADDSUB/LOGIC_SPEED.OP/NORM/LZE/ENCODE[0].MUX_0/OP_DEL/i_pipe/opt_has_pipe.first_q_reg[4]/D
                            (rising edge-triggered cell FDRE clocked by ap_clk  {rise@0.000ns fall@4.000ns period=8.000ns})
  Path Group:             ap_clk
  Path Type:              Setup (Max at Slow Process Corner)
  Requirement:            8.000ns  (ap_clk rise@8.000ns - ap_clk rise@0.000ns)
  Data Path Delay:        5.560ns  (logic 2.199ns (39.552%)  route 3.361ns (60.448%))
  Logic Levels:           18  (CARRY8=2 DSP_ALU=1 DSP_OUTPUT=1 LUT2=1 LUT3=1 LUT4=1 LUT5=2 LUT6=7 MUXF7=1 MUXF8=1)
  Clock Path Skew:        -0.009ns (DCD - SCD + CPR)
    Destination Clock Delay (DCD):    0.020ns = ( 8.020 - 8.000 ) 
    Source Clock Delay      (SCD):    0.029ns
    Clock Pessimism Removal (CPR):    0.000ns
  Clock Uncertainty:      0.035ns  ((TSJ^2 + TIJ^2)^1/2 + DJ) / 2 + PE
    Total System Jitter     (TSJ):    0.071ns
    Total Input Jitter      (TIJ):    0.000ns
    Discrete Jitter          (DJ):    0.000ns
    Phase Error              (PE):    0.000ns

    Location             Delay type                Incr(ns)  Path(ns)    Netlist Resource(s)
  -------------------------------------------------------------------    -------------------
                         (clock ap_clk rise edge)     0.000     0.000 r  
                                                      0.000     0.000 r  ap_clk (IN)
                         net (fo=1053, unset)         0.029     0.029    bd_0_i/hls_inst/inst/dadd_64ns_64ns_64_4_full_dsp_1_U1/bbgemm_dadd_64ns_64ns_64_4_full_dsp_1_ip_u/inst/i_synth/ADDSUB_OP.ADDSUB/LOGIC_SPEED.OP/EXP/NUMB_CMP/FAST_CMP.CMP_TOP/C_CHAIN/aclk
    SLICE_X73Y27         FDRE                                         r  bd_0_i/hls_inst/inst/dadd_64ns_64ns_64_4_full_dsp_1_U1/bbgemm_dadd_64ns_64ns_64_4_full_dsp_1_ip_u/inst/i_synth/ADDSUB_OP.ADDSUB/LOGIC_SPEED.OP/EXP/NUMB_CMP/FAST_CMP.CMP_TOP/C_CHAIN/CHAIN_GEN[15].CARRYS_DEL.NEED_DEL.CARRYS_FD/C
  -------------------------------------------------------------------    -------------------
    SLICE_X73Y27         FDRE (Prop_HFF_SLICEL_C_Q)
                                                      0.079     0.108 r  bd_0_i/hls_inst/inst/dadd_64ns_64ns_64_4_full_dsp_1_U1/bbgemm_dadd_64ns_64ns_64_4_full_dsp_1_ip_u/inst/i_synth/ADDSUB_OP.ADDSUB/LOGIC_SPEED.OP/EXP/NUMB_CMP/FAST_CMP.CMP_TOP/C_CHAIN/CHAIN_GEN[15].CARRYS_DEL.NEED_DEL.CARRYS_FD/Q
                         net (fo=5, routed)           0.226     0.334    bd_0_i/hls_inst/inst/dadd_64ns_64ns_64_4_full_dsp_1_U1/bbgemm_dadd_64ns_64ns_64_4_full_dsp_1_ip_u/inst/i_synth/ADDSUB_OP.ADDSUB/LOGIC_SPEED.OP/EXP/NUMB_CMP/FAST_CMP.CMP_BOT/C_CHAIN/CHAIN_GEN[0].C_MUX.CARRY_MUX_1[0]
    SLICE_X73Y19         LUT3 (Prop_D6LUT_SLICEL_I2_O)
                                                      0.122     0.456 r  bd_0_i/hls_inst/inst/dadd_64ns_64ns_64_4_full_dsp_1_U1/bbgemm_dadd_64ns_64ns_64_4_full_dsp_1_ip_u/inst/i_synth/ADDSUB_OP.ADDSUB/LOGIC_SPEED.OP/EXP/NUMB_CMP/FAST_CMP.CMP_BOT/C_CHAIN/CHAIN_GEN[0].C_MUX.CARRY_MUX_i_2__0/O
                         net (fo=108, routed)         0.513     0.969    bd_0_i/hls_inst/inst/dadd_64ns_64ns_64_4_full_dsp_1_U1/bbgemm_dadd_64ns_64ns_64_4_full_dsp_1_ip_u/inst/i_synth/ADDSUB_OP.ADDSUB/LOGIC_SPEED.OP/A_IP_DELAY/i_pipe/b_largest
    SLICE_X76Y24         LUT6 (Prop_H6LUT_SLICEM_I4_O)
                                                      0.152     1.121 f  bd_0_i/hls_inst/inst/dadd_64ns_64ns_64_4_full_dsp_1_U1/bbgemm_dadd_64ns_64ns_64_4_full_dsp_1_ip_u/inst/i_synth/ADDSUB_OP.ADDSUB/LOGIC_SPEED.OP/A_IP_DELAY/i_pipe/CHAIN_GEN[9].C_MUX.CARRY_MUX_i_3/O
                         net (fo=6, routed)           0.348     1.469    bd_0_i/hls_inst/inst/dadd_64ns_64ns_64_4_full_dsp_1_U1/bbgemm_dadd_64ns_64ns_64_4_full_dsp_1_ip_u/inst/i_synth/ADDSUB_OP.ADDSUB/LOGIC_SPEED.OP/A_IP_DELAY/i_pipe/opt_has_pipe.first_q_reg[51]_0[27]
    SLICE_X73Y18         LUT4 (Prop_B6LUT_SLICEL_I1_O)
                                                      0.090     1.559 r  bd_0_i/hls_inst/inst/dadd_64ns_64ns_64_4_full_dsp_1_U1/bbgemm_dadd_64ns_64ns_64_4_full_dsp_1_ip_u/inst/i_synth/ADDSUB_OP.ADDSUB/LOGIC_SPEED.OP/A_IP_DELAY/i_pipe/CHAIN_GEN[9].C_MUX.CARRY_MUX_i_1/O
                         net (fo=1, routed)           0.009     1.568    bd_0_i/hls_inst/inst/dadd_64ns_64ns_64_4_full_dsp_1_U1/bbgemm_dadd_64ns_64ns_64_4_full_dsp_1_ip_u/inst/i_synth/ADDSUB_OP.ADDSUB/LOGIC_SPEED.OP/ALIGN_BLK/ALIGN_SHIFT/ALIGN_Z_D/EQ_ZERO/CARRY_ZERO_DET/A[9]
    SLICE_X73Y18         CARRY8 (Prop_CARRY8_SLICEL_S[1]_CO[4])
                                                      0.209     1.777 f  bd_0_i/hls_inst/inst/dadd_64ns_64ns_64_4_full_dsp_1_U1/bbgemm_dadd_64ns_64ns_64_4_full_dsp_1_ip_u/inst/i_synth/ADDSUB_OP.ADDSUB/LOGIC_SPEED.OP/ALIGN_BLK/ALIGN_SHIFT/ALIGN_Z_D/EQ_ZERO/CARRY_ZERO_DET/CHAIN_GEN[8].C_MUX.CARRY_MUX_CARRY4_CARRY8/CO[4]
                         net (fo=2, routed)           0.273     2.050    bd_0_i/hls_inst/inst/dadd_64ns_64ns_64_4_full_dsp_1_U1/bbgemm_dadd_64ns_64ns_64_4_full_dsp_1_ip_u/inst/i_synth/ADDSUB_OP.ADDSUB/LOGIC_SPEED.OP/A_IP_DELAY/i_pipe/MUX_LOOP[2].OTHER_LEVELS.DO_CHUNKS[0].LUT6_STRUCT_MUX.MUX1_i_6[0]
    SLICE_X72Y24         LUT6 (Prop_H6LUT_SLICEM_I4_O)
                                                      0.090     2.140 f  bd_0_i/hls_inst/inst/dadd_64ns_64ns_64_4_full_dsp_1_U1/bbgemm_dadd_64ns_64ns_64_4_full_dsp_1_ip_u/inst/i_synth/ADDSUB_OP.ADDSUB/LOGIC_SPEED.OP/A_IP_DELAY/i_pipe/MUX_LOOP[2].OTHER_LEVELS.DO_CHUNKS[0].LUT6_STRUCT_MUX.MUX1_i_9/O
                         net (fo=1, routed)           0.094     2.234    bd_0_i/hls_inst/inst/dadd_64ns_64ns_64_4_full_dsp_1_U1/bbgemm_dadd_64ns_64ns_64_4_full_dsp_1_ip_u/inst/i_synth/ADDSUB_OP.ADDSUB/LOGIC_SPEED.OP/EXP/BMA_EXP_DELAY/i_pipe/MUX_LOOP[2].OTHER_LEVELS.DO_CHUNKS[0].LUT6_STRUCT_MUX.MUX1_0
    SLICE_X72Y23         LUT5 (Prop_E6LUT_SLICEM_I2_O)
                                                      0.100     2.334 f  bd_0_i/hls_inst/inst/dadd_64ns_64ns_64_4_full_dsp_1_U1/bbgemm_dadd_64ns_64ns_64_4_full_dsp_1_ip_u/inst/i_synth/ADDSUB_OP.ADDSUB/LOGIC_SPEED.OP/EXP/BMA_EXP_DELAY/i_pipe/MUX_LOOP[2].OTHER_LEVELS.DO_CHUNKS[0].LUT6_STRUCT_MUX.MUX1_i_6/O
                         net (fo=1, routed)           0.214     2.548    bd_0_i/hls_inst/inst/dadd_64ns_64ns_64_4_full_dsp_1_U1/bbgemm_dadd_64ns_64ns_64_4_full_dsp_1_ip_u/inst/i_synth/ADDSUB_OP.ADDSUB/LOGIC_SPEED.OP/EXP/BMA_EXP_DELAY/i_pipe/MUX_LOOP[2].OTHER_LEVELS.DO_CHUNKS[0].LUT6_STRUCT_MUX.MUX1_i_6_n_0
    SLICE_X71Y18         LUT6 (Prop_A6LUT_SLICEM_I0_O)
                                                      0.053     2.601 f  bd_0_i/hls_inst/inst/dadd_64ns_64ns_64_4_full_dsp_1_U1/bbgemm_dadd_64ns_64ns_64_4_full_dsp_1_ip_u/inst/i_synth/ADDSUB_OP.ADDSUB/LOGIC_SPEED.OP/EXP/BMA_EXP_DELAY/i_pipe/MUX_LOOP[2].OTHER_LEVELS.DO_CHUNKS[0].LUT6_STRUCT_MUX.MUX1_i_2/O
                         net (fo=1, routed)           0.011     2.612    bd_0_i/hls_inst/inst/dadd_64ns_64ns_64_4_full_dsp_1_U1/bbgemm_dadd_64ns_64ns_64_4_full_dsp_1_ip_u/inst/i_synth/ADDSUB_OP.ADDSUB/LOGIC_SPEED.OP/ALIGN_BLK/ALIGN_SHIFT/ALIGN_Z_D/zero_det_unreg[1]_1[3]
    SLICE_X71Y18         MUXF7 (Prop_F7MUX_AB_SLICEM_I1_O)
                                                      0.058     2.670 f  bd_0_i/hls_inst/inst/dadd_64ns_64ns_64_4_full_dsp_1_U1/bbgemm_dadd_64ns_64ns_64_4_full_dsp_1_ip_u/inst/i_synth/ADDSUB_OP.ADDSUB/LOGIC_SPEED.OP/ALIGN_BLK/ALIGN_SHIFT/ALIGN_Z_D/MUX_LOOP[2].OTHER_LEVELS.DO_CHUNKS[0].LUT6_STRUCT_MUX.MUX1/O
                         net (fo=1, routed)           0.000     2.670    bd_0_i/hls_inst/inst/dadd_64ns_64ns_64_4_full_dsp_1_U1/bbgemm_dadd_64ns_64ns_64_4_full_dsp_1_ip_u/inst/i_synth/ADDSUB_OP.ADDSUB/LOGIC_SPEED.OP/ALIGN_BLK/ALIGN_SHIFT/ALIGN_Z_D/MUX_LOOP[2].OTHER_LEVELS.DO_CHUNKS[0].LUT6_STRUCT_MUX.mux0_1
    SLICE_X71Y18         MUXF8 (Prop_F8MUX_BOT_SLICEM_I1_O)
                                                      0.035     2.705 f  bd_0_i/hls_inst/inst/dadd_64ns_64ns_64_4_full_dsp_1_U1/bbgemm_dadd_64ns_64ns_64_4_full_dsp_1_ip_u/inst/i_synth/ADDSUB_OP.ADDSUB/LOGIC_SPEED.OP/ALIGN_BLK/ALIGN_SHIFT/ALIGN_Z_D/MUX_LOOP[2].OTHER_LEVELS.DO_CHUNKS[0].LUT6_STRUCT_MUX.MUX2/O
                         net (fo=2, routed)           0.300     3.005    bd_0_i/hls_inst/inst/dadd_64ns_64ns_64_4_full_dsp_1_U1/bbgemm_dadd_64ns_64ns_64_4_full_dsp_1_ip_u/inst/i_synth/ADDSUB_OP.ADDSUB/LOGIC_SPEED.OP/EXP/SUB_DELAY/i_pipe/zeros
    SLICE_X71Y26         LUT2 (Prop_E6LUT_SLICEM_I1_O)
                                                      0.091     3.096 r  bd_0_i/hls_inst/inst/dadd_64ns_64ns_64_4_full_dsp_1_U1/bbgemm_dadd_64ns_64ns_64_4_full_dsp_1_ip_u/inst/i_synth/ADDSUB_OP.ADDSUB/LOGIC_SPEED.OP/EXP/SUB_DELAY/i_pipe/i_no_versal_es1_workaround.DSP_i_1/O
                         net (fo=1, routed)           0.181     3.277    bd_0_i/hls_inst/inst/dadd_64ns_64ns_64_4_full_dsp_1_U1/bbgemm_dadd_64ns_64ns_64_4_full_dsp_1_ip_u/inst/i_synth/ADDSUB_OP.ADDSUB/LOGIC_SPEED.OP/ALIGN_BLK/FRAC_ADDSUB/DSP_ADD.FRAC_ADDSUB/i_no_versal_es1_workaround.DSP48E1_ADD.DSP48E1_ADD/i_no_versal_es1_workaround.DSP/CARRYIN
    DSP48E2_X9Y4         DSP_ALU (Prop_DSP_ALU_DSP48E2_CARRYIN_ALU_OUT[47])
                                                      0.517     3.794 f  bd_0_i/hls_inst/inst/dadd_64ns_64ns_64_4_full_dsp_1_U1/bbgemm_dadd_64ns_64ns_64_4_full_dsp_1_ip_u/inst/i_synth/ADDSUB_OP.ADDSUB/LOGIC_SPEED.OP/ALIGN_BLK/FRAC_ADDSUB/DSP_ADD.FRAC_ADDSUB/i_no_versal_es1_workaround.DSP48E1_ADD.DSP48E1_ADD/i_no_versal_es1_workaround.DSP/DSP_ALU_INST/ALU_OUT[47]
                         net (fo=1, routed)           0.000     3.794    bd_0_i/hls_inst/inst/dadd_64ns_64ns_64_4_full_dsp_1_U1/bbgemm_dadd_64ns_64ns_64_4_full_dsp_1_ip_u/inst/i_synth/ADDSUB_OP.ADDSUB/LOGIC_SPEED.OP/ALIGN_BLK/FRAC_ADDSUB/DSP_ADD.FRAC_ADDSUB/i_no_versal_es1_workaround.DSP48E1_ADD.DSP48E1_ADD/i_no_versal_es1_workaround.DSP/DSP_ALU.ALU_OUT<47>
    DSP48E2_X9Y4         DSP_OUTPUT (Prop_DSP_OUTPUT_DSP48E2_ALU_OUT[47]_P[47])
                                                      0.109     3.903 r  bd_0_i/hls_inst/inst/dadd_64ns_64ns_64_4_full_dsp_1_U1/bbgemm_dadd_64ns_64ns_64_4_full_dsp_1_ip_u/inst/i_synth/ADDSUB_OP.ADDSUB/LOGIC_SPEED.OP/ALIGN_BLK/FRAC_ADDSUB/DSP_ADD.FRAC_ADDSUB/i_no_versal_es1_workaround.DSP48E1_ADD.DSP48E1_ADD/i_no_versal_es1_workaround.DSP/DSP_OUTPUT_INST/P[47]
                         net (fo=16, routed)          0.337     4.241    bd_0_i/hls_inst/inst/dadd_64ns_64ns_64_4_full_dsp_1_U1/bbgemm_dadd_64ns_64ns_64_4_full_dsp_1_ip_u/inst/i_synth/ADDSUB_OP.ADDSUB/LOGIC_SPEED.OP/ALIGN_BLK/FRAC_ADDSUB/DSP_ADD.FRAC_ADDSUB/i_no_versal_es1_workaround.LOGIC_ADD.ADD_0/P[0]
    SLICE_X69Y25         LUT5 (Prop_G6LUT_SLICEL_I3_O)
                                                      0.035     4.276 f  bd_0_i/hls_inst/inst/dadd_64ns_64ns_64_4_full_dsp_1_U1/bbgemm_dadd_64ns_64ns_64_4_full_dsp_1_ip_u/inst/i_synth/ADDSUB_OP.ADDSUB/LOGIC_SPEED.OP/ALIGN_BLK/FRAC_ADDSUB/DSP_ADD.FRAC_ADDSUB/i_no_versal_es1_workaround.LOGIC_ADD.ADD_0/CHAIN_GEN[0].C_MUX.CARRY_MUX_i_2__1/O
                         net (fo=2, routed)           0.187     4.463    bd_0_i/hls_inst/inst/dadd_64ns_64ns_64_4_full_dsp_1_U1/bbgemm_dadd_64ns_64ns_64_4_full_dsp_1_ip_u/inst/i_synth/ADDSUB_OP.ADDSUB/LOGIC_SPEED.OP/ALIGN_BLK/FRAC_ADDSUB/DSP_ADD.FRAC_ADDSUB/i_no_versal_es1_workaround.LOGIC_ADD.ADD_0/CHAIN_GEN[6].Q_XOR.SUM_XOR_0
    SLICE_X69Y26         LUT6 (Prop_A6LUT_SLICEL_I5_O)
                                                      0.090     4.553 r  bd_0_i/hls_inst/inst/dadd_64ns_64ns_64_4_full_dsp_1_U1/bbgemm_dadd_64ns_64ns_64_4_full_dsp_1_ip_u/inst/i_synth/ADDSUB_OP.ADDSUB/LOGIC_SPEED.OP/ALIGN_BLK/FRAC_ADDSUB/DSP_ADD.FRAC_ADDSUB/i_no_versal_es1_workaround.LOGIC_ADD.ADD_0/CHAIN_GEN[0].C_MUX.CARRY_MUX_i_1__3/O
                         net (fo=1, routed)           0.009     4.562    bd_0_i/hls_inst/inst/dadd_64ns_64ns_64_4_full_dsp_1_U1/bbgemm_dadd_64ns_64ns_64_4_full_dsp_1_ip_u/inst/i_synth/ADDSUB_OP.ADDSUB/LOGIC_SPEED.OP/NORM/LZE/ZERO_DET_CC_1/chunk_is_zero[0]
    SLICE_X69Y26         CARRY8 (Prop_CARRY8_SLICEL_S[0]_CO[3])
                                                      0.184     4.746 f  bd_0_i/hls_inst/inst/dadd_64ns_64ns_64_4_full_dsp_1_U1/bbgemm_dadd_64ns_64ns_64_4_full_dsp_1_ip_u/inst/i_synth/ADDSUB_OP.ADDSUB/LOGIC_SPEED.OP/NORM/LZE/ZERO_DET_CC_1/CHAIN_GEN[0].C_MUX.CARRY_MUX_CARRY4_CARRY8/CO[3]
                         net (fo=49, routed)          0.409     5.155    bd_0_i/hls_inst/inst/dadd_64ns_64ns_64_4_full_dsp_1_U1/bbgemm_dadd_64ns_64ns_64_4_full_dsp_1_ip_u/inst/i_synth/ADDSUB_OP.ADDSUB/LOGIC_SPEED.OP/ALIGN_BLK/FRAC_ADDSUB/DSP_ADD.FRAC_ADDSUB/i_no_versal_es1_workaround.DSP48E1_ADD.DSP48E1_ADD/CARRYS_OUT[0]
    SLICE_X69Y29         LUT6 (Prop_G6LUT_SLICEL_I1_O)
                                                      0.035     5.190 r  bd_0_i/hls_inst/inst/dadd_64ns_64ns_64_4_full_dsp_1_U1/bbgemm_dadd_64ns_64ns_64_4_full_dsp_1_ip_u/inst/i_synth/ADDSUB_OP.ADDSUB/LOGIC_SPEED.OP/ALIGN_BLK/FRAC_ADDSUB/DSP_ADD.FRAC_ADDSUB/i_no_versal_es1_workaround.DSP48E1_ADD.DSP48E1_ADD/opt_has_pipe.first_q[4]_i_3/O
                         net (fo=1, routed)           0.043     5.233    bd_0_i/hls_inst/inst/dadd_64ns_64ns_64_4_full_dsp_1_U1/bbgemm_dadd_64ns_64ns_64_4_full_dsp_1_ip_u/inst/i_synth/ADDSUB_OP.ADDSUB/LOGIC_SPEED.OP/ALIGN_BLK/FRAC_ADDSUB/DSP_ADD.FRAC_ADDSUB/i_no_versal_es1_workaround.DSP48E1_ADD.DSP48E1_ADD/opt_has_pipe.first_q[4]_i_3_n_0
    SLICE_X69Y29         LUT6 (Prop_H6LUT_SLICEL_I5_O)
                                                      0.099     5.332 r  bd_0_i/hls_inst/inst/dadd_64ns_64ns_64_4_full_dsp_1_U1/bbgemm_dadd_64ns_64ns_64_4_full_dsp_1_ip_u/inst/i_synth/ADDSUB_OP.ADDSUB/LOGIC_SPEED.OP/ALIGN_BLK/FRAC_ADDSUB/DSP_ADD.FRAC_ADDSUB/i_no_versal_es1_workaround.DSP48E1_ADD.DSP48E1_ADD/opt_has_pipe.first_q[4]_i_2/O
                         net (fo=1, routed)           0.157     5.489    bd_0_i/hls_inst/inst/dadd_64ns_64ns_64_4_full_dsp_1_U1/bbgemm_dadd_64ns_64ns_64_4_full_dsp_1_ip_u/inst/i_synth/ADDSUB_OP.ADDSUB/LOGIC_SPEED.OP/ALIGN_BLK/FRAC_ADDSUB/DSP_ADD.FRAC_ADDSUB/i_no_versal_es1_workaround.DSP48E1_ADD.DSP48E1_ADD/opt_has_pipe.first_q[4]_i_2_n_0
    SLICE_X69Y30         LUT6 (Prop_B6LUT_SLICEL_I0_O)
                                                      0.051     5.540 r  bd_0_i/hls_inst/inst/dadd_64ns_64ns_64_4_full_dsp_1_U1/bbgemm_dadd_64ns_64ns_64_4_full_dsp_1_ip_u/inst/i_synth/ADDSUB_OP.ADDSUB/LOGIC_SPEED.OP/ALIGN_BLK/FRAC_ADDSUB/DSP_ADD.FRAC_ADDSUB/i_no_versal_es1_workaround.DSP48E1_ADD.DSP48E1_ADD/opt_has_pipe.first_q[4]_i_1/O
                         net (fo=1, routed)           0.049     5.589    bd_0_i/hls_inst/inst/dadd_64ns_64ns_64_4_full_dsp_1_U1/bbgemm_dadd_64ns_64ns_64_4_full_dsp_1_ip_u/inst/i_synth/ADDSUB_OP.ADDSUB/LOGIC_SPEED.OP/NORM/LZE/ENCODE[0].MUX_0/OP_DEL/i_pipe/opt_has_pipe.first_q_reg[4]_0
    SLICE_X69Y30         FDRE                                         r  bd_0_i/hls_inst/inst/dadd_64ns_64ns_64_4_full_dsp_1_U1/bbgemm_dadd_64ns_64ns_64_4_full_dsp_1_ip_u/inst/i_synth/ADDSUB_OP.ADDSUB/LOGIC_SPEED.OP/NORM/LZE/ENCODE[0].MUX_0/OP_DEL/i_pipe/opt_has_pipe.first_q_reg[4]/D
  -------------------------------------------------------------------    -------------------

                         (clock ap_clk rise edge)     8.000     8.000 r  
                                                      0.000     8.000 r  ap_clk (IN)
                         net (fo=1053, unset)         0.020     8.020    bd_0_i/hls_inst/inst/dadd_64ns_64ns_64_4_full_dsp_1_U1/bbgemm_dadd_64ns_64ns_64_4_full_dsp_1_ip_u/inst/i_synth/ADDSUB_OP.ADDSUB/LOGIC_SPEED.OP/NORM/LZE/ENCODE[0].MUX_0/OP_DEL/i_pipe/aclk
    SLICE_X69Y30         FDRE                                         r  bd_0_i/hls_inst/inst/dadd_64ns_64ns_64_4_full_dsp_1_U1/bbgemm_dadd_64ns_64ns_64_4_full_dsp_1_ip_u/inst/i_synth/ADDSUB_OP.ADDSUB/LOGIC_SPEED.OP/NORM/LZE/ENCODE[0].MUX_0/OP_DEL/i_pipe/opt_has_pipe.first_q_reg[4]/C
                         clock pessimism              0.000     8.020    
                         clock uncertainty           -0.035     7.985    
    SLICE_X69Y30         FDRE (Setup_BFF_SLICEL_C_D)
                                                      0.025     8.010    bd_0_i/hls_inst/inst/dadd_64ns_64ns_64_4_full_dsp_1_U1/bbgemm_dadd_64ns_64ns_64_4_full_dsp_1_ip_u/inst/i_synth/ADDSUB_OP.ADDSUB/LOGIC_SPEED.OP/NORM/LZE/ENCODE[0].MUX_0/OP_DEL/i_pipe/opt_has_pipe.first_q_reg[4]
  -------------------------------------------------------------------
                         required time                          8.010    
                         arrival time                          -5.589    
  -------------------------------------------------------------------
                         slack                                  2.421    

Slack (MET) :             2.433ns  (required time - arrival time)
  Source:                 bd_0_i/hls_inst/inst/dadd_64ns_64ns_64_4_full_dsp_1_U1/bbgemm_dadd_64ns_64ns_64_4_full_dsp_1_ip_u/inst/i_synth/ADDSUB_OP.ADDSUB/LOGIC_SPEED.OP/EXP/NUMB_CMP/FAST_CMP.CMP_TOP/C_CHAIN/CHAIN_GEN[15].CARRYS_DEL.NEED_DEL.CARRYS_FD/C
                            (rising edge-triggered cell FDRE clocked by ap_clk  {rise@0.000ns fall@4.000ns period=8.000ns})
  Destination:            bd_0_i/hls_inst/inst/dadd_64ns_64ns_64_4_full_dsp_1_U1/bbgemm_dadd_64ns_64ns_64_4_full_dsp_1_ip_u/inst/i_synth/ADDSUB_OP.ADDSUB/LOGIC_SPEED.OP/NORM/NORM_SHIFT/MUX_LOOP[0].DEL_SHIFT/i_pipe/opt_has_pipe.first_q_reg[41]/R
                            (rising edge-triggered cell FDRE clocked by ap_clk  {rise@0.000ns fall@4.000ns period=8.000ns})
  Path Group:             ap_clk
  Path Type:              Setup (Max at Slow Process Corner)
  Requirement:            8.000ns  (ap_clk rise@8.000ns - ap_clk rise@0.000ns)
  Data Path Delay:        5.450ns  (logic 2.102ns (38.568%)  route 3.348ns (61.432%))
  Logic Levels:           16  (CARRY8=2 DSP_ALU=1 DSP_OUTPUT=1 LUT2=2 LUT3=1 LUT4=1 LUT5=2 LUT6=4 MUXF7=1 MUXF8=1)
  Clock Path Skew:        -0.008ns (DCD - SCD + CPR)
    Destination Clock Delay (DCD):    0.021ns = ( 8.021 - 8.000 ) 
    Source Clock Delay      (SCD):    0.029ns
    Clock Pessimism Removal (CPR):    0.000ns
  Clock Uncertainty:      0.035ns  ((TSJ^2 + TIJ^2)^1/2 + DJ) / 2 + PE
    Total System Jitter     (TSJ):    0.071ns
    Total Input Jitter      (TIJ):    0.000ns
    Discrete Jitter          (DJ):    0.000ns
    Phase Error              (PE):    0.000ns

    Location             Delay type                Incr(ns)  Path(ns)    Netlist Resource(s)
  -------------------------------------------------------------------    -------------------
                         (clock ap_clk rise edge)     0.000     0.000 r  
                                                      0.000     0.000 r  ap_clk (IN)
                         net (fo=1053, unset)         0.029     0.029    bd_0_i/hls_inst/inst/dadd_64ns_64ns_64_4_full_dsp_1_U1/bbgemm_dadd_64ns_64ns_64_4_full_dsp_1_ip_u/inst/i_synth/ADDSUB_OP.ADDSUB/LOGIC_SPEED.OP/EXP/NUMB_CMP/FAST_CMP.CMP_TOP/C_CHAIN/aclk
    SLICE_X73Y27         FDRE                                         r  bd_0_i/hls_inst/inst/dadd_64ns_64ns_64_4_full_dsp_1_U1/bbgemm_dadd_64ns_64ns_64_4_full_dsp_1_ip_u/inst/i_synth/ADDSUB_OP.ADDSUB/LOGIC_SPEED.OP/EXP/NUMB_CMP/FAST_CMP.CMP_TOP/C_CHAIN/CHAIN_GEN[15].CARRYS_DEL.NEED_DEL.CARRYS_FD/C
  -------------------------------------------------------------------    -------------------
    SLICE_X73Y27         FDRE (Prop_HFF_SLICEL_C_Q)
                                                      0.079     0.108 r  bd_0_i/hls_inst/inst/dadd_64ns_64ns_64_4_full_dsp_1_U1/bbgemm_dadd_64ns_64ns_64_4_full_dsp_1_ip_u/inst/i_synth/ADDSUB_OP.ADDSUB/LOGIC_SPEED.OP/EXP/NUMB_CMP/FAST_CMP.CMP_TOP/C_CHAIN/CHAIN_GEN[15].CARRYS_DEL.NEED_DEL.CARRYS_FD/Q
                         net (fo=5, routed)           0.226     0.334    bd_0_i/hls_inst/inst/dadd_64ns_64ns_64_4_full_dsp_1_U1/bbgemm_dadd_64ns_64ns_64_4_full_dsp_1_ip_u/inst/i_synth/ADDSUB_OP.ADDSUB/LOGIC_SPEED.OP/EXP/NUMB_CMP/FAST_CMP.CMP_BOT/C_CHAIN/CHAIN_GEN[0].C_MUX.CARRY_MUX_1[0]
    SLICE_X73Y19         LUT3 (Prop_D6LUT_SLICEL_I2_O)
                                                      0.122     0.456 r  bd_0_i/hls_inst/inst/dadd_64ns_64ns_64_4_full_dsp_1_U1/bbgemm_dadd_64ns_64ns_64_4_full_dsp_1_ip_u/inst/i_synth/ADDSUB_OP.ADDSUB/LOGIC_SPEED.OP/EXP/NUMB_CMP/FAST_CMP.CMP_BOT/C_CHAIN/CHAIN_GEN[0].C_MUX.CARRY_MUX_i_2__0/O
                         net (fo=108, routed)         0.513     0.969    bd_0_i/hls_inst/inst/dadd_64ns_64ns_64_4_full_dsp_1_U1/bbgemm_dadd_64ns_64ns_64_4_full_dsp_1_ip_u/inst/i_synth/ADDSUB_OP.ADDSUB/LOGIC_SPEED.OP/A_IP_DELAY/i_pipe/b_largest
    SLICE_X76Y24         LUT6 (Prop_H6LUT_SLICEM_I4_O)
                                                      0.152     1.121 f  bd_0_i/hls_inst/inst/dadd_64ns_64ns_64_4_full_dsp_1_U1/bbgemm_dadd_64ns_64ns_64_4_full_dsp_1_ip_u/inst/i_synth/ADDSUB_OP.ADDSUB/LOGIC_SPEED.OP/A_IP_DELAY/i_pipe/CHAIN_GEN[9].C_MUX.CARRY_MUX_i_3/O
                         net (fo=6, routed)           0.348     1.469    bd_0_i/hls_inst/inst/dadd_64ns_64ns_64_4_full_dsp_1_U1/bbgemm_dadd_64ns_64ns_64_4_full_dsp_1_ip_u/inst/i_synth/ADDSUB_OP.ADDSUB/LOGIC_SPEED.OP/A_IP_DELAY/i_pipe/opt_has_pipe.first_q_reg[51]_0[27]
    SLICE_X73Y18         LUT4 (Prop_B6LUT_SLICEL_I1_O)
                                                      0.090     1.559 r  bd_0_i/hls_inst/inst/dadd_64ns_64ns_64_4_full_dsp_1_U1/bbgemm_dadd_64ns_64ns_64_4_full_dsp_1_ip_u/inst/i_synth/ADDSUB_OP.ADDSUB/LOGIC_SPEED.OP/A_IP_DELAY/i_pipe/CHAIN_GEN[9].C_MUX.CARRY_MUX_i_1/O
                         net (fo=1, routed)           0.009     1.568    bd_0_i/hls_inst/inst/dadd_64ns_64ns_64_4_full_dsp_1_U1/bbgemm_dadd_64ns_64ns_64_4_full_dsp_1_ip_u/inst/i_synth/ADDSUB_OP.ADDSUB/LOGIC_SPEED.OP/ALIGN_BLK/ALIGN_SHIFT/ALIGN_Z_D/EQ_ZERO/CARRY_ZERO_DET/A[9]
    SLICE_X73Y18         CARRY8 (Prop_CARRY8_SLICEL_S[1]_CO[4])
                                                      0.209     1.777 f  bd_0_i/hls_inst/inst/dadd_64ns_64ns_64_4_full_dsp_1_U1/bbgemm_dadd_64ns_64ns_64_4_full_dsp_1_ip_u/inst/i_synth/ADDSUB_OP.ADDSUB/LOGIC_SPEED.OP/ALIGN_BLK/ALIGN_SHIFT/ALIGN_Z_D/EQ_ZERO/CARRY_ZERO_DET/CHAIN_GEN[8].C_MUX.CARRY_MUX_CARRY4_CARRY8/CO[4]
                         net (fo=2, routed)           0.273     2.050    bd_0_i/hls_inst/inst/dadd_64ns_64ns_64_4_full_dsp_1_U1/bbgemm_dadd_64ns_64ns_64_4_full_dsp_1_ip_u/inst/i_synth/ADDSUB_OP.ADDSUB/LOGIC_SPEED.OP/A_IP_DELAY/i_pipe/MUX_LOOP[2].OTHER_LEVELS.DO_CHUNKS[0].LUT6_STRUCT_MUX.MUX1_i_6[0]
    SLICE_X72Y24         LUT6 (Prop_H6LUT_SLICEM_I4_O)
                                                      0.090     2.140 f  bd_0_i/hls_inst/inst/dadd_64ns_64ns_64_4_full_dsp_1_U1/bbgemm_dadd_64ns_64ns_64_4_full_dsp_1_ip_u/inst/i_synth/ADDSUB_OP.ADDSUB/LOGIC_SPEED.OP/A_IP_DELAY/i_pipe/MUX_LOOP[2].OTHER_LEVELS.DO_CHUNKS[0].LUT6_STRUCT_MUX.MUX1_i_9/O
                         net (fo=1, routed)           0.094     2.234    bd_0_i/hls_inst/inst/dadd_64ns_64ns_64_4_full_dsp_1_U1/bbgemm_dadd_64ns_64ns_64_4_full_dsp_1_ip_u/inst/i_synth/ADDSUB_OP.ADDSUB/LOGIC_SPEED.OP/EXP/BMA_EXP_DELAY/i_pipe/MUX_LOOP[2].OTHER_LEVELS.DO_CHUNKS[0].LUT6_STRUCT_MUX.MUX1_0
    SLICE_X72Y23         LUT5 (Prop_E6LUT_SLICEM_I2_O)
                                                      0.100     2.334 f  bd_0_i/hls_inst/inst/dadd_64ns_64ns_64_4_full_dsp_1_U1/bbgemm_dadd_64ns_64ns_64_4_full_dsp_1_ip_u/inst/i_synth/ADDSUB_OP.ADDSUB/LOGIC_SPEED.OP/EXP/BMA_EXP_DELAY/i_pipe/MUX_LOOP[2].OTHER_LEVELS.DO_CHUNKS[0].LUT6_STRUCT_MUX.MUX1_i_6/O
                         net (fo=1, routed)           0.214     2.548    bd_0_i/hls_inst/inst/dadd_64ns_64ns_64_4_full_dsp_1_U1/bbgemm_dadd_64ns_64ns_64_4_full_dsp_1_ip_u/inst/i_synth/ADDSUB_OP.ADDSUB/LOGIC_SPEED.OP/EXP/BMA_EXP_DELAY/i_pipe/MUX_LOOP[2].OTHER_LEVELS.DO_CHUNKS[0].LUT6_STRUCT_MUX.MUX1_i_6_n_0
    SLICE_X71Y18         LUT6 (Prop_A6LUT_SLICEM_I0_O)
                                                      0.053     2.601 f  bd_0_i/hls_inst/inst/dadd_64ns_64ns_64_4_full_dsp_1_U1/bbgemm_dadd_64ns_64ns_64_4_full_dsp_1_ip_u/inst/i_synth/ADDSUB_OP.ADDSUB/LOGIC_SPEED.OP/EXP/BMA_EXP_DELAY/i_pipe/MUX_LOOP[2].OTHER_LEVELS.DO_CHUNKS[0].LUT6_STRUCT_MUX.MUX1_i_2/O
                         net (fo=1, routed)           0.011     2.612    bd_0_i/hls_inst/inst/dadd_64ns_64ns_64_4_full_dsp_1_U1/bbgemm_dadd_64ns_64ns_64_4_full_dsp_1_ip_u/inst/i_synth/ADDSUB_OP.ADDSUB/LOGIC_SPEED.OP/ALIGN_BLK/ALIGN_SHIFT/ALIGN_Z_D/zero_det_unreg[1]_1[3]
    SLICE_X71Y18         MUXF7 (Prop_F7MUX_AB_SLICEM_I1_O)
                                                      0.058     2.670 f  bd_0_i/hls_inst/inst/dadd_64ns_64ns_64_4_full_dsp_1_U1/bbgemm_dadd_64ns_64ns_64_4_full_dsp_1_ip_u/inst/i_synth/ADDSUB_OP.ADDSUB/LOGIC_SPEED.OP/ALIGN_BLK/ALIGN_SHIFT/ALIGN_Z_D/MUX_LOOP[2].OTHER_LEVELS.DO_CHUNKS[0].LUT6_STRUCT_MUX.MUX1/O
                         net (fo=1, routed)           0.000     2.670    bd_0_i/hls_inst/inst/dadd_64ns_64ns_64_4_full_dsp_1_U1/bbgemm_dadd_64ns_64ns_64_4_full_dsp_1_ip_u/inst/i_synth/ADDSUB_OP.ADDSUB/LOGIC_SPEED.OP/ALIGN_BLK/ALIGN_SHIFT/ALIGN_Z_D/MUX_LOOP[2].OTHER_LEVELS.DO_CHUNKS[0].LUT6_STRUCT_MUX.mux0_1
    SLICE_X71Y18         MUXF8 (Prop_F8MUX_BOT_SLICEM_I1_O)
                                                      0.035     2.705 f  bd_0_i/hls_inst/inst/dadd_64ns_64ns_64_4_full_dsp_1_U1/bbgemm_dadd_64ns_64ns_64_4_full_dsp_1_ip_u/inst/i_synth/ADDSUB_OP.ADDSUB/LOGIC_SPEED.OP/ALIGN_BLK/ALIGN_SHIFT/ALIGN_Z_D/MUX_LOOP[2].OTHER_LEVELS.DO_CHUNKS[0].LUT6_STRUCT_MUX.MUX2/O
                         net (fo=2, routed)           0.300     3.005    bd_0_i/hls_inst/inst/dadd_64ns_64ns_64_4_full_dsp_1_U1/bbgemm_dadd_64ns_64ns_64_4_full_dsp_1_ip_u/inst/i_synth/ADDSUB_OP.ADDSUB/LOGIC_SPEED.OP/EXP/SUB_DELAY/i_pipe/zeros
    SLICE_X71Y26         LUT2 (Prop_E6LUT_SLICEM_I1_O)
                                                      0.091     3.096 r  bd_0_i/hls_inst/inst/dadd_64ns_64ns_64_4_full_dsp_1_U1/bbgemm_dadd_64ns_64ns_64_4_full_dsp_1_ip_u/inst/i_synth/ADDSUB_OP.ADDSUB/LOGIC_SPEED.OP/EXP/SUB_DELAY/i_pipe/i_no_versal_es1_workaround.DSP_i_1/O
                         net (fo=1, routed)           0.181     3.277    bd_0_i/hls_inst/inst/dadd_64ns_64ns_64_4_full_dsp_1_U1/bbgemm_dadd_64ns_64ns_64_4_full_dsp_1_ip_u/inst/i_synth/ADDSUB_OP.ADDSUB/LOGIC_SPEED.OP/ALIGN_BLK/FRAC_ADDSUB/DSP_ADD.FRAC_ADDSUB/i_no_versal_es1_workaround.DSP48E1_ADD.DSP48E1_ADD/i_no_versal_es1_workaround.DSP/CARRYIN
    DSP48E2_X9Y4         DSP_ALU (Prop_DSP_ALU_DSP48E2_CARRYIN_ALU_OUT[47])
                                                      0.517     3.794 f  bd_0_i/hls_inst/inst/dadd_64ns_64ns_64_4_full_dsp_1_U1/bbgemm_dadd_64ns_64ns_64_4_full_dsp_1_ip_u/inst/i_synth/ADDSUB_OP.ADDSUB/LOGIC_SPEED.OP/ALIGN_BLK/FRAC_ADDSUB/DSP_ADD.FRAC_ADDSUB/i_no_versal_es1_workaround.DSP48E1_ADD.DSP48E1_ADD/i_no_versal_es1_workaround.DSP/DSP_ALU_INST/ALU_OUT[47]
                         net (fo=1, routed)           0.000     3.794    bd_0_i/hls_inst/inst/dadd_64ns_64ns_64_4_full_dsp_1_U1/bbgemm_dadd_64ns_64ns_64_4_full_dsp_1_ip_u/inst/i_synth/ADDSUB_OP.ADDSUB/LOGIC_SPEED.OP/ALIGN_BLK/FRAC_ADDSUB/DSP_ADD.FRAC_ADDSUB/i_no_versal_es1_workaround.DSP48E1_ADD.DSP48E1_ADD/i_no_versal_es1_workaround.DSP/DSP_ALU.ALU_OUT<47>
    DSP48E2_X9Y4         DSP_OUTPUT (Prop_DSP_OUTPUT_DSP48E2_ALU_OUT[47]_P[47])
                                                      0.109     3.903 r  bd_0_i/hls_inst/inst/dadd_64ns_64ns_64_4_full_dsp_1_U1/bbgemm_dadd_64ns_64ns_64_4_full_dsp_1_ip_u/inst/i_synth/ADDSUB_OP.ADDSUB/LOGIC_SPEED.OP/ALIGN_BLK/FRAC_ADDSUB/DSP_ADD.FRAC_ADDSUB/i_no_versal_es1_workaround.DSP48E1_ADD.DSP48E1_ADD/i_no_versal_es1_workaround.DSP/DSP_OUTPUT_INST/P[47]
                         net (fo=16, routed)          0.337     4.241    bd_0_i/hls_inst/inst/dadd_64ns_64ns_64_4_full_dsp_1_U1/bbgemm_dadd_64ns_64ns_64_4_full_dsp_1_ip_u/inst/i_synth/ADDSUB_OP.ADDSUB/LOGIC_SPEED.OP/ALIGN_BLK/FRAC_ADDSUB/DSP_ADD.FRAC_ADDSUB/i_no_versal_es1_workaround.LOGIC_ADD.ADD_0/P[0]
    SLICE_X69Y25         LUT5 (Prop_G6LUT_SLICEL_I3_O)
                                                      0.035     4.276 f  bd_0_i/hls_inst/inst/dadd_64ns_64ns_64_4_full_dsp_1_U1/bbgemm_dadd_64ns_64ns_64_4_full_dsp_1_ip_u/inst/i_synth/ADDSUB_OP.ADDSUB/LOGIC_SPEED.OP/ALIGN_BLK/FRAC_ADDSUB/DSP_ADD.FRAC_ADDSUB/i_no_versal_es1_workaround.LOGIC_ADD.ADD_0/CHAIN_GEN[0].C_MUX.CARRY_MUX_i_2__1/O
                         net (fo=2, routed)           0.187     4.463    bd_0_i/hls_inst/inst/dadd_64ns_64ns_64_4_full_dsp_1_U1/bbgemm_dadd_64ns_64ns_64_4_full_dsp_1_ip_u/inst/i_synth/ADDSUB_OP.ADDSUB/LOGIC_SPEED.OP/ALIGN_BLK/FRAC_ADDSUB/DSP_ADD.FRAC_ADDSUB/i_no_versal_es1_workaround.LOGIC_ADD.ADD_0/CHAIN_GEN[6].Q_XOR.SUM_XOR_0
    SLICE_X69Y26         LUT6 (Prop_A6LUT_SLICEL_I5_O)
                                                      0.090     4.553 r  bd_0_i/hls_inst/inst/dadd_64ns_64ns_64_4_full_dsp_1_U1/bbgemm_dadd_64ns_64ns_64_4_full_dsp_1_ip_u/inst/i_synth/ADDSUB_OP.ADDSUB/LOGIC_SPEED.OP/ALIGN_BLK/FRAC_ADDSUB/DSP_ADD.FRAC_ADDSUB/i_no_versal_es1_workaround.LOGIC_ADD.ADD_0/CHAIN_GEN[0].C_MUX.CARRY_MUX_i_1__3/O
                         net (fo=1, routed)           0.009     4.562    bd_0_i/hls_inst/inst/dadd_64ns_64ns_64_4_full_dsp_1_U1/bbgemm_dadd_64ns_64ns_64_4_full_dsp_1_ip_u/inst/i_synth/ADDSUB_OP.ADDSUB/LOGIC_SPEED.OP/NORM/LZE/ZERO_DET_CC_1/chunk_is_zero[0]
    SLICE_X69Y26         CARRY8 (Prop_CARRY8_SLICEL_S[0]_CO[7])
                                                      0.204     4.766 r  bd_0_i/hls_inst/inst/dadd_64ns_64ns_64_4_full_dsp_1_U1/bbgemm_dadd_64ns_64ns_64_4_full_dsp_1_ip_u/inst/i_synth/ADDSUB_OP.ADDSUB/LOGIC_SPEED.OP/NORM/LZE/ZERO_DET_CC_1/CHAIN_GEN[0].C_MUX.CARRY_MUX_CARRY4_CARRY8/CO[7]
                         net (fo=67, routed)          0.169     4.935    bd_0_i/hls_inst/inst/dadd_64ns_64ns_64_4_full_dsp_1_U1/bbgemm_dadd_64ns_64ns_64_4_full_dsp_1_ip_u/inst/i_synth/ADDSUB_OP.ADDSUB/LOGIC_SPEED.OP/NORM/NORM_SHIFT/MUX_LOOP[0].DEL_SHIFT/i_pipe/opt_has_pipe.first_q_reg[55]_2[1]
    SLICE_X68Y26         LUT2 (Prop_C5LUT_SLICEL_I0_O)
                                                      0.068     5.003 r  bd_0_i/hls_inst/inst/dadd_64ns_64ns_64_4_full_dsp_1_U1/bbgemm_dadd_64ns_64ns_64_4_full_dsp_1_ip_u/inst/i_synth/ADDSUB_OP.ADDSUB/LOGIC_SPEED.OP/NORM/NORM_SHIFT/MUX_LOOP[0].DEL_SHIFT/i_pipe/opt_has_pipe.first_q[55]_i_1/O
                         net (fo=16, routed)          0.476     5.479    bd_0_i/hls_inst/inst/dadd_64ns_64ns_64_4_full_dsp_1_U1/bbgemm_dadd_64ns_64ns_64_4_full_dsp_1_ip_u/inst/i_synth/ADDSUB_OP.ADDSUB/LOGIC_SPEED.OP/NORM/NORM_SHIFT/MUX_LOOP[0].DEL_SHIFT/i_pipe/opt_has_pipe.first_q[55]_i_1_n_0
    SLICE_X65Y29         FDRE                                         r  bd_0_i/hls_inst/inst/dadd_64ns_64ns_64_4_full_dsp_1_U1/bbgemm_dadd_64ns_64ns_64_4_full_dsp_1_ip_u/inst/i_synth/ADDSUB_OP.ADDSUB/LOGIC_SPEED.OP/NORM/NORM_SHIFT/MUX_LOOP[0].DEL_SHIFT/i_pipe/opt_has_pipe.first_q_reg[41]/R
  -------------------------------------------------------------------    -------------------

                         (clock ap_clk rise edge)     8.000     8.000 r  
                                                      0.000     8.000 r  ap_clk (IN)
                         net (fo=1053, unset)         0.021     8.021    bd_0_i/hls_inst/inst/dadd_64ns_64ns_64_4_full_dsp_1_U1/bbgemm_dadd_64ns_64ns_64_4_full_dsp_1_ip_u/inst/i_synth/ADDSUB_OP.ADDSUB/LOGIC_SPEED.OP/NORM/NORM_SHIFT/MUX_LOOP[0].DEL_SHIFT/i_pipe/aclk
    SLICE_X65Y29         FDRE                                         r  bd_0_i/hls_inst/inst/dadd_64ns_64ns_64_4_full_dsp_1_U1/bbgemm_dadd_64ns_64ns_64_4_full_dsp_1_ip_u/inst/i_synth/ADDSUB_OP.ADDSUB/LOGIC_SPEED.OP/NORM/NORM_SHIFT/MUX_LOOP[0].DEL_SHIFT/i_pipe/opt_has_pipe.first_q_reg[41]/C
                         clock pessimism              0.000     8.021    
                         clock uncertainty           -0.035     7.986    
    SLICE_X65Y29         FDRE (Setup_EFF_SLICEM_C_R)
                                                     -0.074     7.912    bd_0_i/hls_inst/inst/dadd_64ns_64ns_64_4_full_dsp_1_U1/bbgemm_dadd_64ns_64ns_64_4_full_dsp_1_ip_u/inst/i_synth/ADDSUB_OP.ADDSUB/LOGIC_SPEED.OP/NORM/NORM_SHIFT/MUX_LOOP[0].DEL_SHIFT/i_pipe/opt_has_pipe.first_q_reg[41]
  -------------------------------------------------------------------
                         required time                          7.912    
                         arrival time                          -5.479    
  -------------------------------------------------------------------
                         slack                                  2.433    

Slack (MET) :             2.433ns  (required time - arrival time)
  Source:                 bd_0_i/hls_inst/inst/dadd_64ns_64ns_64_4_full_dsp_1_U1/bbgemm_dadd_64ns_64ns_64_4_full_dsp_1_ip_u/inst/i_synth/ADDSUB_OP.ADDSUB/LOGIC_SPEED.OP/EXP/NUMB_CMP/FAST_CMP.CMP_TOP/C_CHAIN/CHAIN_GEN[15].CARRYS_DEL.NEED_DEL.CARRYS_FD/C
                            (rising edge-triggered cell FDRE clocked by ap_clk  {rise@0.000ns fall@4.000ns period=8.000ns})
  Destination:            bd_0_i/hls_inst/inst/dadd_64ns_64ns_64_4_full_dsp_1_U1/bbgemm_dadd_64ns_64ns_64_4_full_dsp_1_ip_u/inst/i_synth/ADDSUB_OP.ADDSUB/LOGIC_SPEED.OP/NORM/NORM_SHIFT/MUX_LOOP[0].DEL_SHIFT/i_pipe/opt_has_pipe.first_q_reg[45]/R
                            (rising edge-triggered cell FDRE clocked by ap_clk  {rise@0.000ns fall@4.000ns period=8.000ns})
  Path Group:             ap_clk
  Path Type:              Setup (Max at Slow Process Corner)
  Requirement:            8.000ns  (ap_clk rise@8.000ns - ap_clk rise@0.000ns)
  Data Path Delay:        5.450ns  (logic 2.102ns (38.568%)  route 3.348ns (61.432%))
  Logic Levels:           16  (CARRY8=2 DSP_ALU=1 DSP_OUTPUT=1 LUT2=2 LUT3=1 LUT4=1 LUT5=2 LUT6=4 MUXF7=1 MUXF8=1)
  Clock Path Skew:        -0.008ns (DCD - SCD + CPR)
    Destination Clock Delay (DCD):    0.021ns = ( 8.021 - 8.000 ) 
    Source Clock Delay      (SCD):    0.029ns
    Clock Pessimism Removal (CPR):    0.000ns
  Clock Uncertainty:      0.035ns  ((TSJ^2 + TIJ^2)^1/2 + DJ) / 2 + PE
    Total System Jitter     (TSJ):    0.071ns
    Total Input Jitter      (TIJ):    0.000ns
    Discrete Jitter          (DJ):    0.000ns
    Phase Error              (PE):    0.000ns

    Location             Delay type                Incr(ns)  Path(ns)    Netlist Resource(s)
  -------------------------------------------------------------------    -------------------
                         (clock ap_clk rise edge)     0.000     0.000 r  
                                                      0.000     0.000 r  ap_clk (IN)
                         net (fo=1053, unset)         0.029     0.029    bd_0_i/hls_inst/inst/dadd_64ns_64ns_64_4_full_dsp_1_U1/bbgemm_dadd_64ns_64ns_64_4_full_dsp_1_ip_u/inst/i_synth/ADDSUB_OP.ADDSUB/LOGIC_SPEED.OP/EXP/NUMB_CMP/FAST_CMP.CMP_TOP/C_CHAIN/aclk
    SLICE_X73Y27         FDRE                                         r  bd_0_i/hls_inst/inst/dadd_64ns_64ns_64_4_full_dsp_1_U1/bbgemm_dadd_64ns_64ns_64_4_full_dsp_1_ip_u/inst/i_synth/ADDSUB_OP.ADDSUB/LOGIC_SPEED.OP/EXP/NUMB_CMP/FAST_CMP.CMP_TOP/C_CHAIN/CHAIN_GEN[15].CARRYS_DEL.NEED_DEL.CARRYS_FD/C
  -------------------------------------------------------------------    -------------------
    SLICE_X73Y27         FDRE (Prop_HFF_SLICEL_C_Q)
                                                      0.079     0.108 r  bd_0_i/hls_inst/inst/dadd_64ns_64ns_64_4_full_dsp_1_U1/bbgemm_dadd_64ns_64ns_64_4_full_dsp_1_ip_u/inst/i_synth/ADDSUB_OP.ADDSUB/LOGIC_SPEED.OP/EXP/NUMB_CMP/FAST_CMP.CMP_TOP/C_CHAIN/CHAIN_GEN[15].CARRYS_DEL.NEED_DEL.CARRYS_FD/Q
                         net (fo=5, routed)           0.226     0.334    bd_0_i/hls_inst/inst/dadd_64ns_64ns_64_4_full_dsp_1_U1/bbgemm_dadd_64ns_64ns_64_4_full_dsp_1_ip_u/inst/i_synth/ADDSUB_OP.ADDSUB/LOGIC_SPEED.OP/EXP/NUMB_CMP/FAST_CMP.CMP_BOT/C_CHAIN/CHAIN_GEN[0].C_MUX.CARRY_MUX_1[0]
    SLICE_X73Y19         LUT3 (Prop_D6LUT_SLICEL_I2_O)
                                                      0.122     0.456 r  bd_0_i/hls_inst/inst/dadd_64ns_64ns_64_4_full_dsp_1_U1/bbgemm_dadd_64ns_64ns_64_4_full_dsp_1_ip_u/inst/i_synth/ADDSUB_OP.ADDSUB/LOGIC_SPEED.OP/EXP/NUMB_CMP/FAST_CMP.CMP_BOT/C_CHAIN/CHAIN_GEN[0].C_MUX.CARRY_MUX_i_2__0/O
                         net (fo=108, routed)         0.513     0.969    bd_0_i/hls_inst/inst/dadd_64ns_64ns_64_4_full_dsp_1_U1/bbgemm_dadd_64ns_64ns_64_4_full_dsp_1_ip_u/inst/i_synth/ADDSUB_OP.ADDSUB/LOGIC_SPEED.OP/A_IP_DELAY/i_pipe/b_largest
    SLICE_X76Y24         LUT6 (Prop_H6LUT_SLICEM_I4_O)
                                                      0.152     1.121 f  bd_0_i/hls_inst/inst/dadd_64ns_64ns_64_4_full_dsp_1_U1/bbgemm_dadd_64ns_64ns_64_4_full_dsp_1_ip_u/inst/i_synth/ADDSUB_OP.ADDSUB/LOGIC_SPEED.OP/A_IP_DELAY/i_pipe/CHAIN_GEN[9].C_MUX.CARRY_MUX_i_3/O
                         net (fo=6, routed)           0.348     1.469    bd_0_i/hls_inst/inst/dadd_64ns_64ns_64_4_full_dsp_1_U1/bbgemm_dadd_64ns_64ns_64_4_full_dsp_1_ip_u/inst/i_synth/ADDSUB_OP.ADDSUB/LOGIC_SPEED.OP/A_IP_DELAY/i_pipe/opt_has_pipe.first_q_reg[51]_0[27]
    SLICE_X73Y18         LUT4 (Prop_B6LUT_SLICEL_I1_O)
                                                      0.090     1.559 r  bd_0_i/hls_inst/inst/dadd_64ns_64ns_64_4_full_dsp_1_U1/bbgemm_dadd_64ns_64ns_64_4_full_dsp_1_ip_u/inst/i_synth/ADDSUB_OP.ADDSUB/LOGIC_SPEED.OP/A_IP_DELAY/i_pipe/CHAIN_GEN[9].C_MUX.CARRY_MUX_i_1/O
                         net (fo=1, routed)           0.009     1.568    bd_0_i/hls_inst/inst/dadd_64ns_64ns_64_4_full_dsp_1_U1/bbgemm_dadd_64ns_64ns_64_4_full_dsp_1_ip_u/inst/i_synth/ADDSUB_OP.ADDSUB/LOGIC_SPEED.OP/ALIGN_BLK/ALIGN_SHIFT/ALIGN_Z_D/EQ_ZERO/CARRY_ZERO_DET/A[9]
    SLICE_X73Y18         CARRY8 (Prop_CARRY8_SLICEL_S[1]_CO[4])
                                                      0.209     1.777 f  bd_0_i/hls_inst/inst/dadd_64ns_64ns_64_4_full_dsp_1_U1/bbgemm_dadd_64ns_64ns_64_4_full_dsp_1_ip_u/inst/i_synth/ADDSUB_OP.ADDSUB/LOGIC_SPEED.OP/ALIGN_BLK/ALIGN_SHIFT/ALIGN_Z_D/EQ_ZERO/CARRY_ZERO_DET/CHAIN_GEN[8].C_MUX.CARRY_MUX_CARRY4_CARRY8/CO[4]
                         net (fo=2, routed)           0.273     2.050    bd_0_i/hls_inst/inst/dadd_64ns_64ns_64_4_full_dsp_1_U1/bbgemm_dadd_64ns_64ns_64_4_full_dsp_1_ip_u/inst/i_synth/ADDSUB_OP.ADDSUB/LOGIC_SPEED.OP/A_IP_DELAY/i_pipe/MUX_LOOP[2].OTHER_LEVELS.DO_CHUNKS[0].LUT6_STRUCT_MUX.MUX1_i_6[0]
    SLICE_X72Y24         LUT6 (Prop_H6LUT_SLICEM_I4_O)
                                                      0.090     2.140 f  bd_0_i/hls_inst/inst/dadd_64ns_64ns_64_4_full_dsp_1_U1/bbgemm_dadd_64ns_64ns_64_4_full_dsp_1_ip_u/inst/i_synth/ADDSUB_OP.ADDSUB/LOGIC_SPEED.OP/A_IP_DELAY/i_pipe/MUX_LOOP[2].OTHER_LEVELS.DO_CHUNKS[0].LUT6_STRUCT_MUX.MUX1_i_9/O
                         net (fo=1, routed)           0.094     2.234    bd_0_i/hls_inst/inst/dadd_64ns_64ns_64_4_full_dsp_1_U1/bbgemm_dadd_64ns_64ns_64_4_full_dsp_1_ip_u/inst/i_synth/ADDSUB_OP.ADDSUB/LOGIC_SPEED.OP/EXP/BMA_EXP_DELAY/i_pipe/MUX_LOOP[2].OTHER_LEVELS.DO_CHUNKS[0].LUT6_STRUCT_MUX.MUX1_0
    SLICE_X72Y23         LUT5 (Prop_E6LUT_SLICEM_I2_O)
                                                      0.100     2.334 f  bd_0_i/hls_inst/inst/dadd_64ns_64ns_64_4_full_dsp_1_U1/bbgemm_dadd_64ns_64ns_64_4_full_dsp_1_ip_u/inst/i_synth/ADDSUB_OP.ADDSUB/LOGIC_SPEED.OP/EXP/BMA_EXP_DELAY/i_pipe/MUX_LOOP[2].OTHER_LEVELS.DO_CHUNKS[0].LUT6_STRUCT_MUX.MUX1_i_6/O
                         net (fo=1, routed)           0.214     2.548    bd_0_i/hls_inst/inst/dadd_64ns_64ns_64_4_full_dsp_1_U1/bbgemm_dadd_64ns_64ns_64_4_full_dsp_1_ip_u/inst/i_synth/ADDSUB_OP.ADDSUB/LOGIC_SPEED.OP/EXP/BMA_EXP_DELAY/i_pipe/MUX_LOOP[2].OTHER_LEVELS.DO_CHUNKS[0].LUT6_STRUCT_MUX.MUX1_i_6_n_0
    SLICE_X71Y18         LUT6 (Prop_A6LUT_SLICEM_I0_O)
                                                      0.053     2.601 f  bd_0_i/hls_inst/inst/dadd_64ns_64ns_64_4_full_dsp_1_U1/bbgemm_dadd_64ns_64ns_64_4_full_dsp_1_ip_u/inst/i_synth/ADDSUB_OP.ADDSUB/LOGIC_SPEED.OP/EXP/BMA_EXP_DELAY/i_pipe/MUX_LOOP[2].OTHER_LEVELS.DO_CHUNKS[0].LUT6_STRUCT_MUX.MUX1_i_2/O
                         net (fo=1, routed)           0.011     2.612    bd_0_i/hls_inst/inst/dadd_64ns_64ns_64_4_full_dsp_1_U1/bbgemm_dadd_64ns_64ns_64_4_full_dsp_1_ip_u/inst/i_synth/ADDSUB_OP.ADDSUB/LOGIC_SPEED.OP/ALIGN_BLK/ALIGN_SHIFT/ALIGN_Z_D/zero_det_unreg[1]_1[3]
    SLICE_X71Y18         MUXF7 (Prop_F7MUX_AB_SLICEM_I1_O)
                                                      0.058     2.670 f  bd_0_i/hls_inst/inst/dadd_64ns_64ns_64_4_full_dsp_1_U1/bbgemm_dadd_64ns_64ns_64_4_full_dsp_1_ip_u/inst/i_synth/ADDSUB_OP.ADDSUB/LOGIC_SPEED.OP/ALIGN_BLK/ALIGN_SHIFT/ALIGN_Z_D/MUX_LOOP[2].OTHER_LEVELS.DO_CHUNKS[0].LUT6_STRUCT_MUX.MUX1/O
                         net (fo=1, routed)           0.000     2.670    bd_0_i/hls_inst/inst/dadd_64ns_64ns_64_4_full_dsp_1_U1/bbgemm_dadd_64ns_64ns_64_4_full_dsp_1_ip_u/inst/i_synth/ADDSUB_OP.ADDSUB/LOGIC_SPEED.OP/ALIGN_BLK/ALIGN_SHIFT/ALIGN_Z_D/MUX_LOOP[2].OTHER_LEVELS.DO_CHUNKS[0].LUT6_STRUCT_MUX.mux0_1
    SLICE_X71Y18         MUXF8 (Prop_F8MUX_BOT_SLICEM_I1_O)
                                                      0.035     2.705 f  bd_0_i/hls_inst/inst/dadd_64ns_64ns_64_4_full_dsp_1_U1/bbgemm_dadd_64ns_64ns_64_4_full_dsp_1_ip_u/inst/i_synth/ADDSUB_OP.ADDSUB/LOGIC_SPEED.OP/ALIGN_BLK/ALIGN_SHIFT/ALIGN_Z_D/MUX_LOOP[2].OTHER_LEVELS.DO_CHUNKS[0].LUT6_STRUCT_MUX.MUX2/O
                         net (fo=2, routed)           0.300     3.005    bd_0_i/hls_inst/inst/dadd_64ns_64ns_64_4_full_dsp_1_U1/bbgemm_dadd_64ns_64ns_64_4_full_dsp_1_ip_u/inst/i_synth/ADDSUB_OP.ADDSUB/LOGIC_SPEED.OP/EXP/SUB_DELAY/i_pipe/zeros
    SLICE_X71Y26         LUT2 (Prop_E6LUT_SLICEM_I1_O)
                                                      0.091     3.096 r  bd_0_i/hls_inst/inst/dadd_64ns_64ns_64_4_full_dsp_1_U1/bbgemm_dadd_64ns_64ns_64_4_full_dsp_1_ip_u/inst/i_synth/ADDSUB_OP.ADDSUB/LOGIC_SPEED.OP/EXP/SUB_DELAY/i_pipe/i_no_versal_es1_workaround.DSP_i_1/O
                         net (fo=1, routed)           0.181     3.277    bd_0_i/hls_inst/inst/dadd_64ns_64ns_64_4_full_dsp_1_U1/bbgemm_dadd_64ns_64ns_64_4_full_dsp_1_ip_u/inst/i_synth/ADDSUB_OP.ADDSUB/LOGIC_SPEED.OP/ALIGN_BLK/FRAC_ADDSUB/DSP_ADD.FRAC_ADDSUB/i_no_versal_es1_workaround.DSP48E1_ADD.DSP48E1_ADD/i_no_versal_es1_workaround.DSP/CARRYIN
    DSP48E2_X9Y4         DSP_ALU (Prop_DSP_ALU_DSP48E2_CARRYIN_ALU_OUT[47])
                                                      0.517     3.794 f  bd_0_i/hls_inst/inst/dadd_64ns_64ns_64_4_full_dsp_1_U1/bbgemm_dadd_64ns_64ns_64_4_full_dsp_1_ip_u/inst/i_synth/ADDSUB_OP.ADDSUB/LOGIC_SPEED.OP/ALIGN_BLK/FRAC_ADDSUB/DSP_ADD.FRAC_ADDSUB/i_no_versal_es1_workaround.DSP48E1_ADD.DSP48E1_ADD/i_no_versal_es1_workaround.DSP/DSP_ALU_INST/ALU_OUT[47]
                         net (fo=1, routed)           0.000     3.794    bd_0_i/hls_inst/inst/dadd_64ns_64ns_64_4_full_dsp_1_U1/bbgemm_dadd_64ns_64ns_64_4_full_dsp_1_ip_u/inst/i_synth/ADDSUB_OP.ADDSUB/LOGIC_SPEED.OP/ALIGN_BLK/FRAC_ADDSUB/DSP_ADD.FRAC_ADDSUB/i_no_versal_es1_workaround.DSP48E1_ADD.DSP48E1_ADD/i_no_versal_es1_workaround.DSP/DSP_ALU.ALU_OUT<47>
    DSP48E2_X9Y4         DSP_OUTPUT (Prop_DSP_OUTPUT_DSP48E2_ALU_OUT[47]_P[47])
                                                      0.109     3.903 r  bd_0_i/hls_inst/inst/dadd_64ns_64ns_64_4_full_dsp_1_U1/bbgemm_dadd_64ns_64ns_64_4_full_dsp_1_ip_u/inst/i_synth/ADDSUB_OP.ADDSUB/LOGIC_SPEED.OP/ALIGN_BLK/FRAC_ADDSUB/DSP_ADD.FRAC_ADDSUB/i_no_versal_es1_workaround.DSP48E1_ADD.DSP48E1_ADD/i_no_versal_es1_workaround.DSP/DSP_OUTPUT_INST/P[47]
                         net (fo=16, routed)          0.337     4.241    bd_0_i/hls_inst/inst/dadd_64ns_64ns_64_4_full_dsp_1_U1/bbgemm_dadd_64ns_64ns_64_4_full_dsp_1_ip_u/inst/i_synth/ADDSUB_OP.ADDSUB/LOGIC_SPEED.OP/ALIGN_BLK/FRAC_ADDSUB/DSP_ADD.FRAC_ADDSUB/i_no_versal_es1_workaround.LOGIC_ADD.ADD_0/P[0]
    SLICE_X69Y25         LUT5 (Prop_G6LUT_SLICEL_I3_O)
                                                      0.035     4.276 f  bd_0_i/hls_inst/inst/dadd_64ns_64ns_64_4_full_dsp_1_U1/bbgemm_dadd_64ns_64ns_64_4_full_dsp_1_ip_u/inst/i_synth/ADDSUB_OP.ADDSUB/LOGIC_SPEED.OP/ALIGN_BLK/FRAC_ADDSUB/DSP_ADD.FRAC_ADDSUB/i_no_versal_es1_workaround.LOGIC_ADD.ADD_0/CHAIN_GEN[0].C_MUX.CARRY_MUX_i_2__1/O
                         net (fo=2, routed)           0.187     4.463    bd_0_i/hls_inst/inst/dadd_64ns_64ns_64_4_full_dsp_1_U1/bbgemm_dadd_64ns_64ns_64_4_full_dsp_1_ip_u/inst/i_synth/ADDSUB_OP.ADDSUB/LOGIC_SPEED.OP/ALIGN_BLK/FRAC_ADDSUB/DSP_ADD.FRAC_ADDSUB/i_no_versal_es1_workaround.LOGIC_ADD.ADD_0/CHAIN_GEN[6].Q_XOR.SUM_XOR_0
    SLICE_X69Y26         LUT6 (Prop_A6LUT_SLICEL_I5_O)
                                                      0.090     4.553 r  bd_0_i/hls_inst/inst/dadd_64ns_64ns_64_4_full_dsp_1_U1/bbgemm_dadd_64ns_64ns_64_4_full_dsp_1_ip_u/inst/i_synth/ADDSUB_OP.ADDSUB/LOGIC_SPEED.OP/ALIGN_BLK/FRAC_ADDSUB/DSP_ADD.FRAC_ADDSUB/i_no_versal_es1_workaround.LOGIC_ADD.ADD_0/CHAIN_GEN[0].C_MUX.CARRY_MUX_i_1__3/O
                         net (fo=1, routed)           0.009     4.562    bd_0_i/hls_inst/inst/dadd_64ns_64ns_64_4_full_dsp_1_U1/bbgemm_dadd_64ns_64ns_64_4_full_dsp_1_ip_u/inst/i_synth/ADDSUB_OP.ADDSUB/LOGIC_SPEED.OP/NORM/LZE/ZERO_DET_CC_1/chunk_is_zero[0]
    SLICE_X69Y26         CARRY8 (Prop_CARRY8_SLICEL_S[0]_CO[7])
                                                      0.204     4.766 r  bd_0_i/hls_inst/inst/dadd_64ns_64ns_64_4_full_dsp_1_U1/bbgemm_dadd_64ns_64ns_64_4_full_dsp_1_ip_u/inst/i_synth/ADDSUB_OP.ADDSUB/LOGIC_SPEED.OP/NORM/LZE/ZERO_DET_CC_1/CHAIN_GEN[0].C_MUX.CARRY_MUX_CARRY4_CARRY8/CO[7]
                         net (fo=67, routed)          0.169     4.935    bd_0_i/hls_inst/inst/dadd_64ns_64ns_64_4_full_dsp_1_U1/bbgemm_dadd_64ns_64ns_64_4_full_dsp_1_ip_u/inst/i_synth/ADDSUB_OP.ADDSUB/LOGIC_SPEED.OP/NORM/NORM_SHIFT/MUX_LOOP[0].DEL_SHIFT/i_pipe/opt_has_pipe.first_q_reg[55]_2[1]
    SLICE_X68Y26         LUT2 (Prop_C5LUT_SLICEL_I0_O)
                                                      0.068     5.003 r  bd_0_i/hls_inst/inst/dadd_64ns_64ns_64_4_full_dsp_1_U1/bbgemm_dadd_64ns_64ns_64_4_full_dsp_1_ip_u/inst/i_synth/ADDSUB_OP.ADDSUB/LOGIC_SPEED.OP/NORM/NORM_SHIFT/MUX_LOOP[0].DEL_SHIFT/i_pipe/opt_has_pipe.first_q[55]_i_1/O
                         net (fo=16, routed)          0.476     5.479    bd_0_i/hls_inst/inst/dadd_64ns_64ns_64_4_full_dsp_1_U1/bbgemm_dadd_64ns_64ns_64_4_full_dsp_1_ip_u/inst/i_synth/ADDSUB_OP.ADDSUB/LOGIC_SPEED.OP/NORM/NORM_SHIFT/MUX_LOOP[0].DEL_SHIFT/i_pipe/opt_has_pipe.first_q[55]_i_1_n_0
    SLICE_X65Y29         FDRE                                         r  bd_0_i/hls_inst/inst/dadd_64ns_64ns_64_4_full_dsp_1_U1/bbgemm_dadd_64ns_64ns_64_4_full_dsp_1_ip_u/inst/i_synth/ADDSUB_OP.ADDSUB/LOGIC_SPEED.OP/NORM/NORM_SHIFT/MUX_LOOP[0].DEL_SHIFT/i_pipe/opt_has_pipe.first_q_reg[45]/R
  -------------------------------------------------------------------    -------------------

                         (clock ap_clk rise edge)     8.000     8.000 r  
                                                      0.000     8.000 r  ap_clk (IN)
                         net (fo=1053, unset)         0.021     8.021    bd_0_i/hls_inst/inst/dadd_64ns_64ns_64_4_full_dsp_1_U1/bbgemm_dadd_64ns_64ns_64_4_full_dsp_1_ip_u/inst/i_synth/ADDSUB_OP.ADDSUB/LOGIC_SPEED.OP/NORM/NORM_SHIFT/MUX_LOOP[0].DEL_SHIFT/i_pipe/aclk
    SLICE_X65Y29         FDRE                                         r  bd_0_i/hls_inst/inst/dadd_64ns_64ns_64_4_full_dsp_1_U1/bbgemm_dadd_64ns_64ns_64_4_full_dsp_1_ip_u/inst/i_synth/ADDSUB_OP.ADDSUB/LOGIC_SPEED.OP/NORM/NORM_SHIFT/MUX_LOOP[0].DEL_SHIFT/i_pipe/opt_has_pipe.first_q_reg[45]/C
                         clock pessimism              0.000     8.021    
                         clock uncertainty           -0.035     7.986    
    SLICE_X65Y29         FDRE (Setup_EFF2_SLICEM_C_R)
                                                     -0.074     7.912    bd_0_i/hls_inst/inst/dadd_64ns_64ns_64_4_full_dsp_1_U1/bbgemm_dadd_64ns_64ns_64_4_full_dsp_1_ip_u/inst/i_synth/ADDSUB_OP.ADDSUB/LOGIC_SPEED.OP/NORM/NORM_SHIFT/MUX_LOOP[0].DEL_SHIFT/i_pipe/opt_has_pipe.first_q_reg[45]
  -------------------------------------------------------------------
                         required time                          7.912    
                         arrival time                          -5.479    
  -------------------------------------------------------------------
                         slack                                  2.433    

Slack (MET) :             2.433ns  (required time - arrival time)
  Source:                 bd_0_i/hls_inst/inst/dadd_64ns_64ns_64_4_full_dsp_1_U1/bbgemm_dadd_64ns_64ns_64_4_full_dsp_1_ip_u/inst/i_synth/ADDSUB_OP.ADDSUB/LOGIC_SPEED.OP/EXP/NUMB_CMP/FAST_CMP.CMP_TOP/C_CHAIN/CHAIN_GEN[15].CARRYS_DEL.NEED_DEL.CARRYS_FD/C
                            (rising edge-triggered cell FDRE clocked by ap_clk  {rise@0.000ns fall@4.000ns period=8.000ns})
  Destination:            bd_0_i/hls_inst/inst/dadd_64ns_64ns_64_4_full_dsp_1_U1/bbgemm_dadd_64ns_64ns_64_4_full_dsp_1_ip_u/inst/i_synth/ADDSUB_OP.ADDSUB/LOGIC_SPEED.OP/NORM/NORM_SHIFT/MUX_LOOP[0].DEL_SHIFT/i_pipe/opt_has_pipe.first_q_reg[49]/R
                            (rising edge-triggered cell FDRE clocked by ap_clk  {rise@0.000ns fall@4.000ns period=8.000ns})
  Path Group:             ap_clk
  Path Type:              Setup (Max at Slow Process Corner)
  Requirement:            8.000ns  (ap_clk rise@8.000ns - ap_clk rise@0.000ns)
  Data Path Delay:        5.450ns  (logic 2.102ns (38.568%)  route 3.348ns (61.432%))
  Logic Levels:           16  (CARRY8=2 DSP_ALU=1 DSP_OUTPUT=1 LUT2=2 LUT3=1 LUT4=1 LUT5=2 LUT6=4 MUXF7=1 MUXF8=1)
  Clock Path Skew:        -0.008ns (DCD - SCD + CPR)
    Destination Clock Delay (DCD):    0.021ns = ( 8.021 - 8.000 ) 
    Source Clock Delay      (SCD):    0.029ns
    Clock Pessimism Removal (CPR):    0.000ns
  Clock Uncertainty:      0.035ns  ((TSJ^2 + TIJ^2)^1/2 + DJ) / 2 + PE
    Total System Jitter     (TSJ):    0.071ns
    Total Input Jitter      (TIJ):    0.000ns
    Discrete Jitter          (DJ):    0.000ns
    Phase Error              (PE):    0.000ns

    Location             Delay type                Incr(ns)  Path(ns)    Netlist Resource(s)
  -------------------------------------------------------------------    -------------------
                         (clock ap_clk rise edge)     0.000     0.000 r  
                                                      0.000     0.000 r  ap_clk (IN)
                         net (fo=1053, unset)         0.029     0.029    bd_0_i/hls_inst/inst/dadd_64ns_64ns_64_4_full_dsp_1_U1/bbgemm_dadd_64ns_64ns_64_4_full_dsp_1_ip_u/inst/i_synth/ADDSUB_OP.ADDSUB/LOGIC_SPEED.OP/EXP/NUMB_CMP/FAST_CMP.CMP_TOP/C_CHAIN/aclk
    SLICE_X73Y27         FDRE                                         r  bd_0_i/hls_inst/inst/dadd_64ns_64ns_64_4_full_dsp_1_U1/bbgemm_dadd_64ns_64ns_64_4_full_dsp_1_ip_u/inst/i_synth/ADDSUB_OP.ADDSUB/LOGIC_SPEED.OP/EXP/NUMB_CMP/FAST_CMP.CMP_TOP/C_CHAIN/CHAIN_GEN[15].CARRYS_DEL.NEED_DEL.CARRYS_FD/C
  -------------------------------------------------------------------    -------------------
    SLICE_X73Y27         FDRE (Prop_HFF_SLICEL_C_Q)
                                                      0.079     0.108 r  bd_0_i/hls_inst/inst/dadd_64ns_64ns_64_4_full_dsp_1_U1/bbgemm_dadd_64ns_64ns_64_4_full_dsp_1_ip_u/inst/i_synth/ADDSUB_OP.ADDSUB/LOGIC_SPEED.OP/EXP/NUMB_CMP/FAST_CMP.CMP_TOP/C_CHAIN/CHAIN_GEN[15].CARRYS_DEL.NEED_DEL.CARRYS_FD/Q
                         net (fo=5, routed)           0.226     0.334    bd_0_i/hls_inst/inst/dadd_64ns_64ns_64_4_full_dsp_1_U1/bbgemm_dadd_64ns_64ns_64_4_full_dsp_1_ip_u/inst/i_synth/ADDSUB_OP.ADDSUB/LOGIC_SPEED.OP/EXP/NUMB_CMP/FAST_CMP.CMP_BOT/C_CHAIN/CHAIN_GEN[0].C_MUX.CARRY_MUX_1[0]
    SLICE_X73Y19         LUT3 (Prop_D6LUT_SLICEL_I2_O)
                                                      0.122     0.456 r  bd_0_i/hls_inst/inst/dadd_64ns_64ns_64_4_full_dsp_1_U1/bbgemm_dadd_64ns_64ns_64_4_full_dsp_1_ip_u/inst/i_synth/ADDSUB_OP.ADDSUB/LOGIC_SPEED.OP/EXP/NUMB_CMP/FAST_CMP.CMP_BOT/C_CHAIN/CHAIN_GEN[0].C_MUX.CARRY_MUX_i_2__0/O
                         net (fo=108, routed)         0.513     0.969    bd_0_i/hls_inst/inst/dadd_64ns_64ns_64_4_full_dsp_1_U1/bbgemm_dadd_64ns_64ns_64_4_full_dsp_1_ip_u/inst/i_synth/ADDSUB_OP.ADDSUB/LOGIC_SPEED.OP/A_IP_DELAY/i_pipe/b_largest
    SLICE_X76Y24         LUT6 (Prop_H6LUT_SLICEM_I4_O)
                                                      0.152     1.121 f  bd_0_i/hls_inst/inst/dadd_64ns_64ns_64_4_full_dsp_1_U1/bbgemm_dadd_64ns_64ns_64_4_full_dsp_1_ip_u/inst/i_synth/ADDSUB_OP.ADDSUB/LOGIC_SPEED.OP/A_IP_DELAY/i_pipe/CHAIN_GEN[9].C_MUX.CARRY_MUX_i_3/O
                         net (fo=6, routed)           0.348     1.469    bd_0_i/hls_inst/inst/dadd_64ns_64ns_64_4_full_dsp_1_U1/bbgemm_dadd_64ns_64ns_64_4_full_dsp_1_ip_u/inst/i_synth/ADDSUB_OP.ADDSUB/LOGIC_SPEED.OP/A_IP_DELAY/i_pipe/opt_has_pipe.first_q_reg[51]_0[27]
    SLICE_X73Y18         LUT4 (Prop_B6LUT_SLICEL_I1_O)
                                                      0.090     1.559 r  bd_0_i/hls_inst/inst/dadd_64ns_64ns_64_4_full_dsp_1_U1/bbgemm_dadd_64ns_64ns_64_4_full_dsp_1_ip_u/inst/i_synth/ADDSUB_OP.ADDSUB/LOGIC_SPEED.OP/A_IP_DELAY/i_pipe/CHAIN_GEN[9].C_MUX.CARRY_MUX_i_1/O
                         net (fo=1, routed)           0.009     1.568    bd_0_i/hls_inst/inst/dadd_64ns_64ns_64_4_full_dsp_1_U1/bbgemm_dadd_64ns_64ns_64_4_full_dsp_1_ip_u/inst/i_synth/ADDSUB_OP.ADDSUB/LOGIC_SPEED.OP/ALIGN_BLK/ALIGN_SHIFT/ALIGN_Z_D/EQ_ZERO/CARRY_ZERO_DET/A[9]
    SLICE_X73Y18         CARRY8 (Prop_CARRY8_SLICEL_S[1]_CO[4])
                                                      0.209     1.777 f  bd_0_i/hls_inst/inst/dadd_64ns_64ns_64_4_full_dsp_1_U1/bbgemm_dadd_64ns_64ns_64_4_full_dsp_1_ip_u/inst/i_synth/ADDSUB_OP.ADDSUB/LOGIC_SPEED.OP/ALIGN_BLK/ALIGN_SHIFT/ALIGN_Z_D/EQ_ZERO/CARRY_ZERO_DET/CHAIN_GEN[8].C_MUX.CARRY_MUX_CARRY4_CARRY8/CO[4]
                         net (fo=2, routed)           0.273     2.050    bd_0_i/hls_inst/inst/dadd_64ns_64ns_64_4_full_dsp_1_U1/bbgemm_dadd_64ns_64ns_64_4_full_dsp_1_ip_u/inst/i_synth/ADDSUB_OP.ADDSUB/LOGIC_SPEED.OP/A_IP_DELAY/i_pipe/MUX_LOOP[2].OTHER_LEVELS.DO_CHUNKS[0].LUT6_STRUCT_MUX.MUX1_i_6[0]
    SLICE_X72Y24         LUT6 (Prop_H6LUT_SLICEM_I4_O)
                                                      0.090     2.140 f  bd_0_i/hls_inst/inst/dadd_64ns_64ns_64_4_full_dsp_1_U1/bbgemm_dadd_64ns_64ns_64_4_full_dsp_1_ip_u/inst/i_synth/ADDSUB_OP.ADDSUB/LOGIC_SPEED.OP/A_IP_DELAY/i_pipe/MUX_LOOP[2].OTHER_LEVELS.DO_CHUNKS[0].LUT6_STRUCT_MUX.MUX1_i_9/O
                         net (fo=1, routed)           0.094     2.234    bd_0_i/hls_inst/inst/dadd_64ns_64ns_64_4_full_dsp_1_U1/bbgemm_dadd_64ns_64ns_64_4_full_dsp_1_ip_u/inst/i_synth/ADDSUB_OP.ADDSUB/LOGIC_SPEED.OP/EXP/BMA_EXP_DELAY/i_pipe/MUX_LOOP[2].OTHER_LEVELS.DO_CHUNKS[0].LUT6_STRUCT_MUX.MUX1_0
    SLICE_X72Y23         LUT5 (Prop_E6LUT_SLICEM_I2_O)
                                                      0.100     2.334 f  bd_0_i/hls_inst/inst/dadd_64ns_64ns_64_4_full_dsp_1_U1/bbgemm_dadd_64ns_64ns_64_4_full_dsp_1_ip_u/inst/i_synth/ADDSUB_OP.ADDSUB/LOGIC_SPEED.OP/EXP/BMA_EXP_DELAY/i_pipe/MUX_LOOP[2].OTHER_LEVELS.DO_CHUNKS[0].LUT6_STRUCT_MUX.MUX1_i_6/O
                         net (fo=1, routed)           0.214     2.548    bd_0_i/hls_inst/inst/dadd_64ns_64ns_64_4_full_dsp_1_U1/bbgemm_dadd_64ns_64ns_64_4_full_dsp_1_ip_u/inst/i_synth/ADDSUB_OP.ADDSUB/LOGIC_SPEED.OP/EXP/BMA_EXP_DELAY/i_pipe/MUX_LOOP[2].OTHER_LEVELS.DO_CHUNKS[0].LUT6_STRUCT_MUX.MUX1_i_6_n_0
    SLICE_X71Y18         LUT6 (Prop_A6LUT_SLICEM_I0_O)
                                                      0.053     2.601 f  bd_0_i/hls_inst/inst/dadd_64ns_64ns_64_4_full_dsp_1_U1/bbgemm_dadd_64ns_64ns_64_4_full_dsp_1_ip_u/inst/i_synth/ADDSUB_OP.ADDSUB/LOGIC_SPEED.OP/EXP/BMA_EXP_DELAY/i_pipe/MUX_LOOP[2].OTHER_LEVELS.DO_CHUNKS[0].LUT6_STRUCT_MUX.MUX1_i_2/O
                         net (fo=1, routed)           0.011     2.612    bd_0_i/hls_inst/inst/dadd_64ns_64ns_64_4_full_dsp_1_U1/bbgemm_dadd_64ns_64ns_64_4_full_dsp_1_ip_u/inst/i_synth/ADDSUB_OP.ADDSUB/LOGIC_SPEED.OP/ALIGN_BLK/ALIGN_SHIFT/ALIGN_Z_D/zero_det_unreg[1]_1[3]
    SLICE_X71Y18         MUXF7 (Prop_F7MUX_AB_SLICEM_I1_O)
                                                      0.058     2.670 f  bd_0_i/hls_inst/inst/dadd_64ns_64ns_64_4_full_dsp_1_U1/bbgemm_dadd_64ns_64ns_64_4_full_dsp_1_ip_u/inst/i_synth/ADDSUB_OP.ADDSUB/LOGIC_SPEED.OP/ALIGN_BLK/ALIGN_SHIFT/ALIGN_Z_D/MUX_LOOP[2].OTHER_LEVELS.DO_CHUNKS[0].LUT6_STRUCT_MUX.MUX1/O
                         net (fo=1, routed)           0.000     2.670    bd_0_i/hls_inst/inst/dadd_64ns_64ns_64_4_full_dsp_1_U1/bbgemm_dadd_64ns_64ns_64_4_full_dsp_1_ip_u/inst/i_synth/ADDSUB_OP.ADDSUB/LOGIC_SPEED.OP/ALIGN_BLK/ALIGN_SHIFT/ALIGN_Z_D/MUX_LOOP[2].OTHER_LEVELS.DO_CHUNKS[0].LUT6_STRUCT_MUX.mux0_1
    SLICE_X71Y18         MUXF8 (Prop_F8MUX_BOT_SLICEM_I1_O)
                                                      0.035     2.705 f  bd_0_i/hls_inst/inst/dadd_64ns_64ns_64_4_full_dsp_1_U1/bbgemm_dadd_64ns_64ns_64_4_full_dsp_1_ip_u/inst/i_synth/ADDSUB_OP.ADDSUB/LOGIC_SPEED.OP/ALIGN_BLK/ALIGN_SHIFT/ALIGN_Z_D/MUX_LOOP[2].OTHER_LEVELS.DO_CHUNKS[0].LUT6_STRUCT_MUX.MUX2/O
                         net (fo=2, routed)           0.300     3.005    bd_0_i/hls_inst/inst/dadd_64ns_64ns_64_4_full_dsp_1_U1/bbgemm_dadd_64ns_64ns_64_4_full_dsp_1_ip_u/inst/i_synth/ADDSUB_OP.ADDSUB/LOGIC_SPEED.OP/EXP/SUB_DELAY/i_pipe/zeros
    SLICE_X71Y26         LUT2 (Prop_E6LUT_SLICEM_I1_O)
                                                      0.091     3.096 r  bd_0_i/hls_inst/inst/dadd_64ns_64ns_64_4_full_dsp_1_U1/bbgemm_dadd_64ns_64ns_64_4_full_dsp_1_ip_u/inst/i_synth/ADDSUB_OP.ADDSUB/LOGIC_SPEED.OP/EXP/SUB_DELAY/i_pipe/i_no_versal_es1_workaround.DSP_i_1/O
                         net (fo=1, routed)           0.181     3.277    bd_0_i/hls_inst/inst/dadd_64ns_64ns_64_4_full_dsp_1_U1/bbgemm_dadd_64ns_64ns_64_4_full_dsp_1_ip_u/inst/i_synth/ADDSUB_OP.ADDSUB/LOGIC_SPEED.OP/ALIGN_BLK/FRAC_ADDSUB/DSP_ADD.FRAC_ADDSUB/i_no_versal_es1_workaround.DSP48E1_ADD.DSP48E1_ADD/i_no_versal_es1_workaround.DSP/CARRYIN
    DSP48E2_X9Y4         DSP_ALU (Prop_DSP_ALU_DSP48E2_CARRYIN_ALU_OUT[47])
                                                      0.517     3.794 f  bd_0_i/hls_inst/inst/dadd_64ns_64ns_64_4_full_dsp_1_U1/bbgemm_dadd_64ns_64ns_64_4_full_dsp_1_ip_u/inst/i_synth/ADDSUB_OP.ADDSUB/LOGIC_SPEED.OP/ALIGN_BLK/FRAC_ADDSUB/DSP_ADD.FRAC_ADDSUB/i_no_versal_es1_workaround.DSP48E1_ADD.DSP48E1_ADD/i_no_versal_es1_workaround.DSP/DSP_ALU_INST/ALU_OUT[47]
                         net (fo=1, routed)           0.000     3.794    bd_0_i/hls_inst/inst/dadd_64ns_64ns_64_4_full_dsp_1_U1/bbgemm_dadd_64ns_64ns_64_4_full_dsp_1_ip_u/inst/i_synth/ADDSUB_OP.ADDSUB/LOGIC_SPEED.OP/ALIGN_BLK/FRAC_ADDSUB/DSP_ADD.FRAC_ADDSUB/i_no_versal_es1_workaround.DSP48E1_ADD.DSP48E1_ADD/i_no_versal_es1_workaround.DSP/DSP_ALU.ALU_OUT<47>
    DSP48E2_X9Y4         DSP_OUTPUT (Prop_DSP_OUTPUT_DSP48E2_ALU_OUT[47]_P[47])
                                                      0.109     3.903 r  bd_0_i/hls_inst/inst/dadd_64ns_64ns_64_4_full_dsp_1_U1/bbgemm_dadd_64ns_64ns_64_4_full_dsp_1_ip_u/inst/i_synth/ADDSUB_OP.ADDSUB/LOGIC_SPEED.OP/ALIGN_BLK/FRAC_ADDSUB/DSP_ADD.FRAC_ADDSUB/i_no_versal_es1_workaround.DSP48E1_ADD.DSP48E1_ADD/i_no_versal_es1_workaround.DSP/DSP_OUTPUT_INST/P[47]
                         net (fo=16, routed)          0.337     4.241    bd_0_i/hls_inst/inst/dadd_64ns_64ns_64_4_full_dsp_1_U1/bbgemm_dadd_64ns_64ns_64_4_full_dsp_1_ip_u/inst/i_synth/ADDSUB_OP.ADDSUB/LOGIC_SPEED.OP/ALIGN_BLK/FRAC_ADDSUB/DSP_ADD.FRAC_ADDSUB/i_no_versal_es1_workaround.LOGIC_ADD.ADD_0/P[0]
    SLICE_X69Y25         LUT5 (Prop_G6LUT_SLICEL_I3_O)
                                                      0.035     4.276 f  bd_0_i/hls_inst/inst/dadd_64ns_64ns_64_4_full_dsp_1_U1/bbgemm_dadd_64ns_64ns_64_4_full_dsp_1_ip_u/inst/i_synth/ADDSUB_OP.ADDSUB/LOGIC_SPEED.OP/ALIGN_BLK/FRAC_ADDSUB/DSP_ADD.FRAC_ADDSUB/i_no_versal_es1_workaround.LOGIC_ADD.ADD_0/CHAIN_GEN[0].C_MUX.CARRY_MUX_i_2__1/O
                         net (fo=2, routed)           0.187     4.463    bd_0_i/hls_inst/inst/dadd_64ns_64ns_64_4_full_dsp_1_U1/bbgemm_dadd_64ns_64ns_64_4_full_dsp_1_ip_u/inst/i_synth/ADDSUB_OP.ADDSUB/LOGIC_SPEED.OP/ALIGN_BLK/FRAC_ADDSUB/DSP_ADD.FRAC_ADDSUB/i_no_versal_es1_workaround.LOGIC_ADD.ADD_0/CHAIN_GEN[6].Q_XOR.SUM_XOR_0
    SLICE_X69Y26         LUT6 (Prop_A6LUT_SLICEL_I5_O)
                                                      0.090     4.553 r  bd_0_i/hls_inst/inst/dadd_64ns_64ns_64_4_full_dsp_1_U1/bbgemm_dadd_64ns_64ns_64_4_full_dsp_1_ip_u/inst/i_synth/ADDSUB_OP.ADDSUB/LOGIC_SPEED.OP/ALIGN_BLK/FRAC_ADDSUB/DSP_ADD.FRAC_ADDSUB/i_no_versal_es1_workaround.LOGIC_ADD.ADD_0/CHAIN_GEN[0].C_MUX.CARRY_MUX_i_1__3/O
                         net (fo=1, routed)           0.009     4.562    bd_0_i/hls_inst/inst/dadd_64ns_64ns_64_4_full_dsp_1_U1/bbgemm_dadd_64ns_64ns_64_4_full_dsp_1_ip_u/inst/i_synth/ADDSUB_OP.ADDSUB/LOGIC_SPEED.OP/NORM/LZE/ZERO_DET_CC_1/chunk_is_zero[0]
    SLICE_X69Y26         CARRY8 (Prop_CARRY8_SLICEL_S[0]_CO[7])
                                                      0.204     4.766 r  bd_0_i/hls_inst/inst/dadd_64ns_64ns_64_4_full_dsp_1_U1/bbgemm_dadd_64ns_64ns_64_4_full_dsp_1_ip_u/inst/i_synth/ADDSUB_OP.ADDSUB/LOGIC_SPEED.OP/NORM/LZE/ZERO_DET_CC_1/CHAIN_GEN[0].C_MUX.CARRY_MUX_CARRY4_CARRY8/CO[7]
                         net (fo=67, routed)          0.169     4.935    bd_0_i/hls_inst/inst/dadd_64ns_64ns_64_4_full_dsp_1_U1/bbgemm_dadd_64ns_64ns_64_4_full_dsp_1_ip_u/inst/i_synth/ADDSUB_OP.ADDSUB/LOGIC_SPEED.OP/NORM/NORM_SHIFT/MUX_LOOP[0].DEL_SHIFT/i_pipe/opt_has_pipe.first_q_reg[55]_2[1]
    SLICE_X68Y26         LUT2 (Prop_C5LUT_SLICEL_I0_O)
                                                      0.068     5.003 r  bd_0_i/hls_inst/inst/dadd_64ns_64ns_64_4_full_dsp_1_U1/bbgemm_dadd_64ns_64ns_64_4_full_dsp_1_ip_u/inst/i_synth/ADDSUB_OP.ADDSUB/LOGIC_SPEED.OP/NORM/NORM_SHIFT/MUX_LOOP[0].DEL_SHIFT/i_pipe/opt_has_pipe.first_q[55]_i_1/O
                         net (fo=16, routed)          0.476     5.479    bd_0_i/hls_inst/inst/dadd_64ns_64ns_64_4_full_dsp_1_U1/bbgemm_dadd_64ns_64ns_64_4_full_dsp_1_ip_u/inst/i_synth/ADDSUB_OP.ADDSUB/LOGIC_SPEED.OP/NORM/NORM_SHIFT/MUX_LOOP[0].DEL_SHIFT/i_pipe/opt_has_pipe.first_q[55]_i_1_n_0
    SLICE_X65Y29         FDRE                                         r  bd_0_i/hls_inst/inst/dadd_64ns_64ns_64_4_full_dsp_1_U1/bbgemm_dadd_64ns_64ns_64_4_full_dsp_1_ip_u/inst/i_synth/ADDSUB_OP.ADDSUB/LOGIC_SPEED.OP/NORM/NORM_SHIFT/MUX_LOOP[0].DEL_SHIFT/i_pipe/opt_has_pipe.first_q_reg[49]/R
  -------------------------------------------------------------------    -------------------

                         (clock ap_clk rise edge)     8.000     8.000 r  
                                                      0.000     8.000 r  ap_clk (IN)
                         net (fo=1053, unset)         0.021     8.021    bd_0_i/hls_inst/inst/dadd_64ns_64ns_64_4_full_dsp_1_U1/bbgemm_dadd_64ns_64ns_64_4_full_dsp_1_ip_u/inst/i_synth/ADDSUB_OP.ADDSUB/LOGIC_SPEED.OP/NORM/NORM_SHIFT/MUX_LOOP[0].DEL_SHIFT/i_pipe/aclk
    SLICE_X65Y29         FDRE                                         r  bd_0_i/hls_inst/inst/dadd_64ns_64ns_64_4_full_dsp_1_U1/bbgemm_dadd_64ns_64ns_64_4_full_dsp_1_ip_u/inst/i_synth/ADDSUB_OP.ADDSUB/LOGIC_SPEED.OP/NORM/NORM_SHIFT/MUX_LOOP[0].DEL_SHIFT/i_pipe/opt_has_pipe.first_q_reg[49]/C
                         clock pessimism              0.000     8.021    
                         clock uncertainty           -0.035     7.986    
    SLICE_X65Y29         FDRE (Setup_FFF_SLICEM_C_R)
                                                     -0.074     7.912    bd_0_i/hls_inst/inst/dadd_64ns_64ns_64_4_full_dsp_1_U1/bbgemm_dadd_64ns_64ns_64_4_full_dsp_1_ip_u/inst/i_synth/ADDSUB_OP.ADDSUB/LOGIC_SPEED.OP/NORM/NORM_SHIFT/MUX_LOOP[0].DEL_SHIFT/i_pipe/opt_has_pipe.first_q_reg[49]
  -------------------------------------------------------------------
                         required time                          7.912    
                         arrival time                          -5.479    
  -------------------------------------------------------------------
                         slack                                  2.433    

Slack (MET) :             2.436ns  (required time - arrival time)
  Source:                 bd_0_i/hls_inst/inst/dadd_64ns_64ns_64_4_full_dsp_1_U1/bbgemm_dadd_64ns_64ns_64_4_full_dsp_1_ip_u/inst/i_synth/ADDSUB_OP.ADDSUB/LOGIC_SPEED.OP/EXP/NUMB_CMP/FAST_CMP.CMP_TOP/C_CHAIN/CHAIN_GEN[15].CARRYS_DEL.NEED_DEL.CARRYS_FD/C
                            (rising edge-triggered cell FDRE clocked by ap_clk  {rise@0.000ns fall@4.000ns period=8.000ns})
  Destination:            bd_0_i/hls_inst/inst/dadd_64ns_64ns_64_4_full_dsp_1_U1/bbgemm_dadd_64ns_64ns_64_4_full_dsp_1_ip_u/inst/i_synth/ADDSUB_OP.ADDSUB/LOGIC_SPEED.OP/NORM/NORM_SHIFT/MUX_LOOP[0].DEL_SHIFT/i_pipe/opt_has_pipe.first_q_reg[46]/R
                            (rising edge-triggered cell FDRE clocked by ap_clk  {rise@0.000ns fall@4.000ns period=8.000ns})
  Path Group:             ap_clk
  Path Type:              Setup (Max at Slow Process Corner)
  Requirement:            8.000ns  (ap_clk rise@8.000ns - ap_clk rise@0.000ns)
  Data Path Delay:        5.446ns  (logic 2.102ns (38.595%)  route 3.344ns (61.405%))
  Logic Levels:           16  (CARRY8=2 DSP_ALU=1 DSP_OUTPUT=1 LUT2=2 LUT3=1 LUT4=1 LUT5=2 LUT6=4 MUXF7=1 MUXF8=1)
  Clock Path Skew:        -0.008ns (DCD - SCD + CPR)
    Destination Clock Delay (DCD):    0.021ns = ( 8.021 - 8.000 ) 
    Source Clock Delay      (SCD):    0.029ns
    Clock Pessimism Removal (CPR):    0.000ns
  Clock Uncertainty:      0.035ns  ((TSJ^2 + TIJ^2)^1/2 + DJ) / 2 + PE
    Total System Jitter     (TSJ):    0.071ns
    Total Input Jitter      (TIJ):    0.000ns
    Discrete Jitter          (DJ):    0.000ns
    Phase Error              (PE):    0.000ns

    Location             Delay type                Incr(ns)  Path(ns)    Netlist Resource(s)
  -------------------------------------------------------------------    -------------------
                         (clock ap_clk rise edge)     0.000     0.000 r  
                                                      0.000     0.000 r  ap_clk (IN)
                         net (fo=1053, unset)         0.029     0.029    bd_0_i/hls_inst/inst/dadd_64ns_64ns_64_4_full_dsp_1_U1/bbgemm_dadd_64ns_64ns_64_4_full_dsp_1_ip_u/inst/i_synth/ADDSUB_OP.ADDSUB/LOGIC_SPEED.OP/EXP/NUMB_CMP/FAST_CMP.CMP_TOP/C_CHAIN/aclk
    SLICE_X73Y27         FDRE                                         r  bd_0_i/hls_inst/inst/dadd_64ns_64ns_64_4_full_dsp_1_U1/bbgemm_dadd_64ns_64ns_64_4_full_dsp_1_ip_u/inst/i_synth/ADDSUB_OP.ADDSUB/LOGIC_SPEED.OP/EXP/NUMB_CMP/FAST_CMP.CMP_TOP/C_CHAIN/CHAIN_GEN[15].CARRYS_DEL.NEED_DEL.CARRYS_FD/C
  -------------------------------------------------------------------    -------------------
    SLICE_X73Y27         FDRE (Prop_HFF_SLICEL_C_Q)
                                                      0.079     0.108 r  bd_0_i/hls_inst/inst/dadd_64ns_64ns_64_4_full_dsp_1_U1/bbgemm_dadd_64ns_64ns_64_4_full_dsp_1_ip_u/inst/i_synth/ADDSUB_OP.ADDSUB/LOGIC_SPEED.OP/EXP/NUMB_CMP/FAST_CMP.CMP_TOP/C_CHAIN/CHAIN_GEN[15].CARRYS_DEL.NEED_DEL.CARRYS_FD/Q
                         net (fo=5, routed)           0.226     0.334    bd_0_i/hls_inst/inst/dadd_64ns_64ns_64_4_full_dsp_1_U1/bbgemm_dadd_64ns_64ns_64_4_full_dsp_1_ip_u/inst/i_synth/ADDSUB_OP.ADDSUB/LOGIC_SPEED.OP/EXP/NUMB_CMP/FAST_CMP.CMP_BOT/C_CHAIN/CHAIN_GEN[0].C_MUX.CARRY_MUX_1[0]
    SLICE_X73Y19         LUT3 (Prop_D6LUT_SLICEL_I2_O)
                                                      0.122     0.456 r  bd_0_i/hls_inst/inst/dadd_64ns_64ns_64_4_full_dsp_1_U1/bbgemm_dadd_64ns_64ns_64_4_full_dsp_1_ip_u/inst/i_synth/ADDSUB_OP.ADDSUB/LOGIC_SPEED.OP/EXP/NUMB_CMP/FAST_CMP.CMP_BOT/C_CHAIN/CHAIN_GEN[0].C_MUX.CARRY_MUX_i_2__0/O
                         net (fo=108, routed)         0.513     0.969    bd_0_i/hls_inst/inst/dadd_64ns_64ns_64_4_full_dsp_1_U1/bbgemm_dadd_64ns_64ns_64_4_full_dsp_1_ip_u/inst/i_synth/ADDSUB_OP.ADDSUB/LOGIC_SPEED.OP/A_IP_DELAY/i_pipe/b_largest
    SLICE_X76Y24         LUT6 (Prop_H6LUT_SLICEM_I4_O)
                                                      0.152     1.121 f  bd_0_i/hls_inst/inst/dadd_64ns_64ns_64_4_full_dsp_1_U1/bbgemm_dadd_64ns_64ns_64_4_full_dsp_1_ip_u/inst/i_synth/ADDSUB_OP.ADDSUB/LOGIC_SPEED.OP/A_IP_DELAY/i_pipe/CHAIN_GEN[9].C_MUX.CARRY_MUX_i_3/O
                         net (fo=6, routed)           0.348     1.469    bd_0_i/hls_inst/inst/dadd_64ns_64ns_64_4_full_dsp_1_U1/bbgemm_dadd_64ns_64ns_64_4_full_dsp_1_ip_u/inst/i_synth/ADDSUB_OP.ADDSUB/LOGIC_SPEED.OP/A_IP_DELAY/i_pipe/opt_has_pipe.first_q_reg[51]_0[27]
    SLICE_X73Y18         LUT4 (Prop_B6LUT_SLICEL_I1_O)
                                                      0.090     1.559 r  bd_0_i/hls_inst/inst/dadd_64ns_64ns_64_4_full_dsp_1_U1/bbgemm_dadd_64ns_64ns_64_4_full_dsp_1_ip_u/inst/i_synth/ADDSUB_OP.ADDSUB/LOGIC_SPEED.OP/A_IP_DELAY/i_pipe/CHAIN_GEN[9].C_MUX.CARRY_MUX_i_1/O
                         net (fo=1, routed)           0.009     1.568    bd_0_i/hls_inst/inst/dadd_64ns_64ns_64_4_full_dsp_1_U1/bbgemm_dadd_64ns_64ns_64_4_full_dsp_1_ip_u/inst/i_synth/ADDSUB_OP.ADDSUB/LOGIC_SPEED.OP/ALIGN_BLK/ALIGN_SHIFT/ALIGN_Z_D/EQ_ZERO/CARRY_ZERO_DET/A[9]
    SLICE_X73Y18         CARRY8 (Prop_CARRY8_SLICEL_S[1]_CO[4])
                                                      0.209     1.777 f  bd_0_i/hls_inst/inst/dadd_64ns_64ns_64_4_full_dsp_1_U1/bbgemm_dadd_64ns_64ns_64_4_full_dsp_1_ip_u/inst/i_synth/ADDSUB_OP.ADDSUB/LOGIC_SPEED.OP/ALIGN_BLK/ALIGN_SHIFT/ALIGN_Z_D/EQ_ZERO/CARRY_ZERO_DET/CHAIN_GEN[8].C_MUX.CARRY_MUX_CARRY4_CARRY8/CO[4]
                         net (fo=2, routed)           0.273     2.050    bd_0_i/hls_inst/inst/dadd_64ns_64ns_64_4_full_dsp_1_U1/bbgemm_dadd_64ns_64ns_64_4_full_dsp_1_ip_u/inst/i_synth/ADDSUB_OP.ADDSUB/LOGIC_SPEED.OP/A_IP_DELAY/i_pipe/MUX_LOOP[2].OTHER_LEVELS.DO_CHUNKS[0].LUT6_STRUCT_MUX.MUX1_i_6[0]
    SLICE_X72Y24         LUT6 (Prop_H6LUT_SLICEM_I4_O)
                                                      0.090     2.140 f  bd_0_i/hls_inst/inst/dadd_64ns_64ns_64_4_full_dsp_1_U1/bbgemm_dadd_64ns_64ns_64_4_full_dsp_1_ip_u/inst/i_synth/ADDSUB_OP.ADDSUB/LOGIC_SPEED.OP/A_IP_DELAY/i_pipe/MUX_LOOP[2].OTHER_LEVELS.DO_CHUNKS[0].LUT6_STRUCT_MUX.MUX1_i_9/O
                         net (fo=1, routed)           0.094     2.234    bd_0_i/hls_inst/inst/dadd_64ns_64ns_64_4_full_dsp_1_U1/bbgemm_dadd_64ns_64ns_64_4_full_dsp_1_ip_u/inst/i_synth/ADDSUB_OP.ADDSUB/LOGIC_SPEED.OP/EXP/BMA_EXP_DELAY/i_pipe/MUX_LOOP[2].OTHER_LEVELS.DO_CHUNKS[0].LUT6_STRUCT_MUX.MUX1_0
    SLICE_X72Y23         LUT5 (Prop_E6LUT_SLICEM_I2_O)
                                                      0.100     2.334 f  bd_0_i/hls_inst/inst/dadd_64ns_64ns_64_4_full_dsp_1_U1/bbgemm_dadd_64ns_64ns_64_4_full_dsp_1_ip_u/inst/i_synth/ADDSUB_OP.ADDSUB/LOGIC_SPEED.OP/EXP/BMA_EXP_DELAY/i_pipe/MUX_LOOP[2].OTHER_LEVELS.DO_CHUNKS[0].LUT6_STRUCT_MUX.MUX1_i_6/O
                         net (fo=1, routed)           0.214     2.548    bd_0_i/hls_inst/inst/dadd_64ns_64ns_64_4_full_dsp_1_U1/bbgemm_dadd_64ns_64ns_64_4_full_dsp_1_ip_u/inst/i_synth/ADDSUB_OP.ADDSUB/LOGIC_SPEED.OP/EXP/BMA_EXP_DELAY/i_pipe/MUX_LOOP[2].OTHER_LEVELS.DO_CHUNKS[0].LUT6_STRUCT_MUX.MUX1_i_6_n_0
    SLICE_X71Y18         LUT6 (Prop_A6LUT_SLICEM_I0_O)
                                                      0.053     2.601 f  bd_0_i/hls_inst/inst/dadd_64ns_64ns_64_4_full_dsp_1_U1/bbgemm_dadd_64ns_64ns_64_4_full_dsp_1_ip_u/inst/i_synth/ADDSUB_OP.ADDSUB/LOGIC_SPEED.OP/EXP/BMA_EXP_DELAY/i_pipe/MUX_LOOP[2].OTHER_LEVELS.DO_CHUNKS[0].LUT6_STRUCT_MUX.MUX1_i_2/O
                         net (fo=1, routed)           0.011     2.612    bd_0_i/hls_inst/inst/dadd_64ns_64ns_64_4_full_dsp_1_U1/bbgemm_dadd_64ns_64ns_64_4_full_dsp_1_ip_u/inst/i_synth/ADDSUB_OP.ADDSUB/LOGIC_SPEED.OP/ALIGN_BLK/ALIGN_SHIFT/ALIGN_Z_D/zero_det_unreg[1]_1[3]
    SLICE_X71Y18         MUXF7 (Prop_F7MUX_AB_SLICEM_I1_O)
                                                      0.058     2.670 f  bd_0_i/hls_inst/inst/dadd_64ns_64ns_64_4_full_dsp_1_U1/bbgemm_dadd_64ns_64ns_64_4_full_dsp_1_ip_u/inst/i_synth/ADDSUB_OP.ADDSUB/LOGIC_SPEED.OP/ALIGN_BLK/ALIGN_SHIFT/ALIGN_Z_D/MUX_LOOP[2].OTHER_LEVELS.DO_CHUNKS[0].LUT6_STRUCT_MUX.MUX1/O
                         net (fo=1, routed)           0.000     2.670    bd_0_i/hls_inst/inst/dadd_64ns_64ns_64_4_full_dsp_1_U1/bbgemm_dadd_64ns_64ns_64_4_full_dsp_1_ip_u/inst/i_synth/ADDSUB_OP.ADDSUB/LOGIC_SPEED.OP/ALIGN_BLK/ALIGN_SHIFT/ALIGN_Z_D/MUX_LOOP[2].OTHER_LEVELS.DO_CHUNKS[0].LUT6_STRUCT_MUX.mux0_1
    SLICE_X71Y18         MUXF8 (Prop_F8MUX_BOT_SLICEM_I1_O)
                                                      0.035     2.705 f  bd_0_i/hls_inst/inst/dadd_64ns_64ns_64_4_full_dsp_1_U1/bbgemm_dadd_64ns_64ns_64_4_full_dsp_1_ip_u/inst/i_synth/ADDSUB_OP.ADDSUB/LOGIC_SPEED.OP/ALIGN_BLK/ALIGN_SHIFT/ALIGN_Z_D/MUX_LOOP[2].OTHER_LEVELS.DO_CHUNKS[0].LUT6_STRUCT_MUX.MUX2/O
                         net (fo=2, routed)           0.300     3.005    bd_0_i/hls_inst/inst/dadd_64ns_64ns_64_4_full_dsp_1_U1/bbgemm_dadd_64ns_64ns_64_4_full_dsp_1_ip_u/inst/i_synth/ADDSUB_OP.ADDSUB/LOGIC_SPEED.OP/EXP/SUB_DELAY/i_pipe/zeros
    SLICE_X71Y26         LUT2 (Prop_E6LUT_SLICEM_I1_O)
                                                      0.091     3.096 r  bd_0_i/hls_inst/inst/dadd_64ns_64ns_64_4_full_dsp_1_U1/bbgemm_dadd_64ns_64ns_64_4_full_dsp_1_ip_u/inst/i_synth/ADDSUB_OP.ADDSUB/LOGIC_SPEED.OP/EXP/SUB_DELAY/i_pipe/i_no_versal_es1_workaround.DSP_i_1/O
                         net (fo=1, routed)           0.181     3.277    bd_0_i/hls_inst/inst/dadd_64ns_64ns_64_4_full_dsp_1_U1/bbgemm_dadd_64ns_64ns_64_4_full_dsp_1_ip_u/inst/i_synth/ADDSUB_OP.ADDSUB/LOGIC_SPEED.OP/ALIGN_BLK/FRAC_ADDSUB/DSP_ADD.FRAC_ADDSUB/i_no_versal_es1_workaround.DSP48E1_ADD.DSP48E1_ADD/i_no_versal_es1_workaround.DSP/CARRYIN
    DSP48E2_X9Y4         DSP_ALU (Prop_DSP_ALU_DSP48E2_CARRYIN_ALU_OUT[47])
                                                      0.517     3.794 f  bd_0_i/hls_inst/inst/dadd_64ns_64ns_64_4_full_dsp_1_U1/bbgemm_dadd_64ns_64ns_64_4_full_dsp_1_ip_u/inst/i_synth/ADDSUB_OP.ADDSUB/LOGIC_SPEED.OP/ALIGN_BLK/FRAC_ADDSUB/DSP_ADD.FRAC_ADDSUB/i_no_versal_es1_workaround.DSP48E1_ADD.DSP48E1_ADD/i_no_versal_es1_workaround.DSP/DSP_ALU_INST/ALU_OUT[47]
                         net (fo=1, routed)           0.000     3.794    bd_0_i/hls_inst/inst/dadd_64ns_64ns_64_4_full_dsp_1_U1/bbgemm_dadd_64ns_64ns_64_4_full_dsp_1_ip_u/inst/i_synth/ADDSUB_OP.ADDSUB/LOGIC_SPEED.OP/ALIGN_BLK/FRAC_ADDSUB/DSP_ADD.FRAC_ADDSUB/i_no_versal_es1_workaround.DSP48E1_ADD.DSP48E1_ADD/i_no_versal_es1_workaround.DSP/DSP_ALU.ALU_OUT<47>
    DSP48E2_X9Y4         DSP_OUTPUT (Prop_DSP_OUTPUT_DSP48E2_ALU_OUT[47]_P[47])
                                                      0.109     3.903 r  bd_0_i/hls_inst/inst/dadd_64ns_64ns_64_4_full_dsp_1_U1/bbgemm_dadd_64ns_64ns_64_4_full_dsp_1_ip_u/inst/i_synth/ADDSUB_OP.ADDSUB/LOGIC_SPEED.OP/ALIGN_BLK/FRAC_ADDSUB/DSP_ADD.FRAC_ADDSUB/i_no_versal_es1_workaround.DSP48E1_ADD.DSP48E1_ADD/i_no_versal_es1_workaround.DSP/DSP_OUTPUT_INST/P[47]
                         net (fo=16, routed)          0.337     4.241    bd_0_i/hls_inst/inst/dadd_64ns_64ns_64_4_full_dsp_1_U1/bbgemm_dadd_64ns_64ns_64_4_full_dsp_1_ip_u/inst/i_synth/ADDSUB_OP.ADDSUB/LOGIC_SPEED.OP/ALIGN_BLK/FRAC_ADDSUB/DSP_ADD.FRAC_ADDSUB/i_no_versal_es1_workaround.LOGIC_ADD.ADD_0/P[0]
    SLICE_X69Y25         LUT5 (Prop_G6LUT_SLICEL_I3_O)
                                                      0.035     4.276 f  bd_0_i/hls_inst/inst/dadd_64ns_64ns_64_4_full_dsp_1_U1/bbgemm_dadd_64ns_64ns_64_4_full_dsp_1_ip_u/inst/i_synth/ADDSUB_OP.ADDSUB/LOGIC_SPEED.OP/ALIGN_BLK/FRAC_ADDSUB/DSP_ADD.FRAC_ADDSUB/i_no_versal_es1_workaround.LOGIC_ADD.ADD_0/CHAIN_GEN[0].C_MUX.CARRY_MUX_i_2__1/O
                         net (fo=2, routed)           0.187     4.463    bd_0_i/hls_inst/inst/dadd_64ns_64ns_64_4_full_dsp_1_U1/bbgemm_dadd_64ns_64ns_64_4_full_dsp_1_ip_u/inst/i_synth/ADDSUB_OP.ADDSUB/LOGIC_SPEED.OP/ALIGN_BLK/FRAC_ADDSUB/DSP_ADD.FRAC_ADDSUB/i_no_versal_es1_workaround.LOGIC_ADD.ADD_0/CHAIN_GEN[6].Q_XOR.SUM_XOR_0
    SLICE_X69Y26         LUT6 (Prop_A6LUT_SLICEL_I5_O)
                                                      0.090     4.553 r  bd_0_i/hls_inst/inst/dadd_64ns_64ns_64_4_full_dsp_1_U1/bbgemm_dadd_64ns_64ns_64_4_full_dsp_1_ip_u/inst/i_synth/ADDSUB_OP.ADDSUB/LOGIC_SPEED.OP/ALIGN_BLK/FRAC_ADDSUB/DSP_ADD.FRAC_ADDSUB/i_no_versal_es1_workaround.LOGIC_ADD.ADD_0/CHAIN_GEN[0].C_MUX.CARRY_MUX_i_1__3/O
                         net (fo=1, routed)           0.009     4.562    bd_0_i/hls_inst/inst/dadd_64ns_64ns_64_4_full_dsp_1_U1/bbgemm_dadd_64ns_64ns_64_4_full_dsp_1_ip_u/inst/i_synth/ADDSUB_OP.ADDSUB/LOGIC_SPEED.OP/NORM/LZE/ZERO_DET_CC_1/chunk_is_zero[0]
    SLICE_X69Y26         CARRY8 (Prop_CARRY8_SLICEL_S[0]_CO[7])
                                                      0.204     4.766 r  bd_0_i/hls_inst/inst/dadd_64ns_64ns_64_4_full_dsp_1_U1/bbgemm_dadd_64ns_64ns_64_4_full_dsp_1_ip_u/inst/i_synth/ADDSUB_OP.ADDSUB/LOGIC_SPEED.OP/NORM/LZE/ZERO_DET_CC_1/CHAIN_GEN[0].C_MUX.CARRY_MUX_CARRY4_CARRY8/CO[7]
                         net (fo=67, routed)          0.169     4.935    bd_0_i/hls_inst/inst/dadd_64ns_64ns_64_4_full_dsp_1_U1/bbgemm_dadd_64ns_64ns_64_4_full_dsp_1_ip_u/inst/i_synth/ADDSUB_OP.ADDSUB/LOGIC_SPEED.OP/NORM/NORM_SHIFT/MUX_LOOP[0].DEL_SHIFT/i_pipe/opt_has_pipe.first_q_reg[55]_2[1]
    SLICE_X68Y26         LUT2 (Prop_C5LUT_SLICEL_I0_O)
                                                      0.068     5.003 r  bd_0_i/hls_inst/inst/dadd_64ns_64ns_64_4_full_dsp_1_U1/bbgemm_dadd_64ns_64ns_64_4_full_dsp_1_ip_u/inst/i_synth/ADDSUB_OP.ADDSUB/LOGIC_SPEED.OP/NORM/NORM_SHIFT/MUX_LOOP[0].DEL_SHIFT/i_pipe/opt_has_pipe.first_q[55]_i_1/O
                         net (fo=16, routed)          0.473     5.475    bd_0_i/hls_inst/inst/dadd_64ns_64ns_64_4_full_dsp_1_U1/bbgemm_dadd_64ns_64ns_64_4_full_dsp_1_ip_u/inst/i_synth/ADDSUB_OP.ADDSUB/LOGIC_SPEED.OP/NORM/NORM_SHIFT/MUX_LOOP[0].DEL_SHIFT/i_pipe/opt_has_pipe.first_q[55]_i_1_n_0
    SLICE_X65Y30         FDRE                                         r  bd_0_i/hls_inst/inst/dadd_64ns_64ns_64_4_full_dsp_1_U1/bbgemm_dadd_64ns_64ns_64_4_full_dsp_1_ip_u/inst/i_synth/ADDSUB_OP.ADDSUB/LOGIC_SPEED.OP/NORM/NORM_SHIFT/MUX_LOOP[0].DEL_SHIFT/i_pipe/opt_has_pipe.first_q_reg[46]/R
  -------------------------------------------------------------------    -------------------

                         (clock ap_clk rise edge)     8.000     8.000 r  
                                                      0.000     8.000 r  ap_clk (IN)
                         net (fo=1053, unset)         0.021     8.021    bd_0_i/hls_inst/inst/dadd_64ns_64ns_64_4_full_dsp_1_U1/bbgemm_dadd_64ns_64ns_64_4_full_dsp_1_ip_u/inst/i_synth/ADDSUB_OP.ADDSUB/LOGIC_SPEED.OP/NORM/NORM_SHIFT/MUX_LOOP[0].DEL_SHIFT/i_pipe/aclk
    SLICE_X65Y30         FDRE                                         r  bd_0_i/hls_inst/inst/dadd_64ns_64ns_64_4_full_dsp_1_U1/bbgemm_dadd_64ns_64ns_64_4_full_dsp_1_ip_u/inst/i_synth/ADDSUB_OP.ADDSUB/LOGIC_SPEED.OP/NORM/NORM_SHIFT/MUX_LOOP[0].DEL_SHIFT/i_pipe/opt_has_pipe.first_q_reg[46]/C
                         clock pessimism              0.000     8.021    
                         clock uncertainty           -0.035     7.986    
    SLICE_X65Y30         FDRE (Setup_EFF_SLICEM_C_R)
                                                     -0.074     7.912    bd_0_i/hls_inst/inst/dadd_64ns_64ns_64_4_full_dsp_1_U1/bbgemm_dadd_64ns_64ns_64_4_full_dsp_1_ip_u/inst/i_synth/ADDSUB_OP.ADDSUB/LOGIC_SPEED.OP/NORM/NORM_SHIFT/MUX_LOOP[0].DEL_SHIFT/i_pipe/opt_has_pipe.first_q_reg[46]
  -------------------------------------------------------------------
                         required time                          7.912    
                         arrival time                          -5.475    
  -------------------------------------------------------------------
                         slack                                  2.436    

Slack (MET) :             2.436ns  (required time - arrival time)
  Source:                 bd_0_i/hls_inst/inst/dadd_64ns_64ns_64_4_full_dsp_1_U1/bbgemm_dadd_64ns_64ns_64_4_full_dsp_1_ip_u/inst/i_synth/ADDSUB_OP.ADDSUB/LOGIC_SPEED.OP/EXP/NUMB_CMP/FAST_CMP.CMP_TOP/C_CHAIN/CHAIN_GEN[15].CARRYS_DEL.NEED_DEL.CARRYS_FD/C
                            (rising edge-triggered cell FDRE clocked by ap_clk  {rise@0.000ns fall@4.000ns period=8.000ns})
  Destination:            bd_0_i/hls_inst/inst/dadd_64ns_64ns_64_4_full_dsp_1_U1/bbgemm_dadd_64ns_64ns_64_4_full_dsp_1_ip_u/inst/i_synth/ADDSUB_OP.ADDSUB/LOGIC_SPEED.OP/NORM/NORM_SHIFT/MUX_LOOP[0].DEL_SHIFT/i_pipe/opt_has_pipe.first_q_reg[50]/R
                            (rising edge-triggered cell FDRE clocked by ap_clk  {rise@0.000ns fall@4.000ns period=8.000ns})
  Path Group:             ap_clk
  Path Type:              Setup (Max at Slow Process Corner)
  Requirement:            8.000ns  (ap_clk rise@8.000ns - ap_clk rise@0.000ns)
  Data Path Delay:        5.446ns  (logic 2.102ns (38.595%)  route 3.344ns (61.405%))
  Logic Levels:           16  (CARRY8=2 DSP_ALU=1 DSP_OUTPUT=1 LUT2=2 LUT3=1 LUT4=1 LUT5=2 LUT6=4 MUXF7=1 MUXF8=1)
  Clock Path Skew:        -0.008ns (DCD - SCD + CPR)
    Destination Clock Delay (DCD):    0.021ns = ( 8.021 - 8.000 ) 
    Source Clock Delay      (SCD):    0.029ns
    Clock Pessimism Removal (CPR):    0.000ns
  Clock Uncertainty:      0.035ns  ((TSJ^2 + TIJ^2)^1/2 + DJ) / 2 + PE
    Total System Jitter     (TSJ):    0.071ns
    Total Input Jitter      (TIJ):    0.000ns
    Discrete Jitter          (DJ):    0.000ns
    Phase Error              (PE):    0.000ns

    Location             Delay type                Incr(ns)  Path(ns)    Netlist Resource(s)
  -------------------------------------------------------------------    -------------------
                         (clock ap_clk rise edge)     0.000     0.000 r  
                                                      0.000     0.000 r  ap_clk (IN)
                         net (fo=1053, unset)         0.029     0.029    bd_0_i/hls_inst/inst/dadd_64ns_64ns_64_4_full_dsp_1_U1/bbgemm_dadd_64ns_64ns_64_4_full_dsp_1_ip_u/inst/i_synth/ADDSUB_OP.ADDSUB/LOGIC_SPEED.OP/EXP/NUMB_CMP/FAST_CMP.CMP_TOP/C_CHAIN/aclk
    SLICE_X73Y27         FDRE                                         r  bd_0_i/hls_inst/inst/dadd_64ns_64ns_64_4_full_dsp_1_U1/bbgemm_dadd_64ns_64ns_64_4_full_dsp_1_ip_u/inst/i_synth/ADDSUB_OP.ADDSUB/LOGIC_SPEED.OP/EXP/NUMB_CMP/FAST_CMP.CMP_TOP/C_CHAIN/CHAIN_GEN[15].CARRYS_DEL.NEED_DEL.CARRYS_FD/C
  -------------------------------------------------------------------    -------------------
    SLICE_X73Y27         FDRE (Prop_HFF_SLICEL_C_Q)
                                                      0.079     0.108 r  bd_0_i/hls_inst/inst/dadd_64ns_64ns_64_4_full_dsp_1_U1/bbgemm_dadd_64ns_64ns_64_4_full_dsp_1_ip_u/inst/i_synth/ADDSUB_OP.ADDSUB/LOGIC_SPEED.OP/EXP/NUMB_CMP/FAST_CMP.CMP_TOP/C_CHAIN/CHAIN_GEN[15].CARRYS_DEL.NEED_DEL.CARRYS_FD/Q
                         net (fo=5, routed)           0.226     0.334    bd_0_i/hls_inst/inst/dadd_64ns_64ns_64_4_full_dsp_1_U1/bbgemm_dadd_64ns_64ns_64_4_full_dsp_1_ip_u/inst/i_synth/ADDSUB_OP.ADDSUB/LOGIC_SPEED.OP/EXP/NUMB_CMP/FAST_CMP.CMP_BOT/C_CHAIN/CHAIN_GEN[0].C_MUX.CARRY_MUX_1[0]
    SLICE_X73Y19         LUT3 (Prop_D6LUT_SLICEL_I2_O)
                                                      0.122     0.456 r  bd_0_i/hls_inst/inst/dadd_64ns_64ns_64_4_full_dsp_1_U1/bbgemm_dadd_64ns_64ns_64_4_full_dsp_1_ip_u/inst/i_synth/ADDSUB_OP.ADDSUB/LOGIC_SPEED.OP/EXP/NUMB_CMP/FAST_CMP.CMP_BOT/C_CHAIN/CHAIN_GEN[0].C_MUX.CARRY_MUX_i_2__0/O
                         net (fo=108, routed)         0.513     0.969    bd_0_i/hls_inst/inst/dadd_64ns_64ns_64_4_full_dsp_1_U1/bbgemm_dadd_64ns_64ns_64_4_full_dsp_1_ip_u/inst/i_synth/ADDSUB_OP.ADDSUB/LOGIC_SPEED.OP/A_IP_DELAY/i_pipe/b_largest
    SLICE_X76Y24         LUT6 (Prop_H6LUT_SLICEM_I4_O)
                                                      0.152     1.121 f  bd_0_i/hls_inst/inst/dadd_64ns_64ns_64_4_full_dsp_1_U1/bbgemm_dadd_64ns_64ns_64_4_full_dsp_1_ip_u/inst/i_synth/ADDSUB_OP.ADDSUB/LOGIC_SPEED.OP/A_IP_DELAY/i_pipe/CHAIN_GEN[9].C_MUX.CARRY_MUX_i_3/O
                         net (fo=6, routed)           0.348     1.469    bd_0_i/hls_inst/inst/dadd_64ns_64ns_64_4_full_dsp_1_U1/bbgemm_dadd_64ns_64ns_64_4_full_dsp_1_ip_u/inst/i_synth/ADDSUB_OP.ADDSUB/LOGIC_SPEED.OP/A_IP_DELAY/i_pipe/opt_has_pipe.first_q_reg[51]_0[27]
    SLICE_X73Y18         LUT4 (Prop_B6LUT_SLICEL_I1_O)
                                                      0.090     1.559 r  bd_0_i/hls_inst/inst/dadd_64ns_64ns_64_4_full_dsp_1_U1/bbgemm_dadd_64ns_64ns_64_4_full_dsp_1_ip_u/inst/i_synth/ADDSUB_OP.ADDSUB/LOGIC_SPEED.OP/A_IP_DELAY/i_pipe/CHAIN_GEN[9].C_MUX.CARRY_MUX_i_1/O
                         net (fo=1, routed)           0.009     1.568    bd_0_i/hls_inst/inst/dadd_64ns_64ns_64_4_full_dsp_1_U1/bbgemm_dadd_64ns_64ns_64_4_full_dsp_1_ip_u/inst/i_synth/ADDSUB_OP.ADDSUB/LOGIC_SPEED.OP/ALIGN_BLK/ALIGN_SHIFT/ALIGN_Z_D/EQ_ZERO/CARRY_ZERO_DET/A[9]
    SLICE_X73Y18         CARRY8 (Prop_CARRY8_SLICEL_S[1]_CO[4])
                                                      0.209     1.777 f  bd_0_i/hls_inst/inst/dadd_64ns_64ns_64_4_full_dsp_1_U1/bbgemm_dadd_64ns_64ns_64_4_full_dsp_1_ip_u/inst/i_synth/ADDSUB_OP.ADDSUB/LOGIC_SPEED.OP/ALIGN_BLK/ALIGN_SHIFT/ALIGN_Z_D/EQ_ZERO/CARRY_ZERO_DET/CHAIN_GEN[8].C_MUX.CARRY_MUX_CARRY4_CARRY8/CO[4]
                         net (fo=2, routed)           0.273     2.050    bd_0_i/hls_inst/inst/dadd_64ns_64ns_64_4_full_dsp_1_U1/bbgemm_dadd_64ns_64ns_64_4_full_dsp_1_ip_u/inst/i_synth/ADDSUB_OP.ADDSUB/LOGIC_SPEED.OP/A_IP_DELAY/i_pipe/MUX_LOOP[2].OTHER_LEVELS.DO_CHUNKS[0].LUT6_STRUCT_MUX.MUX1_i_6[0]
    SLICE_X72Y24         LUT6 (Prop_H6LUT_SLICEM_I4_O)
                                                      0.090     2.140 f  bd_0_i/hls_inst/inst/dadd_64ns_64ns_64_4_full_dsp_1_U1/bbgemm_dadd_64ns_64ns_64_4_full_dsp_1_ip_u/inst/i_synth/ADDSUB_OP.ADDSUB/LOGIC_SPEED.OP/A_IP_DELAY/i_pipe/MUX_LOOP[2].OTHER_LEVELS.DO_CHUNKS[0].LUT6_STRUCT_MUX.MUX1_i_9/O
                         net (fo=1, routed)           0.094     2.234    bd_0_i/hls_inst/inst/dadd_64ns_64ns_64_4_full_dsp_1_U1/bbgemm_dadd_64ns_64ns_64_4_full_dsp_1_ip_u/inst/i_synth/ADDSUB_OP.ADDSUB/LOGIC_SPEED.OP/EXP/BMA_EXP_DELAY/i_pipe/MUX_LOOP[2].OTHER_LEVELS.DO_CHUNKS[0].LUT6_STRUCT_MUX.MUX1_0
    SLICE_X72Y23         LUT5 (Prop_E6LUT_SLICEM_I2_O)
                                                      0.100     2.334 f  bd_0_i/hls_inst/inst/dadd_64ns_64ns_64_4_full_dsp_1_U1/bbgemm_dadd_64ns_64ns_64_4_full_dsp_1_ip_u/inst/i_synth/ADDSUB_OP.ADDSUB/LOGIC_SPEED.OP/EXP/BMA_EXP_DELAY/i_pipe/MUX_LOOP[2].OTHER_LEVELS.DO_CHUNKS[0].LUT6_STRUCT_MUX.MUX1_i_6/O
                         net (fo=1, routed)           0.214     2.548    bd_0_i/hls_inst/inst/dadd_64ns_64ns_64_4_full_dsp_1_U1/bbgemm_dadd_64ns_64ns_64_4_full_dsp_1_ip_u/inst/i_synth/ADDSUB_OP.ADDSUB/LOGIC_SPEED.OP/EXP/BMA_EXP_DELAY/i_pipe/MUX_LOOP[2].OTHER_LEVELS.DO_CHUNKS[0].LUT6_STRUCT_MUX.MUX1_i_6_n_0
    SLICE_X71Y18         LUT6 (Prop_A6LUT_SLICEM_I0_O)
                                                      0.053     2.601 f  bd_0_i/hls_inst/inst/dadd_64ns_64ns_64_4_full_dsp_1_U1/bbgemm_dadd_64ns_64ns_64_4_full_dsp_1_ip_u/inst/i_synth/ADDSUB_OP.ADDSUB/LOGIC_SPEED.OP/EXP/BMA_EXP_DELAY/i_pipe/MUX_LOOP[2].OTHER_LEVELS.DO_CHUNKS[0].LUT6_STRUCT_MUX.MUX1_i_2/O
                         net (fo=1, routed)           0.011     2.612    bd_0_i/hls_inst/inst/dadd_64ns_64ns_64_4_full_dsp_1_U1/bbgemm_dadd_64ns_64ns_64_4_full_dsp_1_ip_u/inst/i_synth/ADDSUB_OP.ADDSUB/LOGIC_SPEED.OP/ALIGN_BLK/ALIGN_SHIFT/ALIGN_Z_D/zero_det_unreg[1]_1[3]
    SLICE_X71Y18         MUXF7 (Prop_F7MUX_AB_SLICEM_I1_O)
                                                      0.058     2.670 f  bd_0_i/hls_inst/inst/dadd_64ns_64ns_64_4_full_dsp_1_U1/bbgemm_dadd_64ns_64ns_64_4_full_dsp_1_ip_u/inst/i_synth/ADDSUB_OP.ADDSUB/LOGIC_SPEED.OP/ALIGN_BLK/ALIGN_SHIFT/ALIGN_Z_D/MUX_LOOP[2].OTHER_LEVELS.DO_CHUNKS[0].LUT6_STRUCT_MUX.MUX1/O
                         net (fo=1, routed)           0.000     2.670    bd_0_i/hls_inst/inst/dadd_64ns_64ns_64_4_full_dsp_1_U1/bbgemm_dadd_64ns_64ns_64_4_full_dsp_1_ip_u/inst/i_synth/ADDSUB_OP.ADDSUB/LOGIC_SPEED.OP/ALIGN_BLK/ALIGN_SHIFT/ALIGN_Z_D/MUX_LOOP[2].OTHER_LEVELS.DO_CHUNKS[0].LUT6_STRUCT_MUX.mux0_1
    SLICE_X71Y18         MUXF8 (Prop_F8MUX_BOT_SLICEM_I1_O)
                                                      0.035     2.705 f  bd_0_i/hls_inst/inst/dadd_64ns_64ns_64_4_full_dsp_1_U1/bbgemm_dadd_64ns_64ns_64_4_full_dsp_1_ip_u/inst/i_synth/ADDSUB_OP.ADDSUB/LOGIC_SPEED.OP/ALIGN_BLK/ALIGN_SHIFT/ALIGN_Z_D/MUX_LOOP[2].OTHER_LEVELS.DO_CHUNKS[0].LUT6_STRUCT_MUX.MUX2/O
                         net (fo=2, routed)           0.300     3.005    bd_0_i/hls_inst/inst/dadd_64ns_64ns_64_4_full_dsp_1_U1/bbgemm_dadd_64ns_64ns_64_4_full_dsp_1_ip_u/inst/i_synth/ADDSUB_OP.ADDSUB/LOGIC_SPEED.OP/EXP/SUB_DELAY/i_pipe/zeros
    SLICE_X71Y26         LUT2 (Prop_E6LUT_SLICEM_I1_O)
                                                      0.091     3.096 r  bd_0_i/hls_inst/inst/dadd_64ns_64ns_64_4_full_dsp_1_U1/bbgemm_dadd_64ns_64ns_64_4_full_dsp_1_ip_u/inst/i_synth/ADDSUB_OP.ADDSUB/LOGIC_SPEED.OP/EXP/SUB_DELAY/i_pipe/i_no_versal_es1_workaround.DSP_i_1/O
                         net (fo=1, routed)           0.181     3.277    bd_0_i/hls_inst/inst/dadd_64ns_64ns_64_4_full_dsp_1_U1/bbgemm_dadd_64ns_64ns_64_4_full_dsp_1_ip_u/inst/i_synth/ADDSUB_OP.ADDSUB/LOGIC_SPEED.OP/ALIGN_BLK/FRAC_ADDSUB/DSP_ADD.FRAC_ADDSUB/i_no_versal_es1_workaround.DSP48E1_ADD.DSP48E1_ADD/i_no_versal_es1_workaround.DSP/CARRYIN
    DSP48E2_X9Y4         DSP_ALU (Prop_DSP_ALU_DSP48E2_CARRYIN_ALU_OUT[47])
                                                      0.517     3.794 f  bd_0_i/hls_inst/inst/dadd_64ns_64ns_64_4_full_dsp_1_U1/bbgemm_dadd_64ns_64ns_64_4_full_dsp_1_ip_u/inst/i_synth/ADDSUB_OP.ADDSUB/LOGIC_SPEED.OP/ALIGN_BLK/FRAC_ADDSUB/DSP_ADD.FRAC_ADDSUB/i_no_versal_es1_workaround.DSP48E1_ADD.DSP48E1_ADD/i_no_versal_es1_workaround.DSP/DSP_ALU_INST/ALU_OUT[47]
                         net (fo=1, routed)           0.000     3.794    bd_0_i/hls_inst/inst/dadd_64ns_64ns_64_4_full_dsp_1_U1/bbgemm_dadd_64ns_64ns_64_4_full_dsp_1_ip_u/inst/i_synth/ADDSUB_OP.ADDSUB/LOGIC_SPEED.OP/ALIGN_BLK/FRAC_ADDSUB/DSP_ADD.FRAC_ADDSUB/i_no_versal_es1_workaround.DSP48E1_ADD.DSP48E1_ADD/i_no_versal_es1_workaround.DSP/DSP_ALU.ALU_OUT<47>
    DSP48E2_X9Y4         DSP_OUTPUT (Prop_DSP_OUTPUT_DSP48E2_ALU_OUT[47]_P[47])
                                                      0.109     3.903 r  bd_0_i/hls_inst/inst/dadd_64ns_64ns_64_4_full_dsp_1_U1/bbgemm_dadd_64ns_64ns_64_4_full_dsp_1_ip_u/inst/i_synth/ADDSUB_OP.ADDSUB/LOGIC_SPEED.OP/ALIGN_BLK/FRAC_ADDSUB/DSP_ADD.FRAC_ADDSUB/i_no_versal_es1_workaround.DSP48E1_ADD.DSP48E1_ADD/i_no_versal_es1_workaround.DSP/DSP_OUTPUT_INST/P[47]
                         net (fo=16, routed)          0.337     4.241    bd_0_i/hls_inst/inst/dadd_64ns_64ns_64_4_full_dsp_1_U1/bbgemm_dadd_64ns_64ns_64_4_full_dsp_1_ip_u/inst/i_synth/ADDSUB_OP.ADDSUB/LOGIC_SPEED.OP/ALIGN_BLK/FRAC_ADDSUB/DSP_ADD.FRAC_ADDSUB/i_no_versal_es1_workaround.LOGIC_ADD.ADD_0/P[0]
    SLICE_X69Y25         LUT5 (Prop_G6LUT_SLICEL_I3_O)
                                                      0.035     4.276 f  bd_0_i/hls_inst/inst/dadd_64ns_64ns_64_4_full_dsp_1_U1/bbgemm_dadd_64ns_64ns_64_4_full_dsp_1_ip_u/inst/i_synth/ADDSUB_OP.ADDSUB/LOGIC_SPEED.OP/ALIGN_BLK/FRAC_ADDSUB/DSP_ADD.FRAC_ADDSUB/i_no_versal_es1_workaround.LOGIC_ADD.ADD_0/CHAIN_GEN[0].C_MUX.CARRY_MUX_i_2__1/O
                         net (fo=2, routed)           0.187     4.463    bd_0_i/hls_inst/inst/dadd_64ns_64ns_64_4_full_dsp_1_U1/bbgemm_dadd_64ns_64ns_64_4_full_dsp_1_ip_u/inst/i_synth/ADDSUB_OP.ADDSUB/LOGIC_SPEED.OP/ALIGN_BLK/FRAC_ADDSUB/DSP_ADD.FRAC_ADDSUB/i_no_versal_es1_workaround.LOGIC_ADD.ADD_0/CHAIN_GEN[6].Q_XOR.SUM_XOR_0
    SLICE_X69Y26         LUT6 (Prop_A6LUT_SLICEL_I5_O)
                                                      0.090     4.553 r  bd_0_i/hls_inst/inst/dadd_64ns_64ns_64_4_full_dsp_1_U1/bbgemm_dadd_64ns_64ns_64_4_full_dsp_1_ip_u/inst/i_synth/ADDSUB_OP.ADDSUB/LOGIC_SPEED.OP/ALIGN_BLK/FRAC_ADDSUB/DSP_ADD.FRAC_ADDSUB/i_no_versal_es1_workaround.LOGIC_ADD.ADD_0/CHAIN_GEN[0].C_MUX.CARRY_MUX_i_1__3/O
                         net (fo=1, routed)           0.009     4.562    bd_0_i/hls_inst/inst/dadd_64ns_64ns_64_4_full_dsp_1_U1/bbgemm_dadd_64ns_64ns_64_4_full_dsp_1_ip_u/inst/i_synth/ADDSUB_OP.ADDSUB/LOGIC_SPEED.OP/NORM/LZE/ZERO_DET_CC_1/chunk_is_zero[0]
    SLICE_X69Y26         CARRY8 (Prop_CARRY8_SLICEL_S[0]_CO[7])
                                                      0.204     4.766 r  bd_0_i/hls_inst/inst/dadd_64ns_64ns_64_4_full_dsp_1_U1/bbgemm_dadd_64ns_64ns_64_4_full_dsp_1_ip_u/inst/i_synth/ADDSUB_OP.ADDSUB/LOGIC_SPEED.OP/NORM/LZE/ZERO_DET_CC_1/CHAIN_GEN[0].C_MUX.CARRY_MUX_CARRY4_CARRY8/CO[7]
                         net (fo=67, routed)          0.169     4.935    bd_0_i/hls_inst/inst/dadd_64ns_64ns_64_4_full_dsp_1_U1/bbgemm_dadd_64ns_64ns_64_4_full_dsp_1_ip_u/inst/i_synth/ADDSUB_OP.ADDSUB/LOGIC_SPEED.OP/NORM/NORM_SHIFT/MUX_LOOP[0].DEL_SHIFT/i_pipe/opt_has_pipe.first_q_reg[55]_2[1]
    SLICE_X68Y26         LUT2 (Prop_C5LUT_SLICEL_I0_O)
                                                      0.068     5.003 r  bd_0_i/hls_inst/inst/dadd_64ns_64ns_64_4_full_dsp_1_U1/bbgemm_dadd_64ns_64ns_64_4_full_dsp_1_ip_u/inst/i_synth/ADDSUB_OP.ADDSUB/LOGIC_SPEED.OP/NORM/NORM_SHIFT/MUX_LOOP[0].DEL_SHIFT/i_pipe/opt_has_pipe.first_q[55]_i_1/O
                         net (fo=16, routed)          0.473     5.475    bd_0_i/hls_inst/inst/dadd_64ns_64ns_64_4_full_dsp_1_U1/bbgemm_dadd_64ns_64ns_64_4_full_dsp_1_ip_u/inst/i_synth/ADDSUB_OP.ADDSUB/LOGIC_SPEED.OP/NORM/NORM_SHIFT/MUX_LOOP[0].DEL_SHIFT/i_pipe/opt_has_pipe.first_q[55]_i_1_n_0
    SLICE_X65Y30         FDRE                                         r  bd_0_i/hls_inst/inst/dadd_64ns_64ns_64_4_full_dsp_1_U1/bbgemm_dadd_64ns_64ns_64_4_full_dsp_1_ip_u/inst/i_synth/ADDSUB_OP.ADDSUB/LOGIC_SPEED.OP/NORM/NORM_SHIFT/MUX_LOOP[0].DEL_SHIFT/i_pipe/opt_has_pipe.first_q_reg[50]/R
  -------------------------------------------------------------------    -------------------

                         (clock ap_clk rise edge)     8.000     8.000 r  
                                                      0.000     8.000 r  ap_clk (IN)
                         net (fo=1053, unset)         0.021     8.021    bd_0_i/hls_inst/inst/dadd_64ns_64ns_64_4_full_dsp_1_U1/bbgemm_dadd_64ns_64ns_64_4_full_dsp_1_ip_u/inst/i_synth/ADDSUB_OP.ADDSUB/LOGIC_SPEED.OP/NORM/NORM_SHIFT/MUX_LOOP[0].DEL_SHIFT/i_pipe/aclk
    SLICE_X65Y30         FDRE                                         r  bd_0_i/hls_inst/inst/dadd_64ns_64ns_64_4_full_dsp_1_U1/bbgemm_dadd_64ns_64ns_64_4_full_dsp_1_ip_u/inst/i_synth/ADDSUB_OP.ADDSUB/LOGIC_SPEED.OP/NORM/NORM_SHIFT/MUX_LOOP[0].DEL_SHIFT/i_pipe/opt_has_pipe.first_q_reg[50]/C
                         clock pessimism              0.000     8.021    
                         clock uncertainty           -0.035     7.986    
    SLICE_X65Y30         FDRE (Setup_EFF2_SLICEM_C_R)
                                                     -0.074     7.912    bd_0_i/hls_inst/inst/dadd_64ns_64ns_64_4_full_dsp_1_U1/bbgemm_dadd_64ns_64ns_64_4_full_dsp_1_ip_u/inst/i_synth/ADDSUB_OP.ADDSUB/LOGIC_SPEED.OP/NORM/NORM_SHIFT/MUX_LOOP[0].DEL_SHIFT/i_pipe/opt_has_pipe.first_q_reg[50]
  -------------------------------------------------------------------
                         required time                          7.912    
                         arrival time                          -5.475    
  -------------------------------------------------------------------
                         slack                                  2.436    





Min Delay Paths
--------------------------------------------------------------------------------------
Slack (MET) :             0.043ns  (arrival time - required time)
  Source:                 bd_0_i/hls_inst/inst/prod_load_reg_454_reg[55]/C
                            (rising edge-triggered cell FDRE clocked by ap_clk  {rise@0.000ns fall@4.000ns period=8.000ns})
  Destination:            bd_0_i/hls_inst/inst/dadd_64ns_64ns_64_4_full_dsp_1_U1/din0_buf1_reg[55]/D
                            (rising edge-triggered cell FDRE clocked by ap_clk  {rise@0.000ns fall@4.000ns period=8.000ns})
  Path Group:             ap_clk
  Path Type:              Hold (Min at Fast Process Corner)
  Requirement:            0.000ns  (ap_clk rise@0.000ns - ap_clk rise@0.000ns)
  Data Path Delay:        0.097ns  (logic 0.039ns (40.206%)  route 0.058ns (59.794%))
  Logic Levels:           0  
  Clock Path Skew:        0.007ns (DCD - SCD - CPR)
    Destination Clock Delay (DCD):    0.019ns
    Source Clock Delay      (SCD):    0.012ns
    Clock Pessimism Removal (CPR):    -0.000ns

    Location             Delay type                Incr(ns)  Path(ns)    Netlist Resource(s)
  -------------------------------------------------------------------    -------------------
                         (clock ap_clk rise edge)     0.000     0.000 r  
                                                      0.000     0.000 r  ap_clk (IN)
                         net (fo=1053, unset)         0.012     0.012    bd_0_i/hls_inst/inst/ap_clk
    SLICE_X73Y28         FDRE                                         r  bd_0_i/hls_inst/inst/prod_load_reg_454_reg[55]/C
  -------------------------------------------------------------------    -------------------
    SLICE_X73Y28         FDRE (Prop_CFF_SLICEL_C_Q)
                                                      0.039     0.051 r  bd_0_i/hls_inst/inst/prod_load_reg_454_reg[55]/Q
                         net (fo=1, routed)           0.058     0.109    bd_0_i/hls_inst/inst/dadd_64ns_64ns_64_4_full_dsp_1_U1/Q[55]
    SLICE_X73Y28         FDRE                                         r  bd_0_i/hls_inst/inst/dadd_64ns_64ns_64_4_full_dsp_1_U1/din0_buf1_reg[55]/D
  -------------------------------------------------------------------    -------------------

                         (clock ap_clk rise edge)     0.000     0.000 r  
                                                      0.000     0.000 r  ap_clk (IN)
                         net (fo=1053, unset)         0.019     0.019    bd_0_i/hls_inst/inst/dadd_64ns_64ns_64_4_full_dsp_1_U1/ap_clk
    SLICE_X73Y28         FDRE                                         r  bd_0_i/hls_inst/inst/dadd_64ns_64ns_64_4_full_dsp_1_U1/din0_buf1_reg[55]/C
                         clock pessimism              0.000     0.019    
    SLICE_X73Y28         FDRE (Hold_FFF2_SLICEL_C_D)
                                                      0.047     0.066    bd_0_i/hls_inst/inst/dadd_64ns_64ns_64_4_full_dsp_1_U1/din0_buf1_reg[55]
  -------------------------------------------------------------------
                         required time                         -0.066    
                         arrival time                           0.109    
  -------------------------------------------------------------------
                         slack                                  0.043    

Slack (MET) :             0.044ns  (arrival time - required time)
  Source:                 bd_0_i/hls_inst/inst/mul_reg_449_reg[45]/C
                            (rising edge-triggered cell FDRE clocked by ap_clk  {rise@0.000ns fall@4.000ns period=8.000ns})
  Destination:            bd_0_i/hls_inst/inst/dadd_64ns_64ns_64_4_full_dsp_1_U1/din1_buf1_reg[45]/D
                            (rising edge-triggered cell FDRE clocked by ap_clk  {rise@0.000ns fall@4.000ns period=8.000ns})
  Path Group:             ap_clk
  Path Type:              Hold (Min at Fast Process Corner)
  Requirement:            0.000ns  (ap_clk rise@0.000ns - ap_clk rise@0.000ns)
  Data Path Delay:        0.097ns  (logic 0.037ns (38.144%)  route 0.060ns (61.856%))
  Logic Levels:           0  
  Clock Path Skew:        0.006ns (DCD - SCD - CPR)
    Destination Clock Delay (DCD):    0.019ns
    Source Clock Delay      (SCD):    0.013ns
    Clock Pessimism Removal (CPR):    -0.000ns

    Location             Delay type                Incr(ns)  Path(ns)    Netlist Resource(s)
  -------------------------------------------------------------------    -------------------
                         (clock ap_clk rise edge)     0.000     0.000 r  
                                                      0.000     0.000 r  ap_clk (IN)
                         net (fo=1053, unset)         0.013     0.013    bd_0_i/hls_inst/inst/ap_clk
    SLICE_X74Y25         FDRE                                         r  bd_0_i/hls_inst/inst/mul_reg_449_reg[45]/C
  -------------------------------------------------------------------    -------------------
    SLICE_X74Y25         FDRE (Prop_FFF_SLICEM_C_Q)
                                                      0.037     0.050 r  bd_0_i/hls_inst/inst/mul_reg_449_reg[45]/Q
                         net (fo=1, routed)           0.060     0.110    bd_0_i/hls_inst/inst/dadd_64ns_64ns_64_4_full_dsp_1_U1/din1_buf1_reg[63]_0[45]
    SLICE_X73Y25         FDRE                                         r  bd_0_i/hls_inst/inst/dadd_64ns_64ns_64_4_full_dsp_1_U1/din1_buf1_reg[45]/D
  -------------------------------------------------------------------    -------------------

                         (clock ap_clk rise edge)     0.000     0.000 r  
                                                      0.000     0.000 r  ap_clk (IN)
                         net (fo=1053, unset)         0.019     0.019    bd_0_i/hls_inst/inst/dadd_64ns_64ns_64_4_full_dsp_1_U1/ap_clk
    SLICE_X73Y25         FDRE                                         r  bd_0_i/hls_inst/inst/dadd_64ns_64ns_64_4_full_dsp_1_U1/din1_buf1_reg[45]/C
                         clock pessimism              0.000     0.019    
    SLICE_X73Y25         FDRE (Hold_HFF2_SLICEL_C_D)
                                                      0.047     0.066    bd_0_i/hls_inst/inst/dadd_64ns_64ns_64_4_full_dsp_1_U1/din1_buf1_reg[45]
  -------------------------------------------------------------------
                         required time                         -0.066    
                         arrival time                           0.110    
  -------------------------------------------------------------------
                         slack                                  0.044    

Slack (MET) :             0.045ns  (arrival time - required time)
  Source:                 bd_0_i/hls_inst/inst/prod_load_reg_454_reg[38]/C
                            (rising edge-triggered cell FDRE clocked by ap_clk  {rise@0.000ns fall@4.000ns period=8.000ns})
  Destination:            bd_0_i/hls_inst/inst/dadd_64ns_64ns_64_4_full_dsp_1_U1/din0_buf1_reg[38]/D
                            (rising edge-triggered cell FDRE clocked by ap_clk  {rise@0.000ns fall@4.000ns period=8.000ns})
  Path Group:             ap_clk
  Path Type:              Hold (Min at Fast Process Corner)
  Requirement:            0.000ns  (ap_clk rise@0.000ns - ap_clk rise@0.000ns)
  Data Path Delay:        0.098ns  (logic 0.039ns (39.796%)  route 0.059ns (60.204%))
  Logic Levels:           0  
  Clock Path Skew:        0.006ns (DCD - SCD - CPR)
    Destination Clock Delay (DCD):    0.019ns
    Source Clock Delay      (SCD):    0.013ns
    Clock Pessimism Removal (CPR):    -0.000ns

    Location             Delay type                Incr(ns)  Path(ns)    Netlist Resource(s)
  -------------------------------------------------------------------    -------------------
                         (clock ap_clk rise edge)     0.000     0.000 r  
                                                      0.000     0.000 r  ap_clk (IN)
                         net (fo=1053, unset)         0.013     0.013    bd_0_i/hls_inst/inst/ap_clk
    SLICE_X75Y26         FDRE                                         r  bd_0_i/hls_inst/inst/prod_load_reg_454_reg[38]/C
  -------------------------------------------------------------------    -------------------
    SLICE_X75Y26         FDRE (Prop_EFF_SLICEL_C_Q)
                                                      0.039     0.052 r  bd_0_i/hls_inst/inst/prod_load_reg_454_reg[38]/Q
                         net (fo=1, routed)           0.059     0.111    bd_0_i/hls_inst/inst/dadd_64ns_64ns_64_4_full_dsp_1_U1/Q[38]
    SLICE_X75Y25         FDRE                                         r  bd_0_i/hls_inst/inst/dadd_64ns_64ns_64_4_full_dsp_1_U1/din0_buf1_reg[38]/D
  -------------------------------------------------------------------    -------------------

                         (clock ap_clk rise edge)     0.000     0.000 r  
                                                      0.000     0.000 r  ap_clk (IN)
                         net (fo=1053, unset)         0.019     0.019    bd_0_i/hls_inst/inst/dadd_64ns_64ns_64_4_full_dsp_1_U1/ap_clk
    SLICE_X75Y25         FDRE                                         r  bd_0_i/hls_inst/inst/dadd_64ns_64ns_64_4_full_dsp_1_U1/din0_buf1_reg[38]/C
                         clock pessimism              0.000     0.019    
    SLICE_X75Y25         FDRE (Hold_GFF2_SLICEL_C_D)
                                                      0.047     0.066    bd_0_i/hls_inst/inst/dadd_64ns_64ns_64_4_full_dsp_1_U1/din0_buf1_reg[38]
  -------------------------------------------------------------------
                         required time                         -0.066    
                         arrival time                           0.111    
  -------------------------------------------------------------------
                         slack                                  0.045    

Slack (MET) :             0.045ns  (arrival time - required time)
  Source:                 bd_0_i/hls_inst/inst/mul_reg_449_reg[34]/C
                            (rising edge-triggered cell FDRE clocked by ap_clk  {rise@0.000ns fall@4.000ns period=8.000ns})
  Destination:            bd_0_i/hls_inst/inst/dadd_64ns_64ns_64_4_full_dsp_1_U1/din1_buf1_reg[34]/D
                            (rising edge-triggered cell FDRE clocked by ap_clk  {rise@0.000ns fall@4.000ns period=8.000ns})
  Path Group:             ap_clk
  Path Type:              Hold (Min at Fast Process Corner)
  Requirement:            0.000ns  (ap_clk rise@0.000ns - ap_clk rise@0.000ns)
  Data Path Delay:        0.098ns  (logic 0.039ns (39.796%)  route 0.059ns (60.204%))
  Logic Levels:           0  
  Clock Path Skew:        0.006ns (DCD - SCD - CPR)
    Destination Clock Delay (DCD):    0.019ns
    Source Clock Delay      (SCD):    0.013ns
    Clock Pessimism Removal (CPR):    -0.000ns

    Location             Delay type                Incr(ns)  Path(ns)    Netlist Resource(s)
  -------------------------------------------------------------------    -------------------
                         (clock ap_clk rise edge)     0.000     0.000 r  
                                                      0.000     0.000 r  ap_clk (IN)
                         net (fo=1053, unset)         0.013     0.013    bd_0_i/hls_inst/inst/ap_clk
    SLICE_X75Y28         FDRE                                         r  bd_0_i/hls_inst/inst/mul_reg_449_reg[34]/C
  -------------------------------------------------------------------    -------------------
    SLICE_X75Y28         FDRE (Prop_FFF_SLICEL_C_Q)
                                                      0.039     0.052 r  bd_0_i/hls_inst/inst/mul_reg_449_reg[34]/Q
                         net (fo=1, routed)           0.059     0.111    bd_0_i/hls_inst/inst/dadd_64ns_64ns_64_4_full_dsp_1_U1/din1_buf1_reg[63]_0[34]
    SLICE_X75Y27         FDRE                                         r  bd_0_i/hls_inst/inst/dadd_64ns_64ns_64_4_full_dsp_1_U1/din1_buf1_reg[34]/D
  -------------------------------------------------------------------    -------------------

                         (clock ap_clk rise edge)     0.000     0.000 r  
                                                      0.000     0.000 r  ap_clk (IN)
                         net (fo=1053, unset)         0.019     0.019    bd_0_i/hls_inst/inst/dadd_64ns_64ns_64_4_full_dsp_1_U1/ap_clk
    SLICE_X75Y27         FDRE                                         r  bd_0_i/hls_inst/inst/dadd_64ns_64ns_64_4_full_dsp_1_U1/din1_buf1_reg[34]/C
                         clock pessimism              0.000     0.019    
    SLICE_X75Y27         FDRE (Hold_EFF2_SLICEL_C_D)
                                                      0.047     0.066    bd_0_i/hls_inst/inst/dadd_64ns_64ns_64_4_full_dsp_1_U1/din1_buf1_reg[34]
  -------------------------------------------------------------------
                         required time                         -0.066    
                         arrival time                           0.111    
  -------------------------------------------------------------------
                         slack                                  0.045    

Slack (MET) :             0.046ns  (arrival time - required time)
  Source:                 bd_0_i/hls_inst/inst/prod_load_reg_454_reg[5]/C
                            (rising edge-triggered cell FDRE clocked by ap_clk  {rise@0.000ns fall@4.000ns period=8.000ns})
  Destination:            bd_0_i/hls_inst/inst/dadd_64ns_64ns_64_4_full_dsp_1_U1/din0_buf1_reg[5]/D
                            (rising edge-triggered cell FDRE clocked by ap_clk  {rise@0.000ns fall@4.000ns period=8.000ns})
  Path Group:             ap_clk
  Path Type:              Hold (Min at Fast Process Corner)
  Requirement:            0.000ns  (ap_clk rise@0.000ns - ap_clk rise@0.000ns)
  Data Path Delay:        0.099ns  (logic 0.039ns (39.394%)  route 0.060ns (60.606%))
  Logic Levels:           0  
  Clock Path Skew:        0.006ns (DCD - SCD - CPR)
    Destination Clock Delay (DCD):    0.018ns
    Source Clock Delay      (SCD):    0.012ns
    Clock Pessimism Removal (CPR):    -0.000ns

    Location             Delay type                Incr(ns)  Path(ns)    Netlist Resource(s)
  -------------------------------------------------------------------    -------------------
                         (clock ap_clk rise edge)     0.000     0.000 r  
                                                      0.000     0.000 r  ap_clk (IN)
                         net (fo=1053, unset)         0.012     0.012    bd_0_i/hls_inst/inst/ap_clk
    SLICE_X75Y27         FDRE                                         r  bd_0_i/hls_inst/inst/prod_load_reg_454_reg[5]/C
  -------------------------------------------------------------------    -------------------
    SLICE_X75Y27         FDRE (Prop_BFF_SLICEL_C_Q)
                                                      0.039     0.051 r  bd_0_i/hls_inst/inst/prod_load_reg_454_reg[5]/Q
                         net (fo=1, routed)           0.060     0.111    bd_0_i/hls_inst/inst/dadd_64ns_64ns_64_4_full_dsp_1_U1/Q[5]
    SLICE_X75Y25         FDRE                                         r  bd_0_i/hls_inst/inst/dadd_64ns_64ns_64_4_full_dsp_1_U1/din0_buf1_reg[5]/D
  -------------------------------------------------------------------    -------------------

                         (clock ap_clk rise edge)     0.000     0.000 r  
                                                      0.000     0.000 r  ap_clk (IN)
                         net (fo=1053, unset)         0.018     0.018    bd_0_i/hls_inst/inst/dadd_64ns_64ns_64_4_full_dsp_1_U1/ap_clk
    SLICE_X75Y25         FDRE                                         r  bd_0_i/hls_inst/inst/dadd_64ns_64ns_64_4_full_dsp_1_U1/din0_buf1_reg[5]/C
                         clock pessimism              0.000     0.018    
    SLICE_X75Y25         FDRE (Hold_BFF2_SLICEL_C_D)
                                                      0.047     0.065    bd_0_i/hls_inst/inst/dadd_64ns_64ns_64_4_full_dsp_1_U1/din0_buf1_reg[5]
  -------------------------------------------------------------------
                         required time                         -0.065    
                         arrival time                           0.111    
  -------------------------------------------------------------------
                         slack                                  0.046    

Slack (MET) :             0.046ns  (arrival time - required time)
  Source:                 bd_0_i/hls_inst/inst/temp_x_reg_411_reg[20]/C
                            (rising edge-triggered cell FDRE clocked by ap_clk  {rise@0.000ns fall@4.000ns period=8.000ns})
  Destination:            bd_0_i/hls_inst/inst/dmul_64ns_64ns_64_4_max_dsp_1_U2/din0_buf1_reg[20]/D
                            (rising edge-triggered cell FDRE clocked by ap_clk  {rise@0.000ns fall@4.000ns period=8.000ns})
  Path Group:             ap_clk
  Path Type:              Hold (Min at Fast Process Corner)
  Requirement:            0.000ns  (ap_clk rise@0.000ns - ap_clk rise@0.000ns)
  Data Path Delay:        0.099ns  (logic 0.038ns (38.384%)  route 0.061ns (61.616%))
  Logic Levels:           0  
  Clock Path Skew:        0.006ns (DCD - SCD - CPR)
    Destination Clock Delay (DCD):    0.019ns
    Source Clock Delay      (SCD):    0.013ns
    Clock Pessimism Removal (CPR):    -0.000ns

    Location             Delay type                Incr(ns)  Path(ns)    Netlist Resource(s)
  -------------------------------------------------------------------    -------------------
                         (clock ap_clk rise edge)     0.000     0.000 r  
                                                      0.000     0.000 r  ap_clk (IN)
                         net (fo=1053, unset)         0.013     0.013    bd_0_i/hls_inst/inst/ap_clk
    SLICE_X76Y19         FDRE                                         r  bd_0_i/hls_inst/inst/temp_x_reg_411_reg[20]/C
  -------------------------------------------------------------------    -------------------
    SLICE_X76Y19         FDRE (Prop_CFF_SLICEM_C_Q)
                                                      0.038     0.051 r  bd_0_i/hls_inst/inst/temp_x_reg_411_reg[20]/Q
                         net (fo=1, routed)           0.061     0.112    bd_0_i/hls_inst/inst/dmul_64ns_64ns_64_4_max_dsp_1_U2/Q[20]
    SLICE_X76Y19         FDRE                                         r  bd_0_i/hls_inst/inst/dmul_64ns_64ns_64_4_max_dsp_1_U2/din0_buf1_reg[20]/D
  -------------------------------------------------------------------    -------------------

                         (clock ap_clk rise edge)     0.000     0.000 r  
                                                      0.000     0.000 r  ap_clk (IN)
                         net (fo=1053, unset)         0.019     0.019    bd_0_i/hls_inst/inst/dmul_64ns_64ns_64_4_max_dsp_1_U2/ap_clk
    SLICE_X76Y19         FDRE                                         r  bd_0_i/hls_inst/inst/dmul_64ns_64ns_64_4_max_dsp_1_U2/din0_buf1_reg[20]/C
                         clock pessimism              0.000     0.019    
    SLICE_X76Y19         FDRE (Hold_BFF2_SLICEM_C_D)
                                                      0.047     0.066    bd_0_i/hls_inst/inst/dmul_64ns_64ns_64_4_max_dsp_1_U2/din0_buf1_reg[20]
  -------------------------------------------------------------------
                         required time                         -0.066    
                         arrival time                           0.112    
  -------------------------------------------------------------------
                         slack                                  0.046    

Slack (MET) :             0.046ns  (arrival time - required time)
  Source:                 bd_0_i/hls_inst/inst/dmul_64ns_64ns_64_4_max_dsp_1_U2/bbgemm_dmul_64ns_64ns_64_4_max_dsp_1_ip_u/inst/i_synth/MULT.OP/i_non_prim.OP/RESULT_REG.NORMAL.mant_op_reg[36]/C
                            (rising edge-triggered cell FDRE clocked by ap_clk  {rise@0.000ns fall@4.000ns period=8.000ns})
  Destination:            bd_0_i/hls_inst/inst/mul_reg_449_reg[36]/D
                            (rising edge-triggered cell FDRE clocked by ap_clk  {rise@0.000ns fall@4.000ns period=8.000ns})
  Path Group:             ap_clk
  Path Type:              Hold (Min at Fast Process Corner)
  Requirement:            0.000ns  (ap_clk rise@0.000ns - ap_clk rise@0.000ns)
  Data Path Delay:        0.099ns  (logic 0.039ns (39.394%)  route 0.060ns (60.606%))
  Logic Levels:           0  
  Clock Path Skew:        0.007ns (DCD - SCD - CPR)
    Destination Clock Delay (DCD):    0.019ns
    Source Clock Delay      (SCD):    0.012ns
    Clock Pessimism Removal (CPR):    -0.000ns

    Location             Delay type                Incr(ns)  Path(ns)    Netlist Resource(s)
  -------------------------------------------------------------------    -------------------
                         (clock ap_clk rise edge)     0.000     0.000 r  
                                                      0.000     0.000 r  ap_clk (IN)
                         net (fo=1053, unset)         0.012     0.012    bd_0_i/hls_inst/inst/dmul_64ns_64ns_64_4_max_dsp_1_U2/bbgemm_dmul_64ns_64ns_64_4_max_dsp_1_ip_u/inst/i_synth/MULT.OP/i_non_prim.OP/aclk
    SLICE_X75Y28         FDRE                                         r  bd_0_i/hls_inst/inst/dmul_64ns_64ns_64_4_max_dsp_1_U2/bbgemm_dmul_64ns_64ns_64_4_max_dsp_1_ip_u/inst/i_synth/MULT.OP/i_non_prim.OP/RESULT_REG.NORMAL.mant_op_reg[36]/C
  -------------------------------------------------------------------    -------------------
    SLICE_X75Y28         FDRE (Prop_CFF_SLICEL_C_Q)
                                                      0.039     0.051 r  bd_0_i/hls_inst/inst/dmul_64ns_64ns_64_4_max_dsp_1_U2/bbgemm_dmul_64ns_64ns_64_4_max_dsp_1_ip_u/inst/i_synth/MULT.OP/i_non_prim.OP/RESULT_REG.NORMAL.mant_op_reg[36]/Q
                         net (fo=1, routed)           0.060     0.111    bd_0_i/hls_inst/inst/r_tdata_0[36]
    SLICE_X75Y28         FDRE                                         r  bd_0_i/hls_inst/inst/mul_reg_449_reg[36]/D
  -------------------------------------------------------------------    -------------------

                         (clock ap_clk rise edge)     0.000     0.000 r  
                                                      0.000     0.000 r  ap_clk (IN)
                         net (fo=1053, unset)         0.019     0.019    bd_0_i/hls_inst/inst/ap_clk
    SLICE_X75Y28         FDRE                                         r  bd_0_i/hls_inst/inst/mul_reg_449_reg[36]/C
                         clock pessimism              0.000     0.019    
    SLICE_X75Y28         FDRE (Hold_GFF_SLICEL_C_D)
                                                      0.046     0.065    bd_0_i/hls_inst/inst/mul_reg_449_reg[36]
  -------------------------------------------------------------------
                         required time                         -0.065    
                         arrival time                           0.111    
  -------------------------------------------------------------------
                         slack                                  0.046    

Slack (MET) :             0.047ns  (arrival time - required time)
  Source:                 bd_0_i/hls_inst/inst/dmul_64ns_64ns_64_4_max_dsp_1_U2/bbgemm_dmul_64ns_64ns_64_4_max_dsp_1_ip_u/inst/i_synth/MULT.OP/i_non_prim.OP/RESULT_REG.NORMAL.mant_op_reg[2]/C
                            (rising edge-triggered cell FDRE clocked by ap_clk  {rise@0.000ns fall@4.000ns period=8.000ns})
  Destination:            bd_0_i/hls_inst/inst/mul_reg_449_reg[2]/D
                            (rising edge-triggered cell FDRE clocked by ap_clk  {rise@0.000ns fall@4.000ns period=8.000ns})
  Path Group:             ap_clk
  Path Type:              Hold (Min at Fast Process Corner)
  Requirement:            0.000ns  (ap_clk rise@0.000ns - ap_clk rise@0.000ns)
  Data Path Delay:        0.100ns  (logic 0.039ns (39.000%)  route 0.061ns (61.000%))
  Logic Levels:           0  
  Clock Path Skew:        0.007ns (DCD - SCD - CPR)
    Destination Clock Delay (DCD):    0.019ns
    Source Clock Delay      (SCD):    0.012ns
    Clock Pessimism Removal (CPR):    -0.000ns

    Location             Delay type                Incr(ns)  Path(ns)    Netlist Resource(s)
  -------------------------------------------------------------------    -------------------
                         (clock ap_clk rise edge)     0.000     0.000 r  
                                                      0.000     0.000 r  ap_clk (IN)
                         net (fo=1053, unset)         0.012     0.012    bd_0_i/hls_inst/inst/dmul_64ns_64ns_64_4_max_dsp_1_U2/bbgemm_dmul_64ns_64ns_64_4_max_dsp_1_ip_u/inst/i_synth/MULT.OP/i_non_prim.OP/aclk
    SLICE_X73Y20         FDRE                                         r  bd_0_i/hls_inst/inst/dmul_64ns_64ns_64_4_max_dsp_1_U2/bbgemm_dmul_64ns_64ns_64_4_max_dsp_1_ip_u/inst/i_synth/MULT.OP/i_non_prim.OP/RESULT_REG.NORMAL.mant_op_reg[2]/C
  -------------------------------------------------------------------    -------------------
    SLICE_X73Y20         FDRE (Prop_AFF_SLICEL_C_Q)
                                                      0.039     0.051 r  bd_0_i/hls_inst/inst/dmul_64ns_64ns_64_4_max_dsp_1_U2/bbgemm_dmul_64ns_64ns_64_4_max_dsp_1_ip_u/inst/i_synth/MULT.OP/i_non_prim.OP/RESULT_REG.NORMAL.mant_op_reg[2]/Q
                         net (fo=1, routed)           0.061     0.112    bd_0_i/hls_inst/inst/r_tdata_0[2]
    SLICE_X73Y20         FDRE                                         r  bd_0_i/hls_inst/inst/mul_reg_449_reg[2]/D
  -------------------------------------------------------------------    -------------------

                         (clock ap_clk rise edge)     0.000     0.000 r  
                                                      0.000     0.000 r  ap_clk (IN)
                         net (fo=1053, unset)         0.019     0.019    bd_0_i/hls_inst/inst/ap_clk
    SLICE_X73Y20         FDRE                                         r  bd_0_i/hls_inst/inst/mul_reg_449_reg[2]/C
                         clock pessimism              0.000     0.019    
    SLICE_X73Y20         FDRE (Hold_HFF_SLICEL_C_D)
                                                      0.046     0.065    bd_0_i/hls_inst/inst/mul_reg_449_reg[2]
  -------------------------------------------------------------------
                         required time                         -0.065    
                         arrival time                           0.112    
  -------------------------------------------------------------------
                         slack                                  0.047    

Slack (MET) :             0.047ns  (arrival time - required time)
  Source:                 bd_0_i/hls_inst/inst/dmul_64ns_64ns_64_4_max_dsp_1_U2/bbgemm_dmul_64ns_64ns_64_4_max_dsp_1_ip_u/inst/i_synth/MULT.OP/i_non_prim.OP/RESULT_REG.NORMAL.mant_op_reg[4]/C
                            (rising edge-triggered cell FDRE clocked by ap_clk  {rise@0.000ns fall@4.000ns period=8.000ns})
  Destination:            bd_0_i/hls_inst/inst/mul_reg_449_reg[4]/D
                            (rising edge-triggered cell FDRE clocked by ap_clk  {rise@0.000ns fall@4.000ns period=8.000ns})
  Path Group:             ap_clk
  Path Type:              Hold (Min at Fast Process Corner)
  Requirement:            0.000ns  (ap_clk rise@0.000ns - ap_clk rise@0.000ns)
  Data Path Delay:        0.100ns  (logic 0.039ns (39.000%)  route 0.061ns (61.000%))
  Logic Levels:           0  
  Clock Path Skew:        0.007ns (DCD - SCD - CPR)
    Destination Clock Delay (DCD):    0.019ns
    Source Clock Delay      (SCD):    0.012ns
    Clock Pessimism Removal (CPR):    -0.000ns

    Location             Delay type                Incr(ns)  Path(ns)    Netlist Resource(s)
  -------------------------------------------------------------------    -------------------
                         (clock ap_clk rise edge)     0.000     0.000 r  
                                                      0.000     0.000 r  ap_clk (IN)
                         net (fo=1053, unset)         0.012     0.012    bd_0_i/hls_inst/inst/dmul_64ns_64ns_64_4_max_dsp_1_U2/bbgemm_dmul_64ns_64ns_64_4_max_dsp_1_ip_u/inst/i_synth/MULT.OP/i_non_prim.OP/aclk
    SLICE_X75Y20         FDRE                                         r  bd_0_i/hls_inst/inst/dmul_64ns_64ns_64_4_max_dsp_1_U2/bbgemm_dmul_64ns_64ns_64_4_max_dsp_1_ip_u/inst/i_synth/MULT.OP/i_non_prim.OP/RESULT_REG.NORMAL.mant_op_reg[4]/C
  -------------------------------------------------------------------    -------------------
    SLICE_X75Y20         FDRE (Prop_AFF_SLICEL_C_Q)
                                                      0.039     0.051 r  bd_0_i/hls_inst/inst/dmul_64ns_64ns_64_4_max_dsp_1_U2/bbgemm_dmul_64ns_64ns_64_4_max_dsp_1_ip_u/inst/i_synth/MULT.OP/i_non_prim.OP/RESULT_REG.NORMAL.mant_op_reg[4]/Q
                         net (fo=1, routed)           0.061     0.112    bd_0_i/hls_inst/inst/r_tdata_0[4]
    SLICE_X75Y20         FDRE                                         r  bd_0_i/hls_inst/inst/mul_reg_449_reg[4]/D
  -------------------------------------------------------------------    -------------------

                         (clock ap_clk rise edge)     0.000     0.000 r  
                                                      0.000     0.000 r  ap_clk (IN)
                         net (fo=1053, unset)         0.019     0.019    bd_0_i/hls_inst/inst/ap_clk
    SLICE_X75Y20         FDRE                                         r  bd_0_i/hls_inst/inst/mul_reg_449_reg[4]/C
                         clock pessimism              0.000     0.019    
    SLICE_X75Y20         FDRE (Hold_HFF_SLICEL_C_D)
                                                      0.046     0.065    bd_0_i/hls_inst/inst/mul_reg_449_reg[4]
  -------------------------------------------------------------------
                         required time                         -0.065    
                         arrival time                           0.112    
  -------------------------------------------------------------------
                         slack                                  0.047    

Slack (MET) :             0.048ns  (arrival time - required time)
  Source:                 bd_0_i/hls_inst/inst/dadd_64ns_64ns_64_4_full_dsp_1_U1/din0_buf1_reg[44]/C
                            (rising edge-triggered cell FDRE clocked by ap_clk  {rise@0.000ns fall@4.000ns period=8.000ns})
  Destination:            bd_0_i/hls_inst/inst/dadd_64ns_64ns_64_4_full_dsp_1_U1/bbgemm_dadd_64ns_64ns_64_4_full_dsp_1_ip_u/inst/i_synth/ADDSUB_OP.ADDSUB/LOGIC_SPEED.OP/A_IP_DELAY/i_pipe/opt_has_pipe.first_q_reg[44]/D
                            (rising edge-triggered cell FDRE clocked by ap_clk  {rise@0.000ns fall@4.000ns period=8.000ns})
  Path Group:             ap_clk
  Path Type:              Hold (Min at Fast Process Corner)
  Requirement:            0.000ns  (ap_clk rise@0.000ns - ap_clk rise@0.000ns)
  Data Path Delay:        0.101ns  (logic 0.040ns (39.729%)  route 0.061ns (60.271%))
  Logic Levels:           0  
  Clock Path Skew:        0.006ns (DCD - SCD - CPR)
    Destination Clock Delay (DCD):    0.019ns
    Source Clock Delay      (SCD):    0.013ns
    Clock Pessimism Removal (CPR):    -0.000ns

    Location             Delay type                Incr(ns)  Path(ns)    Netlist Resource(s)
  -------------------------------------------------------------------    -------------------
                         (clock ap_clk rise edge)     0.000     0.000 r  
                                                      0.000     0.000 r  ap_clk (IN)
                         net (fo=1053, unset)         0.013     0.013    bd_0_i/hls_inst/inst/dadd_64ns_64ns_64_4_full_dsp_1_U1/ap_clk
    SLICE_X74Y28         FDRE                                         r  bd_0_i/hls_inst/inst/dadd_64ns_64ns_64_4_full_dsp_1_U1/din0_buf1_reg[44]/C
  -------------------------------------------------------------------    -------------------
    SLICE_X74Y28         FDRE (Prop_FFF2_SLICEM_C_Q)
                                                      0.040     0.053 r  bd_0_i/hls_inst/inst/dadd_64ns_64ns_64_4_full_dsp_1_U1/din0_buf1_reg[44]/Q
                         net (fo=5, routed)           0.061     0.114    bd_0_i/hls_inst/inst/dadd_64ns_64ns_64_4_full_dsp_1_U1/bbgemm_dadd_64ns_64ns_64_4_full_dsp_1_ip_u/inst/i_synth/ADDSUB_OP.ADDSUB/LOGIC_SPEED.OP/A_IP_DELAY/i_pipe/s_axis_a_tdata[44]
    SLICE_X75Y27         FDRE                                         r  bd_0_i/hls_inst/inst/dadd_64ns_64ns_64_4_full_dsp_1_U1/bbgemm_dadd_64ns_64ns_64_4_full_dsp_1_ip_u/inst/i_synth/ADDSUB_OP.ADDSUB/LOGIC_SPEED.OP/A_IP_DELAY/i_pipe/opt_has_pipe.first_q_reg[44]/D
  -------------------------------------------------------------------    -------------------

                         (clock ap_clk rise edge)     0.000     0.000 r  
                                                      0.000     0.000 r  ap_clk (IN)
                         net (fo=1053, unset)         0.019     0.019    bd_0_i/hls_inst/inst/dadd_64ns_64ns_64_4_full_dsp_1_U1/bbgemm_dadd_64ns_64ns_64_4_full_dsp_1_ip_u/inst/i_synth/ADDSUB_OP.ADDSUB/LOGIC_SPEED.OP/A_IP_DELAY/i_pipe/aclk
    SLICE_X75Y27         FDRE                                         r  bd_0_i/hls_inst/inst/dadd_64ns_64ns_64_4_full_dsp_1_U1/bbgemm_dadd_64ns_64ns_64_4_full_dsp_1_ip_u/inst/i_synth/ADDSUB_OP.ADDSUB/LOGIC_SPEED.OP/A_IP_DELAY/i_pipe/opt_has_pipe.first_q_reg[44]/C
                         clock pessimism              0.000     0.019    
    SLICE_X75Y27         FDRE (Hold_HFF2_SLICEL_C_D)
                                                      0.047     0.066    bd_0_i/hls_inst/inst/dadd_64ns_64ns_64_4_full_dsp_1_U1/bbgemm_dadd_64ns_64ns_64_4_full_dsp_1_ip_u/inst/i_synth/ADDSUB_OP.ADDSUB/LOGIC_SPEED.OP/A_IP_DELAY/i_pipe/opt_has_pipe.first_q_reg[44]
  -------------------------------------------------------------------
                         required time                         -0.066    
                         arrival time                           0.114    
  -------------------------------------------------------------------
                         slack                                  0.048    





Pulse Width Checks
--------------------------------------------------------------------------------------
Clock Name:         ap_clk
Waveform(ns):       { 0.000 4.000 }
Period(ns):         8.000
Sources:            { ap_clk }

Check Type        Corner  Lib Pin         Reference Pin  Required(ns)  Actual(ns)  Slack(ns)  Location       Pin
Min Period        n/a     DSP_OUTPUT/CLK  n/a            0.650         8.000       7.350      DSP48E2_X10Y0  bd_0_i/hls_inst/inst/dmul_64ns_64ns_64_4_max_dsp_1_U2/bbgemm_dmul_64ns_64ns_64_4_max_dsp_1_ip_u/inst/i_synth/MULT.OP/i_non_prim.MULT/DSP48E2_SPD_DBL_VARIANT.FIX_MULT/DSP3/DSP/DSP_OUTPUT_INST/CLK
Min Period        n/a     FDRE/C          n/a            0.550         8.000       7.450      SLICE_X63Y21   bd_0_i/hls_inst/inst/add_ln19_reg_373_reg[0]/C
Min Period        n/a     FDRE/C          n/a            0.550         8.000       7.450      SLICE_X63Y21   bd_0_i/hls_inst/inst/add_ln19_reg_373_reg[1]/C
Min Period        n/a     FDRE/C          n/a            0.550         8.000       7.450      SLICE_X63Y21   bd_0_i/hls_inst/inst/add_ln19_reg_373_reg[2]/C
Min Period        n/a     FDRE/C          n/a            0.550         8.000       7.450      SLICE_X64Y21   bd_0_i/hls_inst/inst/add_ln19_reg_373_reg[3]/C
Min Period        n/a     FDRE/C          n/a            0.550         8.000       7.450      SLICE_X64Y21   bd_0_i/hls_inst/inst/add_ln19_reg_373_reg[4]/C
Min Period        n/a     FDRE/C          n/a            0.550         8.000       7.450      SLICE_X64Y21   bd_0_i/hls_inst/inst/add_ln19_reg_373_reg[5]/C
Min Period        n/a     FDRE/C          n/a            0.550         8.000       7.450      SLICE_X64Y21   bd_0_i/hls_inst/inst/add_ln19_reg_373_reg[6]/C
Min Period        n/a     FDRE/C          n/a            0.550         8.000       7.450      SLICE_X64Y22   bd_0_i/hls_inst/inst/add_ln21_reg_386_reg[0]/C
Min Period        n/a     FDRE/C          n/a            0.550         8.000       7.450      SLICE_X64Y22   bd_0_i/hls_inst/inst/add_ln21_reg_386_reg[1]/C
Low Pulse Width   Slow    FDRE/C          n/a            0.275         4.000       3.725      SLICE_X63Y21   bd_0_i/hls_inst/inst/add_ln19_reg_373_reg[0]/C
Low Pulse Width   Fast    FDRE/C          n/a            0.275         4.000       3.725      SLICE_X63Y21   bd_0_i/hls_inst/inst/add_ln19_reg_373_reg[0]/C
Low Pulse Width   Slow    FDRE/C          n/a            0.275         4.000       3.725      SLICE_X63Y21   bd_0_i/hls_inst/inst/add_ln19_reg_373_reg[1]/C
Low Pulse Width   Fast    FDRE/C          n/a            0.275         4.000       3.725      SLICE_X63Y21   bd_0_i/hls_inst/inst/add_ln19_reg_373_reg[1]/C
Low Pulse Width   Slow    FDRE/C          n/a            0.275         4.000       3.725      SLICE_X63Y21   bd_0_i/hls_inst/inst/add_ln19_reg_373_reg[2]/C
Low Pulse Width   Fast    FDRE/C          n/a            0.275         4.000       3.725      SLICE_X63Y21   bd_0_i/hls_inst/inst/add_ln19_reg_373_reg[2]/C
Low Pulse Width   Slow    FDRE/C          n/a            0.275         4.000       3.725      SLICE_X64Y21   bd_0_i/hls_inst/inst/add_ln19_reg_373_reg[3]/C
Low Pulse Width   Fast    FDRE/C          n/a            0.275         4.000       3.725      SLICE_X64Y21   bd_0_i/hls_inst/inst/add_ln19_reg_373_reg[3]/C
Low Pulse Width   Slow    FDRE/C          n/a            0.275         4.000       3.725      SLICE_X64Y21   bd_0_i/hls_inst/inst/add_ln19_reg_373_reg[4]/C
Low Pulse Width   Fast    FDRE/C          n/a            0.275         4.000       3.725      SLICE_X64Y21   bd_0_i/hls_inst/inst/add_ln19_reg_373_reg[4]/C
High Pulse Width  Slow    FDRE/C          n/a            0.275         4.000       3.725      SLICE_X63Y21   bd_0_i/hls_inst/inst/add_ln19_reg_373_reg[0]/C
High Pulse Width  Fast    FDRE/C          n/a            0.275         4.000       3.725      SLICE_X63Y21   bd_0_i/hls_inst/inst/add_ln19_reg_373_reg[0]/C
High Pulse Width  Slow    FDRE/C          n/a            0.275         4.000       3.725      SLICE_X63Y21   bd_0_i/hls_inst/inst/add_ln19_reg_373_reg[1]/C
High Pulse Width  Fast    FDRE/C          n/a            0.275         4.000       3.725      SLICE_X63Y21   bd_0_i/hls_inst/inst/add_ln19_reg_373_reg[1]/C
High Pulse Width  Slow    FDRE/C          n/a            0.275         4.000       3.725      SLICE_X63Y21   bd_0_i/hls_inst/inst/add_ln19_reg_373_reg[2]/C
High Pulse Width  Fast    FDRE/C          n/a            0.275         4.000       3.725      SLICE_X63Y21   bd_0_i/hls_inst/inst/add_ln19_reg_373_reg[2]/C
High Pulse Width  Slow    FDRE/C          n/a            0.275         4.000       3.725      SLICE_X64Y21   bd_0_i/hls_inst/inst/add_ln19_reg_373_reg[3]/C
High Pulse Width  Fast    FDRE/C          n/a            0.275         4.000       3.725      SLICE_X64Y21   bd_0_i/hls_inst/inst/add_ln19_reg_373_reg[3]/C
High Pulse Width  Slow    FDRE/C          n/a            0.275         4.000       3.725      SLICE_X64Y21   bd_0_i/hls_inst/inst/add_ln19_reg_373_reg[4]/C
High Pulse Width  Fast    FDRE/C          n/a            0.275         4.000       3.725      SLICE_X64Y21   bd_0_i/hls_inst/inst/add_ln19_reg_373_reg[4]/C



--------------------------------------------------------------------------------------
Path Group:  (none)
From Clock:  
  To Clock:  

Max Delay             1 Endpoint
Min Delay             1 Endpoint
--------------------------------------------------------------------------------------


Max Delay Paths
--------------------------------------------------------------------------------------
Slack:                    inf
  Source:                 ap_ctrl_start
                            (input port)
  Destination:            ap_ctrl_idle
                            (output port)
  Path Group:             (none)
  Path Type:              Max at Slow Process Corner
  Data Path Delay:        0.178ns  (logic 0.157ns (88.202%)  route 0.021ns (11.798%))
  Logic Levels:           1  (LUT2=1)

    Location             Delay type                Incr(ns)  Path(ns)    Netlist Resource(s)
  -------------------------------------------------------------------    -------------------
                                                      0.000     0.000 f  ap_ctrl_start (IN)
                         net (fo=3, unset)            0.000     0.000    bd_0_i/hls_inst/inst/ap_start
    SLICE_X66Y20         LUT2 (Prop_D5LUT_SLICEL_I1_O)
                                                      0.157     0.157 r  bd_0_i/hls_inst/inst/ap_idle_INST_0/O
                         net (fo=0)                   0.021     0.178    ap_ctrl_idle
                                                                      r  ap_ctrl_idle (OUT)
  -------------------------------------------------------------------    -------------------





Min Delay Paths
--------------------------------------------------------------------------------------
Slack:                    inf
  Source:                 ap_ctrl_start
                            (input port)
  Destination:            ap_ctrl_idle
                            (output port)
  Path Group:             (none)
  Path Type:              Min at Fast Process Corner
  Data Path Delay:        0.071ns  (logic 0.057ns (80.282%)  route 0.014ns (19.718%))
  Logic Levels:           1  (LUT2=1)

    Location             Delay type                Incr(ns)  Path(ns)    Netlist Resource(s)
  -------------------------------------------------------------------    -------------------
                                                      0.000     0.000 f  ap_ctrl_start (IN)
                         net (fo=3, unset)            0.000     0.000    bd_0_i/hls_inst/inst/ap_start
    SLICE_X66Y20         LUT2 (Prop_D5LUT_SLICEL_I1_O)
                                                      0.057     0.057 r  bd_0_i/hls_inst/inst/ap_idle_INST_0/O
                         net (fo=0)                   0.014     0.071    ap_ctrl_idle
                                                                      r  ap_ctrl_idle (OUT)
  -------------------------------------------------------------------    -------------------





--------------------------------------------------------------------------------------
Path Group:  (none)
From Clock:  ap_clk
  To Clock:  

Max Delay           107 Endpoints
Min Delay           107 Endpoints
--------------------------------------------------------------------------------------


Max Delay Paths
--------------------------------------------------------------------------------------
Slack:                    inf
  Source:                 bd_0_i/hls_inst/inst/ap_CS_fsm_reg[1]/C
                            (rising edge-triggered cell FDRE clocked by ap_clk  {rise@0.000ns fall@4.000ns period=8.000ns})
  Destination:            ap_ctrl_done
                            (output port)
  Path Group:             (none)
  Path Type:              Max at Slow Process Corner
  Data Path Delay:        0.586ns  (logic 0.224ns (38.226%)  route 0.362ns (61.774%))
  Logic Levels:           1  (LUT2=1)
  Clock Uncertainty:      0.025ns  ((TSJ^2 + TIJ^2)^1/2 + DJ) / 2 + PE
    Total System Jitter     (TSJ):    0.050ns
    Total Input Jitter      (TIJ):    0.000ns
    Discrete Jitter          (DJ):    0.000ns
    Phase Error              (PE):    0.000ns

    Location             Delay type                Incr(ns)  Path(ns)    Netlist Resource(s)
  -------------------------------------------------------------------    -------------------
                         (clock ap_clk rise edge)     0.000     0.000 r  
                                                      0.000     0.000 r  ap_clk (IN)
                         net (fo=1053, unset)         0.030     0.030    bd_0_i/hls_inst/inst/ap_clk
    SLICE_X65Y19         FDRE                                         r  bd_0_i/hls_inst/inst/ap_CS_fsm_reg[1]/C
  -------------------------------------------------------------------    -------------------
    SLICE_X65Y19         FDRE (Prop_HFF2_SLICEM_C_Q)
                                                      0.078     0.108 r  bd_0_i/hls_inst/inst/ap_CS_fsm_reg[1]/Q
                         net (fo=7, routed)           0.362     0.470    bd_0_i/hls_inst/inst/ap_CS_fsm_state2
    SLICE_X64Y20         LUT2 (Prop_C6LUT_SLICEL_I1_O)
                                                      0.146     0.616 r  bd_0_i/hls_inst/inst/ap_ready_INST_0/O
                         net (fo=0)                   0.000     0.616    ap_ctrl_done
                                                                      r  ap_ctrl_done (OUT)
  -------------------------------------------------------------------    -------------------

Slack:                    inf
  Source:                 bd_0_i/hls_inst/inst/ap_CS_fsm_reg[1]/C
                            (rising edge-triggered cell FDRE clocked by ap_clk  {rise@0.000ns fall@4.000ns period=8.000ns})
  Destination:            ap_ctrl_ready
                            (output port)
  Path Group:             (none)
  Path Type:              Max at Slow Process Corner
  Data Path Delay:        0.586ns  (logic 0.224ns (38.226%)  route 0.362ns (61.774%))
  Logic Levels:           1  (LUT2=1)
  Clock Uncertainty:      0.025ns  ((TSJ^2 + TIJ^2)^1/2 + DJ) / 2 + PE
    Total System Jitter     (TSJ):    0.050ns
    Total Input Jitter      (TIJ):    0.000ns
    Discrete Jitter          (DJ):    0.000ns
    Phase Error              (PE):    0.000ns

    Location             Delay type                Incr(ns)  Path(ns)    Netlist Resource(s)
  -------------------------------------------------------------------    -------------------
                         (clock ap_clk rise edge)     0.000     0.000 r  
                                                      0.000     0.000 r  ap_clk (IN)
                         net (fo=1053, unset)         0.030     0.030    bd_0_i/hls_inst/inst/ap_clk
    SLICE_X65Y19         FDRE                                         r  bd_0_i/hls_inst/inst/ap_CS_fsm_reg[1]/C
  -------------------------------------------------------------------    -------------------
    SLICE_X65Y19         FDRE (Prop_HFF2_SLICEM_C_Q)
                                                      0.078     0.108 r  bd_0_i/hls_inst/inst/ap_CS_fsm_reg[1]/Q
                         net (fo=7, routed)           0.362     0.470    bd_0_i/hls_inst/inst/ap_CS_fsm_state2
    SLICE_X64Y20         LUT2 (Prop_C6LUT_SLICEL_I1_O)
                                                      0.146     0.616 r  bd_0_i/hls_inst/inst/ap_ready_INST_0/O
                         net (fo=0)                   0.000     0.616    ap_ctrl_ready
                                                                      r  ap_ctrl_ready (OUT)
  -------------------------------------------------------------------    -------------------

Slack:                    inf
  Source:                 bd_0_i/hls_inst/inst/k_reg_141_reg[3]/C
                            (rising edge-triggered cell FDRE clocked by ap_clk  {rise@0.000ns fall@4.000ns period=8.000ns})
  Destination:            m1_address0[4]
                            (output port)
  Path Group:             (none)
  Path Type:              Max at Slow Process Corner
  Data Path Delay:        0.560ns  (logic 0.222ns (39.632%)  route 0.338ns (60.368%))
  Logic Levels:           1  (LUT3=1)
  Clock Uncertainty:      0.025ns  ((TSJ^2 + TIJ^2)^1/2 + DJ) / 2 + PE
    Total System Jitter     (TSJ):    0.050ns
    Total Input Jitter      (TIJ):    0.000ns
    Discrete Jitter          (DJ):    0.000ns
    Phase Error              (PE):    0.000ns

    Location             Delay type                Incr(ns)  Path(ns)    Netlist Resource(s)
  -------------------------------------------------------------------    -------------------
                         (clock ap_clk rise edge)     0.000     0.000 r  
                                                      0.000     0.000 r  ap_clk (IN)
                         net (fo=1053, unset)         0.029     0.029    bd_0_i/hls_inst/inst/ap_clk
    SLICE_X64Y22         FDRE                                         r  bd_0_i/hls_inst/inst/k_reg_141_reg[3]/C
  -------------------------------------------------------------------    -------------------
    SLICE_X64Y22         FDRE (Prop_FFF2_SLICEL_C_Q)
                                                      0.081     0.110 r  bd_0_i/hls_inst/inst/k_reg_141_reg[3]/Q
                         net (fo=7, routed)           0.314     0.424    bd_0_i/hls_inst/inst/k_reg_141_reg_n_0_[3]
    SLICE_X64Y19         LUT3 (Prop_B5LUT_SLICEL_I0_O)
                                                      0.141     0.565 r  bd_0_i/hls_inst/inst/m1_address0[4]_INST_0/O
                         net (fo=0)                   0.024     0.589    m1_address0[4]
                                                                      r  m1_address0[4] (OUT)
  -------------------------------------------------------------------    -------------------

Slack:                    inf
  Source:                 bd_0_i/hls_inst/inst/prod_addr_reg_444_reg[7]/C
                            (rising edge-triggered cell FDRE clocked by ap_clk  {rise@0.000ns fall@4.000ns period=8.000ns})
  Destination:            prod_address0[7]
                            (output port)
  Path Group:             (none)
  Path Type:              Max at Slow Process Corner
  Data Path Delay:        0.526ns  (logic 0.189ns (35.932%)  route 0.337ns (64.068%))
  Logic Levels:           1  (LUT3=1)
  Clock Uncertainty:      0.025ns  ((TSJ^2 + TIJ^2)^1/2 + DJ) / 2 + PE
    Total System Jitter     (TSJ):    0.050ns
    Total Input Jitter      (TIJ):    0.000ns
    Discrete Jitter          (DJ):    0.000ns
    Phase Error              (PE):    0.000ns

    Location             Delay type                Incr(ns)  Path(ns)    Netlist Resource(s)
  -------------------------------------------------------------------    -------------------
                         (clock ap_clk rise edge)     0.000     0.000 r  
                                                      0.000     0.000 r  ap_clk (IN)
                         net (fo=1053, unset)         0.030     0.030    bd_0_i/hls_inst/inst/ap_clk
    SLICE_X65Y21         FDRE                                         r  bd_0_i/hls_inst/inst/prod_addr_reg_444_reg[7]/C
  -------------------------------------------------------------------    -------------------
    SLICE_X65Y21         FDRE (Prop_GFF2_SLICEM_C_Q)
                                                      0.079     0.109 r  bd_0_i/hls_inst/inst/prod_addr_reg_444_reg[7]/Q
                         net (fo=1, routed)           0.302     0.411    bd_0_i/hls_inst/inst/prod_addr_reg_444[7]
    SLICE_X65Y21         LUT3 (Prop_D5LUT_SLICEM_I0_O)
                                                      0.110     0.521 r  bd_0_i/hls_inst/inst/prod_address0[7]_INST_0/O
                         net (fo=0)                   0.035     0.556    prod_address0[7]
                                                                      r  prod_address0[7] (OUT)
  -------------------------------------------------------------------    -------------------

Slack:                    inf
  Source:                 bd_0_i/hls_inst/inst/k_reg_141_reg[3]/C
                            (rising edge-triggered cell FDRE clocked by ap_clk  {rise@0.000ns fall@4.000ns period=8.000ns})
  Destination:            m1_address0[5]
                            (output port)
  Path Group:             (none)
  Path Type:              Max at Slow Process Corner
  Data Path Delay:        0.519ns  (logic 0.205ns (39.488%)  route 0.314ns (60.512%))
  Logic Levels:           1  (LUT4=1)
  Clock Uncertainty:      0.025ns  ((TSJ^2 + TIJ^2)^1/2 + DJ) / 2 + PE
    Total System Jitter     (TSJ):    0.050ns
    Total Input Jitter      (TIJ):    0.000ns
    Discrete Jitter          (DJ):    0.000ns
    Phase Error              (PE):    0.000ns

    Location             Delay type                Incr(ns)  Path(ns)    Netlist Resource(s)
  -------------------------------------------------------------------    -------------------
                         (clock ap_clk rise edge)     0.000     0.000 r  
                                                      0.000     0.000 r  ap_clk (IN)
                         net (fo=1053, unset)         0.029     0.029    bd_0_i/hls_inst/inst/ap_clk
    SLICE_X64Y22         FDRE                                         r  bd_0_i/hls_inst/inst/k_reg_141_reg[3]/C
  -------------------------------------------------------------------    -------------------
    SLICE_X64Y22         FDRE (Prop_FFF2_SLICEL_C_Q)
                                                      0.081     0.110 r  bd_0_i/hls_inst/inst/k_reg_141_reg[3]/Q
                         net (fo=7, routed)           0.314     0.424    bd_0_i/hls_inst/inst/k_reg_141_reg_n_0_[3]
    SLICE_X64Y19         LUT4 (Prop_B6LUT_SLICEL_I2_O)
                                                      0.124     0.548 r  bd_0_i/hls_inst/inst/m1_address0[5]_INST_0/O
                         net (fo=0)                   0.000     0.548    m1_address0[5]
                                                                      r  m1_address0[5] (OUT)
  -------------------------------------------------------------------    -------------------

Slack:                    inf
  Source:                 bd_0_i/hls_inst/inst/trunc_ln17_reg_365_reg[3]/C
                            (rising edge-triggered cell FDRE clocked by ap_clk  {rise@0.000ns fall@4.000ns period=8.000ns})
  Destination:            m1_address0[3]
                            (output port)
  Path Group:             (none)
  Path Type:              Max at Slow Process Corner
  Data Path Delay:        0.473ns  (logic 0.230ns (48.632%)  route 0.243ns (51.368%))
  Logic Levels:           1  (LUT2=1)
  Clock Uncertainty:      0.025ns  ((TSJ^2 + TIJ^2)^1/2 + DJ) / 2 + PE
    Total System Jitter     (TSJ):    0.050ns
    Total Input Jitter      (TIJ):    0.000ns
    Discrete Jitter          (DJ):    0.000ns
    Phase Error              (PE):    0.000ns

    Location             Delay type                Incr(ns)  Path(ns)    Netlist Resource(s)
  -------------------------------------------------------------------    -------------------
                         (clock ap_clk rise edge)     0.000     0.000 r  
                                                      0.000     0.000 r  ap_clk (IN)
                         net (fo=1053, unset)         0.029     0.029    bd_0_i/hls_inst/inst/ap_clk
    SLICE_X64Y19         FDRE                                         r  bd_0_i/hls_inst/inst/trunc_ln17_reg_365_reg[3]/C
  -------------------------------------------------------------------    -------------------
    SLICE_X64Y19         FDRE (Prop_HFF2_SLICEL_C_Q)
                                                      0.080     0.109 r  bd_0_i/hls_inst/inst/trunc_ln17_reg_365_reg[3]/Q
                         net (fo=3, routed)           0.243     0.352    bd_0_i/hls_inst/inst/trunc_ln17_reg_365[3]
    SLICE_X64Y19         LUT2 (Prop_H6LUT_SLICEL_I0_O)
                                                      0.150     0.502 r  bd_0_i/hls_inst/inst/m1_address0[3]_INST_0/O
                         net (fo=0)                   0.000     0.502    m1_address0[3]
                                                                      r  m1_address0[3] (OUT)
  -------------------------------------------------------------------    -------------------

Slack:                    inf
  Source:                 bd_0_i/hls_inst/inst/ap_CS_fsm_reg[16]/C
                            (rising edge-triggered cell FDRE clocked by ap_clk  {rise@0.000ns fall@4.000ns period=8.000ns})
  Destination:            prod_address0[3]
                            (output port)
  Path Group:             (none)
  Path Type:              Max at Slow Process Corner
  Data Path Delay:        0.463ns  (logic 0.216ns (46.654%)  route 0.247ns (53.346%))
  Logic Levels:           1  (LUT3=1)
  Clock Uncertainty:      0.025ns  ((TSJ^2 + TIJ^2)^1/2 + DJ) / 2 + PE
    Total System Jitter     (TSJ):    0.050ns
    Total Input Jitter      (TIJ):    0.000ns
    Discrete Jitter          (DJ):    0.000ns
    Phase Error              (PE):    0.000ns

    Location             Delay type                Incr(ns)  Path(ns)    Netlist Resource(s)
  -------------------------------------------------------------------    -------------------
                         (clock ap_clk rise edge)     0.000     0.000 r  
                                                      0.000     0.000 r  ap_clk (IN)
                         net (fo=1053, unset)         0.029     0.029    bd_0_i/hls_inst/inst/ap_clk
    SLICE_X66Y21         FDRE                                         r  bd_0_i/hls_inst/inst/ap_CS_fsm_reg[16]/C
  -------------------------------------------------------------------    -------------------
    SLICE_X66Y21         FDRE (Prop_GFF2_SLICEL_C_Q)
                                                      0.081     0.110 r  bd_0_i/hls_inst/inst/ap_CS_fsm_reg[16]/Q
                         net (fo=19, routed)          0.222     0.332    bd_0_i/hls_inst/inst/prod_we0
    SLICE_X65Y21         LUT3 (Prop_H5LUT_SLICEM_I1_O)
                                                      0.135     0.467 r  bd_0_i/hls_inst/inst/prod_address0[3]_INST_0/O
                         net (fo=0)                   0.025     0.492    prod_address0[3]
                                                                      r  prod_address0[3] (OUT)
  -------------------------------------------------------------------    -------------------

Slack:                    inf
  Source:                 bd_0_i/hls_inst/inst/add_ln28_reg_424_reg[2]/C
                            (rising edge-triggered cell FDRE clocked by ap_clk  {rise@0.000ns fall@4.000ns period=8.000ns})
  Destination:            prod_address0[2]
                            (output port)
  Path Group:             (none)
  Path Type:              Max at Slow Process Corner
  Data Path Delay:        0.444ns  (logic 0.179ns (40.274%)  route 0.265ns (59.726%))
  Logic Levels:           1  (LUT3=1)
  Clock Uncertainty:      0.025ns  ((TSJ^2 + TIJ^2)^1/2 + DJ) / 2 + PE
    Total System Jitter     (TSJ):    0.050ns
    Total Input Jitter      (TIJ):    0.000ns
    Discrete Jitter          (DJ):    0.000ns
    Phase Error              (PE):    0.000ns

    Location             Delay type                Incr(ns)  Path(ns)    Netlist Resource(s)
  -------------------------------------------------------------------    -------------------
                         (clock ap_clk rise edge)     0.000     0.000 r  
                                                      0.000     0.000 r  ap_clk (IN)
                         net (fo=1053, unset)         0.030     0.030    bd_0_i/hls_inst/inst/ap_clk
    SLICE_X65Y21         FDRE                                         r  bd_0_i/hls_inst/inst/add_ln28_reg_424_reg[2]/C
  -------------------------------------------------------------------    -------------------
    SLICE_X65Y21         FDRE (Prop_DFF_SLICEM_C_Q)
                                                      0.078     0.108 r  bd_0_i/hls_inst/inst/add_ln28_reg_424_reg[2]/Q
                         net (fo=2, routed)           0.265     0.373    bd_0_i/hls_inst/inst/add_ln29_1_fu_325_p3[2]
    SLICE_X65Y21         LUT3 (Prop_H6LUT_SLICEM_I2_O)
                                                      0.101     0.474 r  bd_0_i/hls_inst/inst/prod_address0[2]_INST_0/O
                         net (fo=0)                   0.000     0.474    prod_address0[2]
                                                                      r  prod_address0[2] (OUT)
  -------------------------------------------------------------------    -------------------

Slack:                    inf
  Source:                 bd_0_i/hls_inst/inst/ap_CS_fsm_reg[10]/C
                            (rising edge-triggered cell FDRE clocked by ap_clk  {rise@0.000ns fall@4.000ns period=8.000ns})
  Destination:            prod_ce0
                            (output port)
  Path Group:             (none)
  Path Type:              Max at Slow Process Corner
  Data Path Delay:        0.437ns  (logic 0.238ns (54.417%)  route 0.199ns (45.583%))
  Logic Levels:           1  (LUT2=1)
  Clock Uncertainty:      0.025ns  ((TSJ^2 + TIJ^2)^1/2 + DJ) / 2 + PE
    Total System Jitter     (TSJ):    0.050ns
    Total Input Jitter      (TIJ):    0.000ns
    Discrete Jitter          (DJ):    0.000ns
    Phase Error              (PE):    0.000ns

    Location             Delay type                Incr(ns)  Path(ns)    Netlist Resource(s)
  -------------------------------------------------------------------    -------------------
                         (clock ap_clk rise edge)     0.000     0.000 r  
                                                      0.000     0.000 r  ap_clk (IN)
                         net (fo=1053, unset)         0.029     0.029    bd_0_i/hls_inst/inst/ap_clk
    SLICE_X66Y21         FDRE                                         r  bd_0_i/hls_inst/inst/ap_CS_fsm_reg[10]/C
  -------------------------------------------------------------------    -------------------
    SLICE_X66Y21         FDRE (Prop_EFF_SLICEL_C_Q)
                                                      0.079     0.108 r  bd_0_i/hls_inst/inst/ap_CS_fsm_reg[10]/Q
                         net (fo=15, routed)          0.165     0.273    bd_0_i/hls_inst/inst/ap_CS_fsm_state11
    SLICE_X65Y22         LUT2 (Prop_C5LUT_SLICEM_I1_O)
                                                      0.159     0.432 r  bd_0_i/hls_inst/inst/prod_ce0_INST_0/O
                         net (fo=0)                   0.034     0.466    prod_ce0
                                                                      r  prod_ce0 (OUT)
  -------------------------------------------------------------------    -------------------

Slack:                    inf
  Source:                 bd_0_i/hls_inst/inst/trunc_ln25_reg_401_reg[3]/C
                            (rising edge-triggered cell FDRE clocked by ap_clk  {rise@0.000ns fall@4.000ns period=8.000ns})
  Destination:            prod_address0[9]
                            (output port)
  Path Group:             (none)
  Path Type:              Max at Slow Process Corner
  Data Path Delay:        0.426ns  (logic 0.235ns (55.164%)  route 0.191ns (44.836%))
  Logic Levels:           1  (LUT3=1)
  Clock Uncertainty:      0.025ns  ((TSJ^2 + TIJ^2)^1/2 + DJ) / 2 + PE
    Total System Jitter     (TSJ):    0.050ns
    Total Input Jitter      (TIJ):    0.000ns
    Discrete Jitter          (DJ):    0.000ns
    Phase Error              (PE):    0.000ns

    Location             Delay type                Incr(ns)  Path(ns)    Netlist Resource(s)
  -------------------------------------------------------------------    -------------------
                         (clock ap_clk rise edge)     0.000     0.000 r  
                                                      0.000     0.000 r  ap_clk (IN)
                         net (fo=1053, unset)         0.030     0.030    bd_0_i/hls_inst/inst/ap_clk
    SLICE_X65Y21         FDRE                                         r  bd_0_i/hls_inst/inst/trunc_ln25_reg_401_reg[3]/C
  -------------------------------------------------------------------    -------------------
    SLICE_X65Y21         FDRE (Prop_EFF_SLICEM_C_Q)
                                                      0.076     0.106 r  bd_0_i/hls_inst/inst/trunc_ln25_reg_401_reg[3]/Q
                         net (fo=2, routed)           0.157     0.263    bd_0_i/hls_inst/inst/add_ln29_1_fu_325_p3[9]
    SLICE_X65Y21         LUT3 (Prop_C5LUT_SLICEM_I2_O)
                                                      0.159     0.422 r  bd_0_i/hls_inst/inst/prod_address0[9]_INST_0/O
                         net (fo=0)                   0.034     0.456    prod_address0[9]
                                                                      r  prod_address0[9] (OUT)
  -------------------------------------------------------------------    -------------------





Min Delay Paths
--------------------------------------------------------------------------------------
Slack:                    inf
  Source:                 bd_0_i/hls_inst/inst/i_reg_129_reg[2]/C
                            (rising edge-triggered cell FDRE clocked by ap_clk  {rise@0.000ns fall@4.000ns period=8.000ns})
  Destination:            m1_address0[8]
                            (output port)
  Path Group:             (none)
  Path Type:              Min at Fast Process Corner
  Data Path Delay:        0.037ns  (logic 0.037ns (100.000%)  route 0.000ns (0.000%))
  Logic Levels:           0  
  Clock Uncertainty:      0.025ns  ((TSJ^2 + TIJ^2)^1/2 + DJ) / 2 + PE
    Total System Jitter     (TSJ):    0.050ns
    Total Input Jitter      (TIJ):    0.000ns
    Discrete Jitter          (DJ):    0.000ns
    Phase Error              (PE):    0.000ns

    Location             Delay type                Incr(ns)  Path(ns)    Netlist Resource(s)
  -------------------------------------------------------------------    -------------------
                         (clock ap_clk rise edge)     0.000     0.000 r  
                                                      0.000     0.000 r  ap_clk (IN)
                         net (fo=1053, unset)         0.013     0.013    bd_0_i/hls_inst/inst/ap_clk
    SLICE_X63Y21         FDRE                                         r  bd_0_i/hls_inst/inst/i_reg_129_reg[2]/C
  -------------------------------------------------------------------    -------------------
    SLICE_X63Y21         FDRE (Prop_FFF_SLICEM_C_Q)
                                                      0.037     0.050 r  bd_0_i/hls_inst/inst/i_reg_129_reg[2]/Q
                         net (fo=7, unset)            0.000     0.050    m1_address0[8]
                                                                      r  m1_address0[8] (OUT)
  -------------------------------------------------------------------    -------------------

Slack:                    inf
  Source:                 bd_0_i/hls_inst/inst/j_reg_152_reg[2]/C
                            (rising edge-triggered cell FDRE clocked by ap_clk  {rise@0.000ns fall@4.000ns period=8.000ns})
  Destination:            m2_address0[2]
                            (output port)
  Path Group:             (none)
  Path Type:              Min at Fast Process Corner
  Data Path Delay:        0.037ns  (logic 0.037ns (100.000%)  route 0.000ns (0.000%))
  Logic Levels:           0  
  Clock Uncertainty:      0.025ns  ((TSJ^2 + TIJ^2)^1/2 + DJ) / 2 + PE
    Total System Jitter     (TSJ):    0.050ns
    Total Input Jitter      (TIJ):    0.000ns
    Discrete Jitter          (DJ):    0.000ns
    Phase Error              (PE):    0.000ns

    Location             Delay type                Incr(ns)  Path(ns)    Netlist Resource(s)
  -------------------------------------------------------------------    -------------------
                         (clock ap_clk rise edge)     0.000     0.000 r  
                                                      0.000     0.000 r  ap_clk (IN)
                         net (fo=1053, unset)         0.013     0.013    bd_0_i/hls_inst/inst/ap_clk
    SLICE_X65Y23         FDRE                                         r  bd_0_i/hls_inst/inst/j_reg_152_reg[2]/C
  -------------------------------------------------------------------    -------------------
    SLICE_X65Y23         FDRE (Prop_FFF_SLICEM_C_Q)
                                                      0.037     0.050 r  bd_0_i/hls_inst/inst/j_reg_152_reg[2]/Q
                         net (fo=6, unset)            0.000     0.050    m2_address0[2]
                                                                      r  m2_address0[2] (OUT)
  -------------------------------------------------------------------    -------------------

Slack:                    inf
  Source:                 bd_0_i/hls_inst/inst/add_reg_464_reg[16]/C
                            (rising edge-triggered cell FDRE clocked by ap_clk  {rise@0.000ns fall@4.000ns period=8.000ns})
  Destination:            prod_d0[16]
                            (output port)
  Path Group:             (none)
  Path Type:              Min at Fast Process Corner
  Data Path Delay:        0.037ns  (logic 0.037ns (100.000%)  route 0.000ns (0.000%))
  Logic Levels:           0  
  Clock Uncertainty:      0.025ns  ((TSJ^2 + TIJ^2)^1/2 + DJ) / 2 + PE
    Total System Jitter     (TSJ):    0.050ns
    Total Input Jitter      (TIJ):    0.000ns
    Discrete Jitter          (DJ):    0.000ns
    Phase Error              (PE):    0.000ns

    Location             Delay type                Incr(ns)  Path(ns)    Netlist Resource(s)
  -------------------------------------------------------------------    -------------------
                         (clock ap_clk rise edge)     0.000     0.000 r  
                                                      0.000     0.000 r  ap_clk (IN)
                         net (fo=1053, unset)         0.013     0.013    bd_0_i/hls_inst/inst/ap_clk
    SLICE_X60Y32         FDRE                                         r  bd_0_i/hls_inst/inst/add_reg_464_reg[16]/C
  -------------------------------------------------------------------    -------------------
    SLICE_X60Y32         FDRE (Prop_FFF_SLICEM_C_Q)
                                                      0.037     0.050 r  bd_0_i/hls_inst/inst/add_reg_464_reg[16]/Q
                         net (fo=0)                   0.000     0.050    prod_d0[16]
                                                                      r  prod_d0[16] (OUT)
  -------------------------------------------------------------------    -------------------

Slack:                    inf
  Source:                 bd_0_i/hls_inst/inst/add_reg_464_reg[2]/C
                            (rising edge-triggered cell FDRE clocked by ap_clk  {rise@0.000ns fall@4.000ns period=8.000ns})
  Destination:            prod_d0[2]
                            (output port)
  Path Group:             (none)
  Path Type:              Min at Fast Process Corner
  Data Path Delay:        0.037ns  (logic 0.037ns (100.000%)  route 0.000ns (0.000%))
  Logic Levels:           0  
  Clock Uncertainty:      0.025ns  ((TSJ^2 + TIJ^2)^1/2 + DJ) / 2 + PE
    Total System Jitter     (TSJ):    0.050ns
    Total Input Jitter      (TIJ):    0.000ns
    Discrete Jitter          (DJ):    0.000ns
    Phase Error              (PE):    0.000ns

    Location             Delay type                Incr(ns)  Path(ns)    Netlist Resource(s)
  -------------------------------------------------------------------    -------------------
                         (clock ap_clk rise edge)     0.000     0.000 r  
                                                      0.000     0.000 r  ap_clk (IN)
                         net (fo=1053, unset)         0.013     0.013    bd_0_i/hls_inst/inst/ap_clk
    SLICE_X60Y30         FDRE                                         r  bd_0_i/hls_inst/inst/add_reg_464_reg[2]/C
  -------------------------------------------------------------------    -------------------
    SLICE_X60Y30         FDRE (Prop_FFF_SLICEM_C_Q)
                                                      0.037     0.050 r  bd_0_i/hls_inst/inst/add_reg_464_reg[2]/Q
                         net (fo=0)                   0.000     0.050    prod_d0[2]
                                                                      r  prod_d0[2] (OUT)
  -------------------------------------------------------------------    -------------------

Slack:                    inf
  Source:                 bd_0_i/hls_inst/inst/i_reg_129_reg[0]/C
                            (rising edge-triggered cell FDRE clocked by ap_clk  {rise@0.000ns fall@4.000ns period=8.000ns})
  Destination:            m1_address0[6]
                            (output port)
  Path Group:             (none)
  Path Type:              Min at Fast Process Corner
  Data Path Delay:        0.038ns  (logic 0.038ns (100.000%)  route 0.000ns (0.000%))
  Logic Levels:           0  
  Clock Uncertainty:      0.025ns  ((TSJ^2 + TIJ^2)^1/2 + DJ) / 2 + PE
    Total System Jitter     (TSJ):    0.050ns
    Total Input Jitter      (TIJ):    0.000ns
    Discrete Jitter          (DJ):    0.000ns
    Phase Error              (PE):    0.000ns

    Location             Delay type                Incr(ns)  Path(ns)    Netlist Resource(s)
  -------------------------------------------------------------------    -------------------
                         (clock ap_clk rise edge)     0.000     0.000 r  
                                                      0.000     0.000 r  ap_clk (IN)
                         net (fo=1053, unset)         0.013     0.013    bd_0_i/hls_inst/inst/ap_clk
    SLICE_X63Y21         FDRE                                         r  bd_0_i/hls_inst/inst/i_reg_129_reg[0]/C
  -------------------------------------------------------------------    -------------------
    SLICE_X63Y21         FDRE (Prop_EFF_SLICEM_C_Q)
                                                      0.038     0.051 r  bd_0_i/hls_inst/inst/i_reg_129_reg[0]/Q
                         net (fo=12, unset)           0.000     0.051    m1_address0[6]
                                                                      r  m1_address0[6] (OUT)
  -------------------------------------------------------------------    -------------------

Slack:                    inf
  Source:                 bd_0_i/hls_inst/inst/j_reg_152_reg[0]/C
                            (rising edge-triggered cell FDRE clocked by ap_clk  {rise@0.000ns fall@4.000ns period=8.000ns})
  Destination:            m2_address0[0]
                            (output port)
  Path Group:             (none)
  Path Type:              Min at Fast Process Corner
  Data Path Delay:        0.038ns  (logic 0.038ns (100.000%)  route 0.000ns (0.000%))
  Logic Levels:           0  
  Clock Uncertainty:      0.025ns  ((TSJ^2 + TIJ^2)^1/2 + DJ) / 2 + PE
    Total System Jitter     (TSJ):    0.050ns
    Total Input Jitter      (TIJ):    0.000ns
    Discrete Jitter          (DJ):    0.000ns
    Phase Error              (PE):    0.000ns

    Location             Delay type                Incr(ns)  Path(ns)    Netlist Resource(s)
  -------------------------------------------------------------------    -------------------
                         (clock ap_clk rise edge)     0.000     0.000 r  
                                                      0.000     0.000 r  ap_clk (IN)
                         net (fo=1053, unset)         0.013     0.013    bd_0_i/hls_inst/inst/ap_clk
    SLICE_X65Y23         FDRE                                         r  bd_0_i/hls_inst/inst/j_reg_152_reg[0]/C
  -------------------------------------------------------------------    -------------------
    SLICE_X65Y23         FDRE (Prop_EFF_SLICEM_C_Q)
                                                      0.038     0.051 r  bd_0_i/hls_inst/inst/j_reg_152_reg[0]/Q
                         net (fo=8, unset)            0.000     0.051    m2_address0[0]
                                                                      r  m2_address0[0] (OUT)
  -------------------------------------------------------------------    -------------------

Slack:                    inf
  Source:                 bd_0_i/hls_inst/inst/add_reg_464_reg[0]/C
                            (rising edge-triggered cell FDRE clocked by ap_clk  {rise@0.000ns fall@4.000ns period=8.000ns})
  Destination:            prod_d0[0]
                            (output port)
  Path Group:             (none)
  Path Type:              Min at Fast Process Corner
  Data Path Delay:        0.038ns  (logic 0.038ns (100.000%)  route 0.000ns (0.000%))
  Logic Levels:           0  
  Clock Uncertainty:      0.025ns  ((TSJ^2 + TIJ^2)^1/2 + DJ) / 2 + PE
    Total System Jitter     (TSJ):    0.050ns
    Total Input Jitter      (TIJ):    0.000ns
    Discrete Jitter          (DJ):    0.000ns
    Phase Error              (PE):    0.000ns

    Location             Delay type                Incr(ns)  Path(ns)    Netlist Resource(s)
  -------------------------------------------------------------------    -------------------
                         (clock ap_clk rise edge)     0.000     0.000 r  
                                                      0.000     0.000 r  ap_clk (IN)
                         net (fo=1053, unset)         0.013     0.013    bd_0_i/hls_inst/inst/ap_clk
    SLICE_X60Y30         FDRE                                         r  bd_0_i/hls_inst/inst/add_reg_464_reg[0]/C
  -------------------------------------------------------------------    -------------------
    SLICE_X60Y30         FDRE (Prop_EFF_SLICEM_C_Q)
                                                      0.038     0.051 r  bd_0_i/hls_inst/inst/add_reg_464_reg[0]/Q
                         net (fo=0)                   0.000     0.051    prod_d0[0]
                                                                      r  prod_d0[0] (OUT)
  -------------------------------------------------------------------    -------------------

Slack:                    inf
  Source:                 bd_0_i/hls_inst/inst/add_reg_464_reg[10]/C
                            (rising edge-triggered cell FDRE clocked by ap_clk  {rise@0.000ns fall@4.000ns period=8.000ns})
  Destination:            prod_d0[10]
                            (output port)
  Path Group:             (none)
  Path Type:              Min at Fast Process Corner
  Data Path Delay:        0.038ns  (logic 0.038ns (100.000%)  route 0.000ns (0.000%))
  Logic Levels:           0  
  Clock Uncertainty:      0.025ns  ((TSJ^2 + TIJ^2)^1/2 + DJ) / 2 + PE
    Total System Jitter     (TSJ):    0.050ns
    Total Input Jitter      (TIJ):    0.000ns
    Discrete Jitter          (DJ):    0.000ns
    Phase Error              (PE):    0.000ns

    Location             Delay type                Incr(ns)  Path(ns)    Netlist Resource(s)
  -------------------------------------------------------------------    -------------------
                         (clock ap_clk rise edge)     0.000     0.000 r  
                                                      0.000     0.000 r  ap_clk (IN)
                         net (fo=1053, unset)         0.013     0.013    bd_0_i/hls_inst/inst/ap_clk
    SLICE_X60Y31         FDRE                                         r  bd_0_i/hls_inst/inst/add_reg_464_reg[10]/C
  -------------------------------------------------------------------    -------------------
    SLICE_X60Y31         FDRE (Prop_CFF_SLICEM_C_Q)
                                                      0.038     0.051 r  bd_0_i/hls_inst/inst/add_reg_464_reg[10]/Q
                         net (fo=0)                   0.000     0.051    prod_d0[10]
                                                                      r  prod_d0[10] (OUT)
  -------------------------------------------------------------------    -------------------

Slack:                    inf
  Source:                 bd_0_i/hls_inst/inst/add_reg_464_reg[14]/C
                            (rising edge-triggered cell FDRE clocked by ap_clk  {rise@0.000ns fall@4.000ns period=8.000ns})
  Destination:            prod_d0[14]
                            (output port)
  Path Group:             (none)
  Path Type:              Min at Fast Process Corner
  Data Path Delay:        0.038ns  (logic 0.038ns (100.000%)  route 0.000ns (0.000%))
  Logic Levels:           0  
  Clock Uncertainty:      0.025ns  ((TSJ^2 + TIJ^2)^1/2 + DJ) / 2 + PE
    Total System Jitter     (TSJ):    0.050ns
    Total Input Jitter      (TIJ):    0.000ns
    Discrete Jitter          (DJ):    0.000ns
    Phase Error              (PE):    0.000ns

    Location             Delay type                Incr(ns)  Path(ns)    Netlist Resource(s)
  -------------------------------------------------------------------    -------------------
                         (clock ap_clk rise edge)     0.000     0.000 r  
                                                      0.000     0.000 r  ap_clk (IN)
                         net (fo=1053, unset)         0.013     0.013    bd_0_i/hls_inst/inst/ap_clk
    SLICE_X60Y32         FDRE                                         r  bd_0_i/hls_inst/inst/add_reg_464_reg[14]/C
  -------------------------------------------------------------------    -------------------
    SLICE_X60Y32         FDRE (Prop_EFF_SLICEM_C_Q)
                                                      0.038     0.051 r  bd_0_i/hls_inst/inst/add_reg_464_reg[14]/Q
                         net (fo=0)                   0.000     0.051    prod_d0[14]
                                                                      r  prod_d0[14] (OUT)
  -------------------------------------------------------------------    -------------------

Slack:                    inf
  Source:                 bd_0_i/hls_inst/inst/add_reg_464_reg[22]/C
                            (rising edge-triggered cell FDRE clocked by ap_clk  {rise@0.000ns fall@4.000ns period=8.000ns})
  Destination:            prod_d0[22]
                            (output port)
  Path Group:             (none)
  Path Type:              Min at Fast Process Corner
  Data Path Delay:        0.038ns  (logic 0.038ns (100.000%)  route 0.000ns (0.000%))
  Logic Levels:           0  
  Clock Uncertainty:      0.025ns  ((TSJ^2 + TIJ^2)^1/2 + DJ) / 2 + PE
    Total System Jitter     (TSJ):    0.050ns
    Total Input Jitter      (TIJ):    0.000ns
    Discrete Jitter          (DJ):    0.000ns
    Phase Error              (PE):    0.000ns

    Location             Delay type                Incr(ns)  Path(ns)    Netlist Resource(s)
  -------------------------------------------------------------------    -------------------
                         (clock ap_clk rise edge)     0.000     0.000 r  
                                                      0.000     0.000 r  ap_clk (IN)
                         net (fo=1053, unset)         0.013     0.013    bd_0_i/hls_inst/inst/ap_clk
    SLICE_X60Y32         FDRE                                         r  bd_0_i/hls_inst/inst/add_reg_464_reg[22]/C
  -------------------------------------------------------------------    -------------------
    SLICE_X60Y32         FDRE (Prop_CFF_SLICEM_C_Q)
                                                      0.038     0.051 r  bd_0_i/hls_inst/inst/add_reg_464_reg[22]/Q
                         net (fo=0)                   0.000     0.051    prod_d0[22]
                                                                      r  prod_d0[22] (OUT)
  -------------------------------------------------------------------    -------------------





--------------------------------------------------------------------------------------
Path Group:  (none)
From Clock:  
  To Clock:  ap_clk

Max Delay           429 Endpoints
Min Delay           429 Endpoints
--------------------------------------------------------------------------------------


Max Delay Paths
--------------------------------------------------------------------------------------
Slack:                    inf
  Source:                 bd_0_i/hls_inst/inst/dadd_64ns_64ns_64_4_full_dsp_1_U1/bbgemm_dadd_64ns_64ns_64_4_full_dsp_1_ip_u/inst/i_synth/ADDSUB_OP.ADDSUB/LOGIC_SPEED.OP/ALIGN_BLK/FRAC_ADDSUB/DSP_ADD.FRAC_ADDSUB/i_no_versal_es1_workaround.DSP48E1_GEN.DSP48E1_DEL/i_no_versal_es1_workaround.DSP/DSP_A_B_DATA_INST/B_ALU[1]
                            (internal pin)
  Destination:            bd_0_i/hls_inst/inst/dadd_64ns_64ns_64_4_full_dsp_1_U1/bbgemm_dadd_64ns_64ns_64_4_full_dsp_1_ip_u/inst/i_synth/ADDSUB_OP.ADDSUB/LOGIC_SPEED.OP/NORM/LZE/ENCODE[0].MUX_0/OP_DEL/i_pipe/opt_has_pipe.first_q_reg[1]/D
                            (rising edge-triggered cell FDRE clocked by ap_clk  {rise@0.000ns fall@4.000ns period=8.000ns})
  Path Group:             (none)
  Path Type:              Setup (Max at Slow Process Corner)
  Data Path Delay:        3.156ns  (logic 1.919ns (60.803%)  route 1.237ns (39.197%))
  Logic Levels:           10  (CARRY8=1 DSP_ALU=2 DSP_OUTPUT=2 LUT2=1 LUT5=1 LUT6=3)
  Clock Uncertainty:      0.025ns  ((TSJ^2 + TIJ^2)^1/2 + DJ) / 2 + PE
    Total System Jitter     (TSJ):    0.050ns
    Total Input Jitter      (TIJ):    0.000ns
    Discrete Jitter          (DJ):    0.000ns
    Phase Error              (PE):    0.000ns

    Location             Delay type                Incr(ns)  Path(ns)    Netlist Resource(s)
  -------------------------------------------------------------------    -------------------
    DSP48E2_X9Y3         DSP_A_B_DATA                 0.000     0.000 r  bd_0_i/hls_inst/inst/dadd_64ns_64ns_64_4_full_dsp_1_U1/bbgemm_dadd_64ns_64ns_64_4_full_dsp_1_ip_u/inst/i_synth/ADDSUB_OP.ADDSUB/LOGIC_SPEED.OP/ALIGN_BLK/FRAC_ADDSUB/DSP_ADD.FRAC_ADDSUB/i_no_versal_es1_workaround.DSP48E1_GEN.DSP48E1_DEL/i_no_versal_es1_workaround.DSP/DSP_A_B_DATA_INST/B_ALU[1]
                         net (fo=1, routed)           0.000     0.000    bd_0_i/hls_inst/inst/dadd_64ns_64ns_64_4_full_dsp_1_U1/bbgemm_dadd_64ns_64ns_64_4_full_dsp_1_ip_u/inst/i_synth/ADDSUB_OP.ADDSUB/LOGIC_SPEED.OP/ALIGN_BLK/FRAC_ADDSUB/DSP_ADD.FRAC_ADDSUB/i_no_versal_es1_workaround.DSP48E1_GEN.DSP48E1_DEL/i_no_versal_es1_workaround.DSP/DSP_A_B_DATA.B_ALU<1>
    DSP48E2_X9Y3         DSP_ALU (Prop_DSP_ALU_DSP48E2_B_ALU[1]_ALU_OUT[47])
                                                      0.541     0.541 f  bd_0_i/hls_inst/inst/dadd_64ns_64ns_64_4_full_dsp_1_U1/bbgemm_dadd_64ns_64ns_64_4_full_dsp_1_ip_u/inst/i_synth/ADDSUB_OP.ADDSUB/LOGIC_SPEED.OP/ALIGN_BLK/FRAC_ADDSUB/DSP_ADD.FRAC_ADDSUB/i_no_versal_es1_workaround.DSP48E1_GEN.DSP48E1_DEL/i_no_versal_es1_workaround.DSP/DSP_ALU_INST/ALU_OUT[47]
                         net (fo=1, routed)           0.000     0.541    bd_0_i/hls_inst/inst/dadd_64ns_64ns_64_4_full_dsp_1_U1/bbgemm_dadd_64ns_64ns_64_4_full_dsp_1_ip_u/inst/i_synth/ADDSUB_OP.ADDSUB/LOGIC_SPEED.OP/ALIGN_BLK/FRAC_ADDSUB/DSP_ADD.FRAC_ADDSUB/i_no_versal_es1_workaround.DSP48E1_GEN.DSP48E1_DEL/i_no_versal_es1_workaround.DSP/DSP_ALU.ALU_OUT<47>
    DSP48E2_X9Y3         DSP_OUTPUT (Prop_DSP_OUTPUT_DSP48E2_ALU_OUT[47]_PCOUT[47])
                                                      0.122     0.663 r  bd_0_i/hls_inst/inst/dadd_64ns_64ns_64_4_full_dsp_1_U1/bbgemm_dadd_64ns_64ns_64_4_full_dsp_1_ip_u/inst/i_synth/ADDSUB_OP.ADDSUB/LOGIC_SPEED.OP/ALIGN_BLK/FRAC_ADDSUB/DSP_ADD.FRAC_ADDSUB/i_no_versal_es1_workaround.DSP48E1_GEN.DSP48E1_DEL/i_no_versal_es1_workaround.DSP/DSP_OUTPUT_INST/PCOUT[47]
                         net (fo=1, routed)           0.038     0.701    bd_0_i/hls_inst/inst/dadd_64ns_64ns_64_4_full_dsp_1_U1/bbgemm_dadd_64ns_64ns_64_4_full_dsp_1_ip_u/inst/i_synth/ADDSUB_OP.ADDSUB/LOGIC_SPEED.OP/ALIGN_BLK/FRAC_ADDSUB/DSP_ADD.FRAC_ADDSUB/i_no_versal_es1_workaround.DSP48E1_ADD.DSP48E1_ADD/i_no_versal_es1_workaround.DSP/PCIN[47]
    DSP48E2_X9Y4         DSP_ALU (Prop_DSP_ALU_DSP48E2_PCIN[47]_ALU_OUT[47])
                                                      0.546     1.247 f  bd_0_i/hls_inst/inst/dadd_64ns_64ns_64_4_full_dsp_1_U1/bbgemm_dadd_64ns_64ns_64_4_full_dsp_1_ip_u/inst/i_synth/ADDSUB_OP.ADDSUB/LOGIC_SPEED.OP/ALIGN_BLK/FRAC_ADDSUB/DSP_ADD.FRAC_ADDSUB/i_no_versal_es1_workaround.DSP48E1_ADD.DSP48E1_ADD/i_no_versal_es1_workaround.DSP/DSP_ALU_INST/ALU_OUT[47]
                         net (fo=1, routed)           0.000     1.247    bd_0_i/hls_inst/inst/dadd_64ns_64ns_64_4_full_dsp_1_U1/bbgemm_dadd_64ns_64ns_64_4_full_dsp_1_ip_u/inst/i_synth/ADDSUB_OP.ADDSUB/LOGIC_SPEED.OP/ALIGN_BLK/FRAC_ADDSUB/DSP_ADD.FRAC_ADDSUB/i_no_versal_es1_workaround.DSP48E1_ADD.DSP48E1_ADD/i_no_versal_es1_workaround.DSP/DSP_ALU.ALU_OUT<47>
    DSP48E2_X9Y4         DSP_OUTPUT (Prop_DSP_OUTPUT_DSP48E2_ALU_OUT[47]_P[47])
                                                      0.109     1.356 r  bd_0_i/hls_inst/inst/dadd_64ns_64ns_64_4_full_dsp_1_U1/bbgemm_dadd_64ns_64ns_64_4_full_dsp_1_ip_u/inst/i_synth/ADDSUB_OP.ADDSUB/LOGIC_SPEED.OP/ALIGN_BLK/FRAC_ADDSUB/DSP_ADD.FRAC_ADDSUB/i_no_versal_es1_workaround.DSP48E1_ADD.DSP48E1_ADD/i_no_versal_es1_workaround.DSP/DSP_OUTPUT_INST/P[47]
                         net (fo=16, routed)          0.337     1.693    bd_0_i/hls_inst/inst/dadd_64ns_64ns_64_4_full_dsp_1_U1/bbgemm_dadd_64ns_64ns_64_4_full_dsp_1_ip_u/inst/i_synth/ADDSUB_OP.ADDSUB/LOGIC_SPEED.OP/ALIGN_BLK/FRAC_ADDSUB/DSP_ADD.FRAC_ADDSUB/i_no_versal_es1_workaround.LOGIC_ADD.ADD_0/P[0]
    SLICE_X69Y25         LUT5 (Prop_G6LUT_SLICEL_I3_O)
                                                      0.035     1.728 f  bd_0_i/hls_inst/inst/dadd_64ns_64ns_64_4_full_dsp_1_U1/bbgemm_dadd_64ns_64ns_64_4_full_dsp_1_ip_u/inst/i_synth/ADDSUB_OP.ADDSUB/LOGIC_SPEED.OP/ALIGN_BLK/FRAC_ADDSUB/DSP_ADD.FRAC_ADDSUB/i_no_versal_es1_workaround.LOGIC_ADD.ADD_0/CHAIN_GEN[0].C_MUX.CARRY_MUX_i_2__1/O
                         net (fo=2, routed)           0.187     1.915    bd_0_i/hls_inst/inst/dadd_64ns_64ns_64_4_full_dsp_1_U1/bbgemm_dadd_64ns_64ns_64_4_full_dsp_1_ip_u/inst/i_synth/ADDSUB_OP.ADDSUB/LOGIC_SPEED.OP/ALIGN_BLK/FRAC_ADDSUB/DSP_ADD.FRAC_ADDSUB/i_no_versal_es1_workaround.LOGIC_ADD.ADD_0/CHAIN_GEN[6].Q_XOR.SUM_XOR_0
    SLICE_X69Y26         LUT6 (Prop_A6LUT_SLICEL_I5_O)
                                                      0.090     2.005 r  bd_0_i/hls_inst/inst/dadd_64ns_64ns_64_4_full_dsp_1_U1/bbgemm_dadd_64ns_64ns_64_4_full_dsp_1_ip_u/inst/i_synth/ADDSUB_OP.ADDSUB/LOGIC_SPEED.OP/ALIGN_BLK/FRAC_ADDSUB/DSP_ADD.FRAC_ADDSUB/i_no_versal_es1_workaround.LOGIC_ADD.ADD_0/CHAIN_GEN[0].C_MUX.CARRY_MUX_i_1__3/O
                         net (fo=1, routed)           0.009     2.014    bd_0_i/hls_inst/inst/dadd_64ns_64ns_64_4_full_dsp_1_U1/bbgemm_dadd_64ns_64ns_64_4_full_dsp_1_ip_u/inst/i_synth/ADDSUB_OP.ADDSUB/LOGIC_SPEED.OP/NORM/LZE/ZERO_DET_CC_1/chunk_is_zero[0]
    SLICE_X69Y26         CARRY8 (Prop_CARRY8_SLICEL_S[0]_CO[7])
                                                      0.204     2.218 r  bd_0_i/hls_inst/inst/dadd_64ns_64ns_64_4_full_dsp_1_U1/bbgemm_dadd_64ns_64ns_64_4_full_dsp_1_ip_u/inst/i_synth/ADDSUB_OP.ADDSUB/LOGIC_SPEED.OP/NORM/LZE/ZERO_DET_CC_1/CHAIN_GEN[0].C_MUX.CARRY_MUX_CARRY4_CARRY8/CO[7]
                         net (fo=67, routed)          0.298     2.516    bd_0_i/hls_inst/inst/dadd_64ns_64ns_64_4_full_dsp_1_U1/bbgemm_dadd_64ns_64ns_64_4_full_dsp_1_ip_u/inst/i_synth/ADDSUB_OP.ADDSUB/LOGIC_SPEED.OP/NORM/LZE/ZERO_DET_CC_1/CHAIN_GEN[7].C_MUX.CARRY_MUX_0[1]
    SLICE_X68Y27         LUT2 (Prop_C5LUT_SLICEL_I0_O)
                                                      0.098     2.614 r  bd_0_i/hls_inst/inst/dadd_64ns_64ns_64_4_full_dsp_1_U1/bbgemm_dadd_64ns_64ns_64_4_full_dsp_1_ip_u/inst/i_synth/ADDSUB_OP.ADDSUB/LOGIC_SPEED.OP/NORM/LZE/ZERO_DET_CC_1/opt_has_pipe.first_q[7]_i_3/O
                         net (fo=7, routed)           0.175     2.789    bd_0_i/hls_inst/inst/dadd_64ns_64ns_64_4_full_dsp_1_U1/bbgemm_dadd_64ns_64ns_64_4_full_dsp_1_ip_u/inst/i_synth/ADDSUB_OP.ADDSUB/LOGIC_SPEED.OP/ALIGN_BLK/FRAC_ADDSUB/DSP_ADD.FRAC_ADDSUB/i_no_versal_es1_workaround.DSP48E1_ADD.DSP48E1_ADD/opt_has_pipe.first_q_reg[7]
    SLICE_X68Y27         LUT6 (Prop_E6LUT_SLICEL_I5_O)
                                                      0.123     2.912 r  bd_0_i/hls_inst/inst/dadd_64ns_64ns_64_4_full_dsp_1_U1/bbgemm_dadd_64ns_64ns_64_4_full_dsp_1_ip_u/inst/i_synth/ADDSUB_OP.ADDSUB/LOGIC_SPEED.OP/ALIGN_BLK/FRAC_ADDSUB/DSP_ADD.FRAC_ADDSUB/i_no_versal_es1_workaround.DSP48E1_ADD.DSP48E1_ADD/opt_has_pipe.first_q[1]_i_2__1/O
                         net (fo=1, routed)           0.142     3.054    bd_0_i/hls_inst/inst/dadd_64ns_64ns_64_4_full_dsp_1_U1/bbgemm_dadd_64ns_64ns_64_4_full_dsp_1_ip_u/inst/i_synth/ADDSUB_OP.ADDSUB/LOGIC_SPEED.OP/ALIGN_BLK/FRAC_ADDSUB/DSP_ADD.FRAC_ADDSUB/i_no_versal_es1_workaround.DSP48E1_ADD.DSP48E1_ADD/opt_has_pipe.first_q[1]_i_2__1_n_0
    SLICE_X68Y27         LUT6 (Prop_H6LUT_SLICEL_I0_O)
                                                      0.051     3.105 r  bd_0_i/hls_inst/inst/dadd_64ns_64ns_64_4_full_dsp_1_U1/bbgemm_dadd_64ns_64ns_64_4_full_dsp_1_ip_u/inst/i_synth/ADDSUB_OP.ADDSUB/LOGIC_SPEED.OP/ALIGN_BLK/FRAC_ADDSUB/DSP_ADD.FRAC_ADDSUB/i_no_versal_es1_workaround.DSP48E1_ADD.DSP48E1_ADD/opt_has_pipe.first_q[1]_i_1__0/O
                         net (fo=1, routed)           0.051     3.156    bd_0_i/hls_inst/inst/dadd_64ns_64ns_64_4_full_dsp_1_U1/bbgemm_dadd_64ns_64ns_64_4_full_dsp_1_ip_u/inst/i_synth/ADDSUB_OP.ADDSUB/LOGIC_SPEED.OP/NORM/LZE/ENCODE[0].MUX_0/OP_DEL/i_pipe/opt_has_pipe.first_q_reg[1]_1
    SLICE_X68Y27         FDRE                                         r  bd_0_i/hls_inst/inst/dadd_64ns_64ns_64_4_full_dsp_1_U1/bbgemm_dadd_64ns_64ns_64_4_full_dsp_1_ip_u/inst/i_synth/ADDSUB_OP.ADDSUB/LOGIC_SPEED.OP/NORM/LZE/ENCODE[0].MUX_0/OP_DEL/i_pipe/opt_has_pipe.first_q_reg[1]/D
  -------------------------------------------------------------------    -------------------

                         (clock ap_clk rise edge)     0.000     0.000 r  
                                                      0.000     0.000 r  ap_clk (IN)
                         net (fo=1053, unset)         0.020     0.020    bd_0_i/hls_inst/inst/dadd_64ns_64ns_64_4_full_dsp_1_U1/bbgemm_dadd_64ns_64ns_64_4_full_dsp_1_ip_u/inst/i_synth/ADDSUB_OP.ADDSUB/LOGIC_SPEED.OP/NORM/LZE/ENCODE[0].MUX_0/OP_DEL/i_pipe/aclk
    SLICE_X68Y27         FDRE                                         r  bd_0_i/hls_inst/inst/dadd_64ns_64ns_64_4_full_dsp_1_U1/bbgemm_dadd_64ns_64ns_64_4_full_dsp_1_ip_u/inst/i_synth/ADDSUB_OP.ADDSUB/LOGIC_SPEED.OP/NORM/LZE/ENCODE[0].MUX_0/OP_DEL/i_pipe/opt_has_pipe.first_q_reg[1]/C

Slack:                    inf
  Source:                 bd_0_i/hls_inst/inst/dadd_64ns_64ns_64_4_full_dsp_1_U1/bbgemm_dadd_64ns_64ns_64_4_full_dsp_1_ip_u/inst/i_synth/ADDSUB_OP.ADDSUB/LOGIC_SPEED.OP/ALIGN_BLK/FRAC_ADDSUB/DSP_ADD.FRAC_ADDSUB/i_no_versal_es1_workaround.DSP48E1_GEN.DSP48E1_DEL/i_no_versal_es1_workaround.DSP/DSP_A_B_DATA_INST/B_ALU[1]
                            (internal pin)
  Destination:            bd_0_i/hls_inst/inst/dadd_64ns_64ns_64_4_full_dsp_1_U1/bbgemm_dadd_64ns_64ns_64_4_full_dsp_1_ip_u/inst/i_synth/ADDSUB_OP.ADDSUB/LOGIC_SPEED.OP/NORM/LZE/ENCODE[0].MUX_0/OP_DEL/i_pipe/opt_has_pipe.first_q_reg[2]/D
                            (rising edge-triggered cell FDRE clocked by ap_clk  {rise@0.000ns fall@4.000ns period=8.000ns})
  Path Group:             (none)
  Path Type:              Setup (Max at Slow Process Corner)
  Data Path Delay:        3.103ns  (logic 1.905ns (61.393%)  route 1.198ns (38.607%))
  Logic Levels:           10  (CARRY8=1 DSP_ALU=2 DSP_OUTPUT=2 LUT2=1 LUT5=1 LUT6=3)
  Clock Uncertainty:      0.025ns  ((TSJ^2 + TIJ^2)^1/2 + DJ) / 2 + PE
    Total System Jitter     (TSJ):    0.050ns
    Total Input Jitter      (TIJ):    0.000ns
    Discrete Jitter          (DJ):    0.000ns
    Phase Error              (PE):    0.000ns

    Location             Delay type                Incr(ns)  Path(ns)    Netlist Resource(s)
  -------------------------------------------------------------------    -------------------
    DSP48E2_X9Y3         DSP_A_B_DATA                 0.000     0.000 r  bd_0_i/hls_inst/inst/dadd_64ns_64ns_64_4_full_dsp_1_U1/bbgemm_dadd_64ns_64ns_64_4_full_dsp_1_ip_u/inst/i_synth/ADDSUB_OP.ADDSUB/LOGIC_SPEED.OP/ALIGN_BLK/FRAC_ADDSUB/DSP_ADD.FRAC_ADDSUB/i_no_versal_es1_workaround.DSP48E1_GEN.DSP48E1_DEL/i_no_versal_es1_workaround.DSP/DSP_A_B_DATA_INST/B_ALU[1]
                         net (fo=1, routed)           0.000     0.000    bd_0_i/hls_inst/inst/dadd_64ns_64ns_64_4_full_dsp_1_U1/bbgemm_dadd_64ns_64ns_64_4_full_dsp_1_ip_u/inst/i_synth/ADDSUB_OP.ADDSUB/LOGIC_SPEED.OP/ALIGN_BLK/FRAC_ADDSUB/DSP_ADD.FRAC_ADDSUB/i_no_versal_es1_workaround.DSP48E1_GEN.DSP48E1_DEL/i_no_versal_es1_workaround.DSP/DSP_A_B_DATA.B_ALU<1>
    DSP48E2_X9Y3         DSP_ALU (Prop_DSP_ALU_DSP48E2_B_ALU[1]_ALU_OUT[47])
                                                      0.541     0.541 f  bd_0_i/hls_inst/inst/dadd_64ns_64ns_64_4_full_dsp_1_U1/bbgemm_dadd_64ns_64ns_64_4_full_dsp_1_ip_u/inst/i_synth/ADDSUB_OP.ADDSUB/LOGIC_SPEED.OP/ALIGN_BLK/FRAC_ADDSUB/DSP_ADD.FRAC_ADDSUB/i_no_versal_es1_workaround.DSP48E1_GEN.DSP48E1_DEL/i_no_versal_es1_workaround.DSP/DSP_ALU_INST/ALU_OUT[47]
                         net (fo=1, routed)           0.000     0.541    bd_0_i/hls_inst/inst/dadd_64ns_64ns_64_4_full_dsp_1_U1/bbgemm_dadd_64ns_64ns_64_4_full_dsp_1_ip_u/inst/i_synth/ADDSUB_OP.ADDSUB/LOGIC_SPEED.OP/ALIGN_BLK/FRAC_ADDSUB/DSP_ADD.FRAC_ADDSUB/i_no_versal_es1_workaround.DSP48E1_GEN.DSP48E1_DEL/i_no_versal_es1_workaround.DSP/DSP_ALU.ALU_OUT<47>
    DSP48E2_X9Y3         DSP_OUTPUT (Prop_DSP_OUTPUT_DSP48E2_ALU_OUT[47]_PCOUT[47])
                                                      0.122     0.663 r  bd_0_i/hls_inst/inst/dadd_64ns_64ns_64_4_full_dsp_1_U1/bbgemm_dadd_64ns_64ns_64_4_full_dsp_1_ip_u/inst/i_synth/ADDSUB_OP.ADDSUB/LOGIC_SPEED.OP/ALIGN_BLK/FRAC_ADDSUB/DSP_ADD.FRAC_ADDSUB/i_no_versal_es1_workaround.DSP48E1_GEN.DSP48E1_DEL/i_no_versal_es1_workaround.DSP/DSP_OUTPUT_INST/PCOUT[47]
                         net (fo=1, routed)           0.038     0.701    bd_0_i/hls_inst/inst/dadd_64ns_64ns_64_4_full_dsp_1_U1/bbgemm_dadd_64ns_64ns_64_4_full_dsp_1_ip_u/inst/i_synth/ADDSUB_OP.ADDSUB/LOGIC_SPEED.OP/ALIGN_BLK/FRAC_ADDSUB/DSP_ADD.FRAC_ADDSUB/i_no_versal_es1_workaround.DSP48E1_ADD.DSP48E1_ADD/i_no_versal_es1_workaround.DSP/PCIN[47]
    DSP48E2_X9Y4         DSP_ALU (Prop_DSP_ALU_DSP48E2_PCIN[47]_ALU_OUT[47])
                                                      0.546     1.247 f  bd_0_i/hls_inst/inst/dadd_64ns_64ns_64_4_full_dsp_1_U1/bbgemm_dadd_64ns_64ns_64_4_full_dsp_1_ip_u/inst/i_synth/ADDSUB_OP.ADDSUB/LOGIC_SPEED.OP/ALIGN_BLK/FRAC_ADDSUB/DSP_ADD.FRAC_ADDSUB/i_no_versal_es1_workaround.DSP48E1_ADD.DSP48E1_ADD/i_no_versal_es1_workaround.DSP/DSP_ALU_INST/ALU_OUT[47]
                         net (fo=1, routed)           0.000     1.247    bd_0_i/hls_inst/inst/dadd_64ns_64ns_64_4_full_dsp_1_U1/bbgemm_dadd_64ns_64ns_64_4_full_dsp_1_ip_u/inst/i_synth/ADDSUB_OP.ADDSUB/LOGIC_SPEED.OP/ALIGN_BLK/FRAC_ADDSUB/DSP_ADD.FRAC_ADDSUB/i_no_versal_es1_workaround.DSP48E1_ADD.DSP48E1_ADD/i_no_versal_es1_workaround.DSP/DSP_ALU.ALU_OUT<47>
    DSP48E2_X9Y4         DSP_OUTPUT (Prop_DSP_OUTPUT_DSP48E2_ALU_OUT[47]_P[47])
                                                      0.109     1.356 r  bd_0_i/hls_inst/inst/dadd_64ns_64ns_64_4_full_dsp_1_U1/bbgemm_dadd_64ns_64ns_64_4_full_dsp_1_ip_u/inst/i_synth/ADDSUB_OP.ADDSUB/LOGIC_SPEED.OP/ALIGN_BLK/FRAC_ADDSUB/DSP_ADD.FRAC_ADDSUB/i_no_versal_es1_workaround.DSP48E1_ADD.DSP48E1_ADD/i_no_versal_es1_workaround.DSP/DSP_OUTPUT_INST/P[47]
                         net (fo=16, routed)          0.337     1.693    bd_0_i/hls_inst/inst/dadd_64ns_64ns_64_4_full_dsp_1_U1/bbgemm_dadd_64ns_64ns_64_4_full_dsp_1_ip_u/inst/i_synth/ADDSUB_OP.ADDSUB/LOGIC_SPEED.OP/ALIGN_BLK/FRAC_ADDSUB/DSP_ADD.FRAC_ADDSUB/i_no_versal_es1_workaround.LOGIC_ADD.ADD_0/P[0]
    SLICE_X69Y25         LUT5 (Prop_G6LUT_SLICEL_I3_O)
                                                      0.035     1.728 f  bd_0_i/hls_inst/inst/dadd_64ns_64ns_64_4_full_dsp_1_U1/bbgemm_dadd_64ns_64ns_64_4_full_dsp_1_ip_u/inst/i_synth/ADDSUB_OP.ADDSUB/LOGIC_SPEED.OP/ALIGN_BLK/FRAC_ADDSUB/DSP_ADD.FRAC_ADDSUB/i_no_versal_es1_workaround.LOGIC_ADD.ADD_0/CHAIN_GEN[0].C_MUX.CARRY_MUX_i_2__1/O
                         net (fo=2, routed)           0.187     1.915    bd_0_i/hls_inst/inst/dadd_64ns_64ns_64_4_full_dsp_1_U1/bbgemm_dadd_64ns_64ns_64_4_full_dsp_1_ip_u/inst/i_synth/ADDSUB_OP.ADDSUB/LOGIC_SPEED.OP/ALIGN_BLK/FRAC_ADDSUB/DSP_ADD.FRAC_ADDSUB/i_no_versal_es1_workaround.LOGIC_ADD.ADD_0/CHAIN_GEN[6].Q_XOR.SUM_XOR_0
    SLICE_X69Y26         LUT6 (Prop_A6LUT_SLICEL_I5_O)
                                                      0.090     2.005 r  bd_0_i/hls_inst/inst/dadd_64ns_64ns_64_4_full_dsp_1_U1/bbgemm_dadd_64ns_64ns_64_4_full_dsp_1_ip_u/inst/i_synth/ADDSUB_OP.ADDSUB/LOGIC_SPEED.OP/ALIGN_BLK/FRAC_ADDSUB/DSP_ADD.FRAC_ADDSUB/i_no_versal_es1_workaround.LOGIC_ADD.ADD_0/CHAIN_GEN[0].C_MUX.CARRY_MUX_i_1__3/O
                         net (fo=1, routed)           0.009     2.014    bd_0_i/hls_inst/inst/dadd_64ns_64ns_64_4_full_dsp_1_U1/bbgemm_dadd_64ns_64ns_64_4_full_dsp_1_ip_u/inst/i_synth/ADDSUB_OP.ADDSUB/LOGIC_SPEED.OP/NORM/LZE/ZERO_DET_CC_1/chunk_is_zero[0]
    SLICE_X69Y26         CARRY8 (Prop_CARRY8_SLICEL_S[0]_CO[7])
                                                      0.204     2.218 r  bd_0_i/hls_inst/inst/dadd_64ns_64ns_64_4_full_dsp_1_U1/bbgemm_dadd_64ns_64ns_64_4_full_dsp_1_ip_u/inst/i_synth/ADDSUB_OP.ADDSUB/LOGIC_SPEED.OP/NORM/LZE/ZERO_DET_CC_1/CHAIN_GEN[0].C_MUX.CARRY_MUX_CARRY4_CARRY8/CO[7]
                         net (fo=67, routed)          0.298     2.516    bd_0_i/hls_inst/inst/dadd_64ns_64ns_64_4_full_dsp_1_U1/bbgemm_dadd_64ns_64ns_64_4_full_dsp_1_ip_u/inst/i_synth/ADDSUB_OP.ADDSUB/LOGIC_SPEED.OP/NORM/LZE/ZERO_DET_CC_1/CHAIN_GEN[7].C_MUX.CARRY_MUX_0[1]
    SLICE_X68Y27         LUT2 (Prop_C5LUT_SLICEL_I0_O)
                                                      0.098     2.614 r  bd_0_i/hls_inst/inst/dadd_64ns_64ns_64_4_full_dsp_1_U1/bbgemm_dadd_64ns_64ns_64_4_full_dsp_1_ip_u/inst/i_synth/ADDSUB_OP.ADDSUB/LOGIC_SPEED.OP/NORM/LZE/ZERO_DET_CC_1/opt_has_pipe.first_q[7]_i_3/O
                         net (fo=7, routed)           0.193     2.807    bd_0_i/hls_inst/inst/dadd_64ns_64ns_64_4_full_dsp_1_U1/bbgemm_dadd_64ns_64ns_64_4_full_dsp_1_ip_u/inst/i_synth/ADDSUB_OP.ADDSUB/LOGIC_SPEED.OP/ALIGN_BLK/FRAC_ADDSUB/DSP_ADD.FRAC_ADDSUB/i_no_versal_es1_workaround.DSP48E1_ADD.DSP48E1_ADD/opt_has_pipe.first_q_reg[7]
    SLICE_X68Y28         LUT6 (Prop_H6LUT_SLICEL_I4_O)
                                                      0.124     2.931 r  bd_0_i/hls_inst/inst/dadd_64ns_64ns_64_4_full_dsp_1_U1/bbgemm_dadd_64ns_64ns_64_4_full_dsp_1_ip_u/inst/i_synth/ADDSUB_OP.ADDSUB/LOGIC_SPEED.OP/ALIGN_BLK/FRAC_ADDSUB/DSP_ADD.FRAC_ADDSUB/i_no_versal_es1_workaround.DSP48E1_ADD.DSP48E1_ADD/opt_has_pipe.first_q[2]_i_2/O
                         net (fo=1, routed)           0.087     3.018    bd_0_i/hls_inst/inst/dadd_64ns_64ns_64_4_full_dsp_1_U1/bbgemm_dadd_64ns_64ns_64_4_full_dsp_1_ip_u/inst/i_synth/ADDSUB_OP.ADDSUB/LOGIC_SPEED.OP/ALIGN_BLK/FRAC_ADDSUB/DSP_ADD.FRAC_ADDSUB/i_no_versal_es1_workaround.LOGIC_ADD.ADD_1/opt_has_pipe.first_q_reg[2]
    SLICE_X68Y29         LUT6 (Prop_B6LUT_SLICEL_I0_O)
                                                      0.036     3.054 r  bd_0_i/hls_inst/inst/dadd_64ns_64ns_64_4_full_dsp_1_U1/bbgemm_dadd_64ns_64ns_64_4_full_dsp_1_ip_u/inst/i_synth/ADDSUB_OP.ADDSUB/LOGIC_SPEED.OP/ALIGN_BLK/FRAC_ADDSUB/DSP_ADD.FRAC_ADDSUB/i_no_versal_es1_workaround.LOGIC_ADD.ADD_1/opt_has_pipe.first_q[2]_i_1/O
                         net (fo=1, routed)           0.049     3.103    bd_0_i/hls_inst/inst/dadd_64ns_64ns_64_4_full_dsp_1_U1/bbgemm_dadd_64ns_64ns_64_4_full_dsp_1_ip_u/inst/i_synth/ADDSUB_OP.ADDSUB/LOGIC_SPEED.OP/NORM/LZE/ENCODE[0].MUX_0/OP_DEL/i_pipe/opt_has_pipe.first_q_reg[2]_3
    SLICE_X68Y29         FDRE                                         r  bd_0_i/hls_inst/inst/dadd_64ns_64ns_64_4_full_dsp_1_U1/bbgemm_dadd_64ns_64ns_64_4_full_dsp_1_ip_u/inst/i_synth/ADDSUB_OP.ADDSUB/LOGIC_SPEED.OP/NORM/LZE/ENCODE[0].MUX_0/OP_DEL/i_pipe/opt_has_pipe.first_q_reg[2]/D
  -------------------------------------------------------------------    -------------------

                         (clock ap_clk rise edge)     0.000     0.000 r  
                                                      0.000     0.000 r  ap_clk (IN)
                         net (fo=1053, unset)         0.020     0.020    bd_0_i/hls_inst/inst/dadd_64ns_64ns_64_4_full_dsp_1_U1/bbgemm_dadd_64ns_64ns_64_4_full_dsp_1_ip_u/inst/i_synth/ADDSUB_OP.ADDSUB/LOGIC_SPEED.OP/NORM/LZE/ENCODE[0].MUX_0/OP_DEL/i_pipe/aclk
    SLICE_X68Y29         FDRE                                         r  bd_0_i/hls_inst/inst/dadd_64ns_64ns_64_4_full_dsp_1_U1/bbgemm_dadd_64ns_64ns_64_4_full_dsp_1_ip_u/inst/i_synth/ADDSUB_OP.ADDSUB/LOGIC_SPEED.OP/NORM/LZE/ENCODE[0].MUX_0/OP_DEL/i_pipe/opt_has_pipe.first_q_reg[2]/C

Slack:                    inf
  Source:                 bd_0_i/hls_inst/inst/dadd_64ns_64ns_64_4_full_dsp_1_U1/bbgemm_dadd_64ns_64ns_64_4_full_dsp_1_ip_u/inst/i_synth/ADDSUB_OP.ADDSUB/LOGIC_SPEED.OP/ALIGN_BLK/FRAC_ADDSUB/DSP_ADD.FRAC_ADDSUB/i_no_versal_es1_workaround.DSP48E1_GEN.DSP48E1_DEL/i_no_versal_es1_workaround.DSP/DSP_A_B_DATA_INST/B_ALU[1]
                            (internal pin)
  Destination:            bd_0_i/hls_inst/inst/dadd_64ns_64ns_64_4_full_dsp_1_U1/bbgemm_dadd_64ns_64ns_64_4_full_dsp_1_ip_u/inst/i_synth/ADDSUB_OP.ADDSUB/LOGIC_SPEED.OP/NORM/LZE/ENCODE[0].MUX_0/OP_DEL/i_pipe/opt_has_pipe.first_q_reg[0]/D
                            (rising edge-triggered cell FDRE clocked by ap_clk  {rise@0.000ns fall@4.000ns period=8.000ns})
  Path Group:             (none)
  Path Type:              Setup (Max at Slow Process Corner)
  Data Path Delay:        3.092ns  (logic 1.944ns (62.870%)  route 1.148ns (37.130%))
  Logic Levels:           10  (CARRY8=1 DSP_ALU=2 DSP_OUTPUT=2 LUT2=1 LUT5=1 LUT6=3)
  Clock Uncertainty:      0.025ns  ((TSJ^2 + TIJ^2)^1/2 + DJ) / 2 + PE
    Total System Jitter     (TSJ):    0.050ns
    Total Input Jitter      (TIJ):    0.000ns
    Discrete Jitter          (DJ):    0.000ns
    Phase Error              (PE):    0.000ns

    Location             Delay type                Incr(ns)  Path(ns)    Netlist Resource(s)
  -------------------------------------------------------------------    -------------------
    DSP48E2_X9Y3         DSP_A_B_DATA                 0.000     0.000 r  bd_0_i/hls_inst/inst/dadd_64ns_64ns_64_4_full_dsp_1_U1/bbgemm_dadd_64ns_64ns_64_4_full_dsp_1_ip_u/inst/i_synth/ADDSUB_OP.ADDSUB/LOGIC_SPEED.OP/ALIGN_BLK/FRAC_ADDSUB/DSP_ADD.FRAC_ADDSUB/i_no_versal_es1_workaround.DSP48E1_GEN.DSP48E1_DEL/i_no_versal_es1_workaround.DSP/DSP_A_B_DATA_INST/B_ALU[1]
                         net (fo=1, routed)           0.000     0.000    bd_0_i/hls_inst/inst/dadd_64ns_64ns_64_4_full_dsp_1_U1/bbgemm_dadd_64ns_64ns_64_4_full_dsp_1_ip_u/inst/i_synth/ADDSUB_OP.ADDSUB/LOGIC_SPEED.OP/ALIGN_BLK/FRAC_ADDSUB/DSP_ADD.FRAC_ADDSUB/i_no_versal_es1_workaround.DSP48E1_GEN.DSP48E1_DEL/i_no_versal_es1_workaround.DSP/DSP_A_B_DATA.B_ALU<1>
    DSP48E2_X9Y3         DSP_ALU (Prop_DSP_ALU_DSP48E2_B_ALU[1]_ALU_OUT[47])
                                                      0.541     0.541 f  bd_0_i/hls_inst/inst/dadd_64ns_64ns_64_4_full_dsp_1_U1/bbgemm_dadd_64ns_64ns_64_4_full_dsp_1_ip_u/inst/i_synth/ADDSUB_OP.ADDSUB/LOGIC_SPEED.OP/ALIGN_BLK/FRAC_ADDSUB/DSP_ADD.FRAC_ADDSUB/i_no_versal_es1_workaround.DSP48E1_GEN.DSP48E1_DEL/i_no_versal_es1_workaround.DSP/DSP_ALU_INST/ALU_OUT[47]
                         net (fo=1, routed)           0.000     0.541    bd_0_i/hls_inst/inst/dadd_64ns_64ns_64_4_full_dsp_1_U1/bbgemm_dadd_64ns_64ns_64_4_full_dsp_1_ip_u/inst/i_synth/ADDSUB_OP.ADDSUB/LOGIC_SPEED.OP/ALIGN_BLK/FRAC_ADDSUB/DSP_ADD.FRAC_ADDSUB/i_no_versal_es1_workaround.DSP48E1_GEN.DSP48E1_DEL/i_no_versal_es1_workaround.DSP/DSP_ALU.ALU_OUT<47>
    DSP48E2_X9Y3         DSP_OUTPUT (Prop_DSP_OUTPUT_DSP48E2_ALU_OUT[47]_PCOUT[47])
                                                      0.122     0.663 r  bd_0_i/hls_inst/inst/dadd_64ns_64ns_64_4_full_dsp_1_U1/bbgemm_dadd_64ns_64ns_64_4_full_dsp_1_ip_u/inst/i_synth/ADDSUB_OP.ADDSUB/LOGIC_SPEED.OP/ALIGN_BLK/FRAC_ADDSUB/DSP_ADD.FRAC_ADDSUB/i_no_versal_es1_workaround.DSP48E1_GEN.DSP48E1_DEL/i_no_versal_es1_workaround.DSP/DSP_OUTPUT_INST/PCOUT[47]
                         net (fo=1, routed)           0.038     0.701    bd_0_i/hls_inst/inst/dadd_64ns_64ns_64_4_full_dsp_1_U1/bbgemm_dadd_64ns_64ns_64_4_full_dsp_1_ip_u/inst/i_synth/ADDSUB_OP.ADDSUB/LOGIC_SPEED.OP/ALIGN_BLK/FRAC_ADDSUB/DSP_ADD.FRAC_ADDSUB/i_no_versal_es1_workaround.DSP48E1_ADD.DSP48E1_ADD/i_no_versal_es1_workaround.DSP/PCIN[47]
    DSP48E2_X9Y4         DSP_ALU (Prop_DSP_ALU_DSP48E2_PCIN[47]_ALU_OUT[47])
                                                      0.546     1.247 f  bd_0_i/hls_inst/inst/dadd_64ns_64ns_64_4_full_dsp_1_U1/bbgemm_dadd_64ns_64ns_64_4_full_dsp_1_ip_u/inst/i_synth/ADDSUB_OP.ADDSUB/LOGIC_SPEED.OP/ALIGN_BLK/FRAC_ADDSUB/DSP_ADD.FRAC_ADDSUB/i_no_versal_es1_workaround.DSP48E1_ADD.DSP48E1_ADD/i_no_versal_es1_workaround.DSP/DSP_ALU_INST/ALU_OUT[47]
                         net (fo=1, routed)           0.000     1.247    bd_0_i/hls_inst/inst/dadd_64ns_64ns_64_4_full_dsp_1_U1/bbgemm_dadd_64ns_64ns_64_4_full_dsp_1_ip_u/inst/i_synth/ADDSUB_OP.ADDSUB/LOGIC_SPEED.OP/ALIGN_BLK/FRAC_ADDSUB/DSP_ADD.FRAC_ADDSUB/i_no_versal_es1_workaround.DSP48E1_ADD.DSP48E1_ADD/i_no_versal_es1_workaround.DSP/DSP_ALU.ALU_OUT<47>
    DSP48E2_X9Y4         DSP_OUTPUT (Prop_DSP_OUTPUT_DSP48E2_ALU_OUT[47]_P[47])
                                                      0.109     1.356 r  bd_0_i/hls_inst/inst/dadd_64ns_64ns_64_4_full_dsp_1_U1/bbgemm_dadd_64ns_64ns_64_4_full_dsp_1_ip_u/inst/i_synth/ADDSUB_OP.ADDSUB/LOGIC_SPEED.OP/ALIGN_BLK/FRAC_ADDSUB/DSP_ADD.FRAC_ADDSUB/i_no_versal_es1_workaround.DSP48E1_ADD.DSP48E1_ADD/i_no_versal_es1_workaround.DSP/DSP_OUTPUT_INST/P[47]
                         net (fo=16, routed)          0.337     1.693    bd_0_i/hls_inst/inst/dadd_64ns_64ns_64_4_full_dsp_1_U1/bbgemm_dadd_64ns_64ns_64_4_full_dsp_1_ip_u/inst/i_synth/ADDSUB_OP.ADDSUB/LOGIC_SPEED.OP/ALIGN_BLK/FRAC_ADDSUB/DSP_ADD.FRAC_ADDSUB/i_no_versal_es1_workaround.LOGIC_ADD.ADD_0/P[0]
    SLICE_X69Y25         LUT5 (Prop_G6LUT_SLICEL_I3_O)
                                                      0.035     1.728 f  bd_0_i/hls_inst/inst/dadd_64ns_64ns_64_4_full_dsp_1_U1/bbgemm_dadd_64ns_64ns_64_4_full_dsp_1_ip_u/inst/i_synth/ADDSUB_OP.ADDSUB/LOGIC_SPEED.OP/ALIGN_BLK/FRAC_ADDSUB/DSP_ADD.FRAC_ADDSUB/i_no_versal_es1_workaround.LOGIC_ADD.ADD_0/CHAIN_GEN[0].C_MUX.CARRY_MUX_i_2__1/O
                         net (fo=2, routed)           0.187     1.915    bd_0_i/hls_inst/inst/dadd_64ns_64ns_64_4_full_dsp_1_U1/bbgemm_dadd_64ns_64ns_64_4_full_dsp_1_ip_u/inst/i_synth/ADDSUB_OP.ADDSUB/LOGIC_SPEED.OP/ALIGN_BLK/FRAC_ADDSUB/DSP_ADD.FRAC_ADDSUB/i_no_versal_es1_workaround.LOGIC_ADD.ADD_0/CHAIN_GEN[6].Q_XOR.SUM_XOR_0
    SLICE_X69Y26         LUT6 (Prop_A6LUT_SLICEL_I5_O)
                                                      0.090     2.005 r  bd_0_i/hls_inst/inst/dadd_64ns_64ns_64_4_full_dsp_1_U1/bbgemm_dadd_64ns_64ns_64_4_full_dsp_1_ip_u/inst/i_synth/ADDSUB_OP.ADDSUB/LOGIC_SPEED.OP/ALIGN_BLK/FRAC_ADDSUB/DSP_ADD.FRAC_ADDSUB/i_no_versal_es1_workaround.LOGIC_ADD.ADD_0/CHAIN_GEN[0].C_MUX.CARRY_MUX_i_1__3/O
                         net (fo=1, routed)           0.009     2.014    bd_0_i/hls_inst/inst/dadd_64ns_64ns_64_4_full_dsp_1_U1/bbgemm_dadd_64ns_64ns_64_4_full_dsp_1_ip_u/inst/i_synth/ADDSUB_OP.ADDSUB/LOGIC_SPEED.OP/NORM/LZE/ZERO_DET_CC_1/chunk_is_zero[0]
    SLICE_X69Y26         CARRY8 (Prop_CARRY8_SLICEL_S[0]_CO[7])
                                                      0.204     2.218 r  bd_0_i/hls_inst/inst/dadd_64ns_64ns_64_4_full_dsp_1_U1/bbgemm_dadd_64ns_64ns_64_4_full_dsp_1_ip_u/inst/i_synth/ADDSUB_OP.ADDSUB/LOGIC_SPEED.OP/NORM/LZE/ZERO_DET_CC_1/CHAIN_GEN[0].C_MUX.CARRY_MUX_CARRY4_CARRY8/CO[7]
                         net (fo=67, routed)          0.298     2.516    bd_0_i/hls_inst/inst/dadd_64ns_64ns_64_4_full_dsp_1_U1/bbgemm_dadd_64ns_64ns_64_4_full_dsp_1_ip_u/inst/i_synth/ADDSUB_OP.ADDSUB/LOGIC_SPEED.OP/NORM/LZE/ZERO_DET_CC_1/CHAIN_GEN[7].C_MUX.CARRY_MUX_0[1]
    SLICE_X68Y27         LUT2 (Prop_C5LUT_SLICEL_I0_O)
                                                      0.098     2.614 r  bd_0_i/hls_inst/inst/dadd_64ns_64ns_64_4_full_dsp_1_U1/bbgemm_dadd_64ns_64ns_64_4_full_dsp_1_ip_u/inst/i_synth/ADDSUB_OP.ADDSUB/LOGIC_SPEED.OP/NORM/LZE/ZERO_DET_CC_1/opt_has_pipe.first_q[7]_i_3/O
                         net (fo=7, routed)           0.141     2.755    bd_0_i/hls_inst/inst/dadd_64ns_64ns_64_4_full_dsp_1_U1/bbgemm_dadd_64ns_64ns_64_4_full_dsp_1_ip_u/inst/i_synth/ADDSUB_OP.ADDSUB/LOGIC_SPEED.OP/ALIGN_BLK/FRAC_ADDSUB/DSP_ADD.FRAC_ADDSUB/i_no_versal_es1_workaround.DSP48E1_ADD.DSP48E1_ADD/opt_has_pipe.first_q_reg[7]
    SLICE_X68Y27         LUT6 (Prop_G6LUT_SLICEL_I4_O)
                                                      0.149     2.904 r  bd_0_i/hls_inst/inst/dadd_64ns_64ns_64_4_full_dsp_1_U1/bbgemm_dadd_64ns_64ns_64_4_full_dsp_1_ip_u/inst/i_synth/ADDSUB_OP.ADDSUB/LOGIC_SPEED.OP/ALIGN_BLK/FRAC_ADDSUB/DSP_ADD.FRAC_ADDSUB/i_no_versal_es1_workaround.DSP48E1_ADD.DSP48E1_ADD/opt_has_pipe.first_q[0]_i_2__1/O
                         net (fo=1, routed)           0.089     2.993    bd_0_i/hls_inst/inst/dadd_64ns_64ns_64_4_full_dsp_1_U1/bbgemm_dadd_64ns_64ns_64_4_full_dsp_1_ip_u/inst/i_synth/ADDSUB_OP.ADDSUB/LOGIC_SPEED.OP/ALIGN_BLK/FRAC_ADDSUB/DSP_ADD.FRAC_ADDSUB/i_no_versal_es1_workaround.LOGIC_ADD.ADD_1/opt_has_pipe.first_q_reg[0]
    SLICE_X68Y27         LUT6 (Prop_D6LUT_SLICEL_I0_O)
                                                      0.050     3.043 r  bd_0_i/hls_inst/inst/dadd_64ns_64ns_64_4_full_dsp_1_U1/bbgemm_dadd_64ns_64ns_64_4_full_dsp_1_ip_u/inst/i_synth/ADDSUB_OP.ADDSUB/LOGIC_SPEED.OP/ALIGN_BLK/FRAC_ADDSUB/DSP_ADD.FRAC_ADDSUB/i_no_versal_es1_workaround.LOGIC_ADD.ADD_1/opt_has_pipe.first_q[0]_i_1__2/O
                         net (fo=1, routed)           0.049     3.092    bd_0_i/hls_inst/inst/dadd_64ns_64ns_64_4_full_dsp_1_U1/bbgemm_dadd_64ns_64ns_64_4_full_dsp_1_ip_u/inst/i_synth/ADDSUB_OP.ADDSUB/LOGIC_SPEED.OP/NORM/LZE/ENCODE[0].MUX_0/OP_DEL/i_pipe/opt_has_pipe.first_q_reg[0]_0
    SLICE_X68Y27         FDRE                                         r  bd_0_i/hls_inst/inst/dadd_64ns_64ns_64_4_full_dsp_1_U1/bbgemm_dadd_64ns_64ns_64_4_full_dsp_1_ip_u/inst/i_synth/ADDSUB_OP.ADDSUB/LOGIC_SPEED.OP/NORM/LZE/ENCODE[0].MUX_0/OP_DEL/i_pipe/opt_has_pipe.first_q_reg[0]/D
  -------------------------------------------------------------------    -------------------

                         (clock ap_clk rise edge)     0.000     0.000 r  
                                                      0.000     0.000 r  ap_clk (IN)
                         net (fo=1053, unset)         0.020     0.020    bd_0_i/hls_inst/inst/dadd_64ns_64ns_64_4_full_dsp_1_U1/bbgemm_dadd_64ns_64ns_64_4_full_dsp_1_ip_u/inst/i_synth/ADDSUB_OP.ADDSUB/LOGIC_SPEED.OP/NORM/LZE/ENCODE[0].MUX_0/OP_DEL/i_pipe/aclk
    SLICE_X68Y27         FDRE                                         r  bd_0_i/hls_inst/inst/dadd_64ns_64ns_64_4_full_dsp_1_U1/bbgemm_dadd_64ns_64ns_64_4_full_dsp_1_ip_u/inst/i_synth/ADDSUB_OP.ADDSUB/LOGIC_SPEED.OP/NORM/LZE/ENCODE[0].MUX_0/OP_DEL/i_pipe/opt_has_pipe.first_q_reg[0]/C

Slack:                    inf
  Source:                 bd_0_i/hls_inst/inst/dadd_64ns_64ns_64_4_full_dsp_1_U1/bbgemm_dadd_64ns_64ns_64_4_full_dsp_1_ip_u/inst/i_synth/ADDSUB_OP.ADDSUB/LOGIC_SPEED.OP/ALIGN_BLK/FRAC_ADDSUB/DSP_ADD.FRAC_ADDSUB/i_no_versal_es1_workaround.DSP48E1_GEN.DSP48E1_DEL/i_no_versal_es1_workaround.DSP/DSP_A_B_DATA_INST/B_ALU[1]
                            (internal pin)
  Destination:            bd_0_i/hls_inst/inst/dadd_64ns_64ns_64_4_full_dsp_1_U1/bbgemm_dadd_64ns_64ns_64_4_full_dsp_1_ip_u/inst/i_synth/ADDSUB_OP.ADDSUB/LOGIC_SPEED.OP/NORM/LZE/ENCODE[0].MUX_0/OP_DEL/i_pipe/opt_has_pipe.first_q_reg[6]/D
                            (rising edge-triggered cell FDRE clocked by ap_clk  {rise@0.000ns fall@4.000ns period=8.000ns})
  Path Group:             (none)
  Path Type:              Setup (Max at Slow Process Corner)
  Data Path Delay:        3.055ns  (logic 1.975ns (64.640%)  route 1.080ns (35.360%))
  Logic Levels:           10  (CARRY8=1 DSP_ALU=2 DSP_OUTPUT=2 LUT2=1 LUT5=1 LUT6=3)
  Clock Uncertainty:      0.025ns  ((TSJ^2 + TIJ^2)^1/2 + DJ) / 2 + PE
    Total System Jitter     (TSJ):    0.050ns
    Total Input Jitter      (TIJ):    0.000ns
    Discrete Jitter          (DJ):    0.000ns
    Phase Error              (PE):    0.000ns

    Location             Delay type                Incr(ns)  Path(ns)    Netlist Resource(s)
  -------------------------------------------------------------------    -------------------
    DSP48E2_X9Y3         DSP_A_B_DATA                 0.000     0.000 r  bd_0_i/hls_inst/inst/dadd_64ns_64ns_64_4_full_dsp_1_U1/bbgemm_dadd_64ns_64ns_64_4_full_dsp_1_ip_u/inst/i_synth/ADDSUB_OP.ADDSUB/LOGIC_SPEED.OP/ALIGN_BLK/FRAC_ADDSUB/DSP_ADD.FRAC_ADDSUB/i_no_versal_es1_workaround.DSP48E1_GEN.DSP48E1_DEL/i_no_versal_es1_workaround.DSP/DSP_A_B_DATA_INST/B_ALU[1]
                         net (fo=1, routed)           0.000     0.000    bd_0_i/hls_inst/inst/dadd_64ns_64ns_64_4_full_dsp_1_U1/bbgemm_dadd_64ns_64ns_64_4_full_dsp_1_ip_u/inst/i_synth/ADDSUB_OP.ADDSUB/LOGIC_SPEED.OP/ALIGN_BLK/FRAC_ADDSUB/DSP_ADD.FRAC_ADDSUB/i_no_versal_es1_workaround.DSP48E1_GEN.DSP48E1_DEL/i_no_versal_es1_workaround.DSP/DSP_A_B_DATA.B_ALU<1>
    DSP48E2_X9Y3         DSP_ALU (Prop_DSP_ALU_DSP48E2_B_ALU[1]_ALU_OUT[47])
                                                      0.541     0.541 f  bd_0_i/hls_inst/inst/dadd_64ns_64ns_64_4_full_dsp_1_U1/bbgemm_dadd_64ns_64ns_64_4_full_dsp_1_ip_u/inst/i_synth/ADDSUB_OP.ADDSUB/LOGIC_SPEED.OP/ALIGN_BLK/FRAC_ADDSUB/DSP_ADD.FRAC_ADDSUB/i_no_versal_es1_workaround.DSP48E1_GEN.DSP48E1_DEL/i_no_versal_es1_workaround.DSP/DSP_ALU_INST/ALU_OUT[47]
                         net (fo=1, routed)           0.000     0.541    bd_0_i/hls_inst/inst/dadd_64ns_64ns_64_4_full_dsp_1_U1/bbgemm_dadd_64ns_64ns_64_4_full_dsp_1_ip_u/inst/i_synth/ADDSUB_OP.ADDSUB/LOGIC_SPEED.OP/ALIGN_BLK/FRAC_ADDSUB/DSP_ADD.FRAC_ADDSUB/i_no_versal_es1_workaround.DSP48E1_GEN.DSP48E1_DEL/i_no_versal_es1_workaround.DSP/DSP_ALU.ALU_OUT<47>
    DSP48E2_X9Y3         DSP_OUTPUT (Prop_DSP_OUTPUT_DSP48E2_ALU_OUT[47]_PCOUT[47])
                                                      0.122     0.663 r  bd_0_i/hls_inst/inst/dadd_64ns_64ns_64_4_full_dsp_1_U1/bbgemm_dadd_64ns_64ns_64_4_full_dsp_1_ip_u/inst/i_synth/ADDSUB_OP.ADDSUB/LOGIC_SPEED.OP/ALIGN_BLK/FRAC_ADDSUB/DSP_ADD.FRAC_ADDSUB/i_no_versal_es1_workaround.DSP48E1_GEN.DSP48E1_DEL/i_no_versal_es1_workaround.DSP/DSP_OUTPUT_INST/PCOUT[47]
                         net (fo=1, routed)           0.038     0.701    bd_0_i/hls_inst/inst/dadd_64ns_64ns_64_4_full_dsp_1_U1/bbgemm_dadd_64ns_64ns_64_4_full_dsp_1_ip_u/inst/i_synth/ADDSUB_OP.ADDSUB/LOGIC_SPEED.OP/ALIGN_BLK/FRAC_ADDSUB/DSP_ADD.FRAC_ADDSUB/i_no_versal_es1_workaround.DSP48E1_ADD.DSP48E1_ADD/i_no_versal_es1_workaround.DSP/PCIN[47]
    DSP48E2_X9Y4         DSP_ALU (Prop_DSP_ALU_DSP48E2_PCIN[47]_ALU_OUT[47])
                                                      0.546     1.247 f  bd_0_i/hls_inst/inst/dadd_64ns_64ns_64_4_full_dsp_1_U1/bbgemm_dadd_64ns_64ns_64_4_full_dsp_1_ip_u/inst/i_synth/ADDSUB_OP.ADDSUB/LOGIC_SPEED.OP/ALIGN_BLK/FRAC_ADDSUB/DSP_ADD.FRAC_ADDSUB/i_no_versal_es1_workaround.DSP48E1_ADD.DSP48E1_ADD/i_no_versal_es1_workaround.DSP/DSP_ALU_INST/ALU_OUT[47]
                         net (fo=1, routed)           0.000     1.247    bd_0_i/hls_inst/inst/dadd_64ns_64ns_64_4_full_dsp_1_U1/bbgemm_dadd_64ns_64ns_64_4_full_dsp_1_ip_u/inst/i_synth/ADDSUB_OP.ADDSUB/LOGIC_SPEED.OP/ALIGN_BLK/FRAC_ADDSUB/DSP_ADD.FRAC_ADDSUB/i_no_versal_es1_workaround.DSP48E1_ADD.DSP48E1_ADD/i_no_versal_es1_workaround.DSP/DSP_ALU.ALU_OUT<47>
    DSP48E2_X9Y4         DSP_OUTPUT (Prop_DSP_OUTPUT_DSP48E2_ALU_OUT[47]_P[47])
                                                      0.109     1.356 r  bd_0_i/hls_inst/inst/dadd_64ns_64ns_64_4_full_dsp_1_U1/bbgemm_dadd_64ns_64ns_64_4_full_dsp_1_ip_u/inst/i_synth/ADDSUB_OP.ADDSUB/LOGIC_SPEED.OP/ALIGN_BLK/FRAC_ADDSUB/DSP_ADD.FRAC_ADDSUB/i_no_versal_es1_workaround.DSP48E1_ADD.DSP48E1_ADD/i_no_versal_es1_workaround.DSP/DSP_OUTPUT_INST/P[47]
                         net (fo=16, routed)          0.337     1.693    bd_0_i/hls_inst/inst/dadd_64ns_64ns_64_4_full_dsp_1_U1/bbgemm_dadd_64ns_64ns_64_4_full_dsp_1_ip_u/inst/i_synth/ADDSUB_OP.ADDSUB/LOGIC_SPEED.OP/ALIGN_BLK/FRAC_ADDSUB/DSP_ADD.FRAC_ADDSUB/i_no_versal_es1_workaround.LOGIC_ADD.ADD_0/P[0]
    SLICE_X69Y25         LUT5 (Prop_G6LUT_SLICEL_I3_O)
                                                      0.035     1.728 f  bd_0_i/hls_inst/inst/dadd_64ns_64ns_64_4_full_dsp_1_U1/bbgemm_dadd_64ns_64ns_64_4_full_dsp_1_ip_u/inst/i_synth/ADDSUB_OP.ADDSUB/LOGIC_SPEED.OP/ALIGN_BLK/FRAC_ADDSUB/DSP_ADD.FRAC_ADDSUB/i_no_versal_es1_workaround.LOGIC_ADD.ADD_0/CHAIN_GEN[0].C_MUX.CARRY_MUX_i_2__1/O
                         net (fo=2, routed)           0.187     1.915    bd_0_i/hls_inst/inst/dadd_64ns_64ns_64_4_full_dsp_1_U1/bbgemm_dadd_64ns_64ns_64_4_full_dsp_1_ip_u/inst/i_synth/ADDSUB_OP.ADDSUB/LOGIC_SPEED.OP/ALIGN_BLK/FRAC_ADDSUB/DSP_ADD.FRAC_ADDSUB/i_no_versal_es1_workaround.LOGIC_ADD.ADD_0/CHAIN_GEN[6].Q_XOR.SUM_XOR_0
    SLICE_X69Y26         LUT6 (Prop_A6LUT_SLICEL_I5_O)
                                                      0.090     2.005 r  bd_0_i/hls_inst/inst/dadd_64ns_64ns_64_4_full_dsp_1_U1/bbgemm_dadd_64ns_64ns_64_4_full_dsp_1_ip_u/inst/i_synth/ADDSUB_OP.ADDSUB/LOGIC_SPEED.OP/ALIGN_BLK/FRAC_ADDSUB/DSP_ADD.FRAC_ADDSUB/i_no_versal_es1_workaround.LOGIC_ADD.ADD_0/CHAIN_GEN[0].C_MUX.CARRY_MUX_i_1__3/O
                         net (fo=1, routed)           0.009     2.014    bd_0_i/hls_inst/inst/dadd_64ns_64ns_64_4_full_dsp_1_U1/bbgemm_dadd_64ns_64ns_64_4_full_dsp_1_ip_u/inst/i_synth/ADDSUB_OP.ADDSUB/LOGIC_SPEED.OP/NORM/LZE/ZERO_DET_CC_1/chunk_is_zero[0]
    SLICE_X69Y26         CARRY8 (Prop_CARRY8_SLICEL_S[0]_CO[7])
                                                      0.204     2.218 f  bd_0_i/hls_inst/inst/dadd_64ns_64ns_64_4_full_dsp_1_U1/bbgemm_dadd_64ns_64ns_64_4_full_dsp_1_ip_u/inst/i_synth/ADDSUB_OP.ADDSUB/LOGIC_SPEED.OP/NORM/LZE/ZERO_DET_CC_1/CHAIN_GEN[0].C_MUX.CARRY_MUX_CARRY4_CARRY8/CO[7]
                         net (fo=67, routed)          0.203     2.421    bd_0_i/hls_inst/inst/dadd_64ns_64ns_64_4_full_dsp_1_U1/bbgemm_dadd_64ns_64ns_64_4_full_dsp_1_ip_u/inst/i_synth/ADDSUB_OP.ADDSUB/LOGIC_SPEED.OP/NORM/LZE/ZERO_DET_CC_1/CHAIN_GEN[7].C_MUX.CARRY_MUX_0[1]
    SLICE_X69Y28         LUT2 (Prop_A6LUT_SLICEL_I1_O)
                                                      0.090     2.511 r  bd_0_i/hls_inst/inst/dadd_64ns_64ns_64_4_full_dsp_1_U1/bbgemm_dadd_64ns_64ns_64_4_full_dsp_1_ip_u/inst/i_synth/ADDSUB_OP.ADDSUB/LOGIC_SPEED.OP/NORM/LZE/ZERO_DET_CC_1/opt_has_pipe.first_q[7]_i_4/O
                         net (fo=4, routed)           0.201     2.712    bd_0_i/hls_inst/inst/dadd_64ns_64ns_64_4_full_dsp_1_U1/bbgemm_dadd_64ns_64ns_64_4_full_dsp_1_ip_u/inst/i_synth/ADDSUB_OP.ADDSUB/LOGIC_SPEED.OP/ALIGN_BLK/FRAC_ADDSUB/DSP_ADD.FRAC_ADDSUB/i_no_versal_es1_workaround.DSP48E1_ADD.DSP48E1_ADD/opt_has_pipe.first_q_reg[7]_0
    SLICE_X70Y29         LUT6 (Prop_H6LUT_SLICEL_I3_O)
                                                      0.090     2.802 r  bd_0_i/hls_inst/inst/dadd_64ns_64ns_64_4_full_dsp_1_U1/bbgemm_dadd_64ns_64ns_64_4_full_dsp_1_ip_u/inst/i_synth/ADDSUB_OP.ADDSUB/LOGIC_SPEED.OP/ALIGN_BLK/FRAC_ADDSUB/DSP_ADD.FRAC_ADDSUB/i_no_versal_es1_workaround.DSP48E1_ADD.DSP48E1_ADD/opt_has_pipe.first_q[6]_i_2/O
                         net (fo=1, routed)           0.056     2.858    bd_0_i/hls_inst/inst/dadd_64ns_64ns_64_4_full_dsp_1_U1/bbgemm_dadd_64ns_64ns_64_4_full_dsp_1_ip_u/inst/i_synth/ADDSUB_OP.ADDSUB/LOGIC_SPEED.OP/ALIGN_BLK/FRAC_ADDSUB/DSP_ADD.FRAC_ADDSUB/i_no_versal_es1_workaround.DSP48E1_ADD.DSP48E1_ADD/opt_has_pipe.first_q[6]_i_2_n_0
    SLICE_X70Y29         LUT6 (Prop_B6LUT_SLICEL_I0_O)
                                                      0.148     3.006 r  bd_0_i/hls_inst/inst/dadd_64ns_64ns_64_4_full_dsp_1_U1/bbgemm_dadd_64ns_64ns_64_4_full_dsp_1_ip_u/inst/i_synth/ADDSUB_OP.ADDSUB/LOGIC_SPEED.OP/ALIGN_BLK/FRAC_ADDSUB/DSP_ADD.FRAC_ADDSUB/i_no_versal_es1_workaround.DSP48E1_ADD.DSP48E1_ADD/opt_has_pipe.first_q[6]_i_1/O
                         net (fo=1, routed)           0.049     3.055    bd_0_i/hls_inst/inst/dadd_64ns_64ns_64_4_full_dsp_1_U1/bbgemm_dadd_64ns_64ns_64_4_full_dsp_1_ip_u/inst/i_synth/ADDSUB_OP.ADDSUB/LOGIC_SPEED.OP/NORM/LZE/ENCODE[0].MUX_0/OP_DEL/i_pipe/opt_has_pipe.first_q_reg[6]_1
    SLICE_X70Y29         FDRE                                         r  bd_0_i/hls_inst/inst/dadd_64ns_64ns_64_4_full_dsp_1_U1/bbgemm_dadd_64ns_64ns_64_4_full_dsp_1_ip_u/inst/i_synth/ADDSUB_OP.ADDSUB/LOGIC_SPEED.OP/NORM/LZE/ENCODE[0].MUX_0/OP_DEL/i_pipe/opt_has_pipe.first_q_reg[6]/D
  -------------------------------------------------------------------    -------------------

                         (clock ap_clk rise edge)     0.000     0.000 r  
                                                      0.000     0.000 r  ap_clk (IN)
                         net (fo=1053, unset)         0.020     0.020    bd_0_i/hls_inst/inst/dadd_64ns_64ns_64_4_full_dsp_1_U1/bbgemm_dadd_64ns_64ns_64_4_full_dsp_1_ip_u/inst/i_synth/ADDSUB_OP.ADDSUB/LOGIC_SPEED.OP/NORM/LZE/ENCODE[0].MUX_0/OP_DEL/i_pipe/aclk
    SLICE_X70Y29         FDRE                                         r  bd_0_i/hls_inst/inst/dadd_64ns_64ns_64_4_full_dsp_1_U1/bbgemm_dadd_64ns_64ns_64_4_full_dsp_1_ip_u/inst/i_synth/ADDSUB_OP.ADDSUB/LOGIC_SPEED.OP/NORM/LZE/ENCODE[0].MUX_0/OP_DEL/i_pipe/opt_has_pipe.first_q_reg[6]/C

Slack:                    inf
  Source:                 bd_0_i/hls_inst/inst/dadd_64ns_64ns_64_4_full_dsp_1_U1/bbgemm_dadd_64ns_64ns_64_4_full_dsp_1_ip_u/inst/i_synth/ADDSUB_OP.ADDSUB/LOGIC_SPEED.OP/ALIGN_BLK/FRAC_ADDSUB/DSP_ADD.FRAC_ADDSUB/i_no_versal_es1_workaround.DSP48E1_GEN.DSP48E1_DEL/i_no_versal_es1_workaround.DSP/DSP_A_B_DATA_INST/B_ALU[1]
                            (internal pin)
  Destination:            bd_0_i/hls_inst/inst/dadd_64ns_64ns_64_4_full_dsp_1_U1/bbgemm_dadd_64ns_64ns_64_4_full_dsp_1_ip_u/inst/i_synth/ADDSUB_OP.ADDSUB/LOGIC_SPEED.OP/NORM/LZE/ENCODE[0].MUX_0/OP_DEL/i_pipe/opt_has_pipe.first_q_reg[4]/D
                            (rising edge-triggered cell FDRE clocked by ap_clk  {rise@0.000ns fall@4.000ns period=8.000ns})
  Path Group:             (none)
  Path Type:              Setup (Max at Slow Process Corner)
  Data Path Delay:        3.042ns  (logic 1.812ns (59.575%)  route 1.230ns (40.425%))
  Logic Levels:           10  (CARRY8=1 DSP_ALU=2 DSP_OUTPUT=2 LUT5=1 LUT6=4)
  Clock Uncertainty:      0.025ns  ((TSJ^2 + TIJ^2)^1/2 + DJ) / 2 + PE
    Total System Jitter     (TSJ):    0.050ns
    Total Input Jitter      (TIJ):    0.000ns
    Discrete Jitter          (DJ):    0.000ns
    Phase Error              (PE):    0.000ns

    Location             Delay type                Incr(ns)  Path(ns)    Netlist Resource(s)
  -------------------------------------------------------------------    -------------------
    DSP48E2_X9Y3         DSP_A_B_DATA                 0.000     0.000 r  bd_0_i/hls_inst/inst/dadd_64ns_64ns_64_4_full_dsp_1_U1/bbgemm_dadd_64ns_64ns_64_4_full_dsp_1_ip_u/inst/i_synth/ADDSUB_OP.ADDSUB/LOGIC_SPEED.OP/ALIGN_BLK/FRAC_ADDSUB/DSP_ADD.FRAC_ADDSUB/i_no_versal_es1_workaround.DSP48E1_GEN.DSP48E1_DEL/i_no_versal_es1_workaround.DSP/DSP_A_B_DATA_INST/B_ALU[1]
                         net (fo=1, routed)           0.000     0.000    bd_0_i/hls_inst/inst/dadd_64ns_64ns_64_4_full_dsp_1_U1/bbgemm_dadd_64ns_64ns_64_4_full_dsp_1_ip_u/inst/i_synth/ADDSUB_OP.ADDSUB/LOGIC_SPEED.OP/ALIGN_BLK/FRAC_ADDSUB/DSP_ADD.FRAC_ADDSUB/i_no_versal_es1_workaround.DSP48E1_GEN.DSP48E1_DEL/i_no_versal_es1_workaround.DSP/DSP_A_B_DATA.B_ALU<1>
    DSP48E2_X9Y3         DSP_ALU (Prop_DSP_ALU_DSP48E2_B_ALU[1]_ALU_OUT[47])
                                                      0.541     0.541 f  bd_0_i/hls_inst/inst/dadd_64ns_64ns_64_4_full_dsp_1_U1/bbgemm_dadd_64ns_64ns_64_4_full_dsp_1_ip_u/inst/i_synth/ADDSUB_OP.ADDSUB/LOGIC_SPEED.OP/ALIGN_BLK/FRAC_ADDSUB/DSP_ADD.FRAC_ADDSUB/i_no_versal_es1_workaround.DSP48E1_GEN.DSP48E1_DEL/i_no_versal_es1_workaround.DSP/DSP_ALU_INST/ALU_OUT[47]
                         net (fo=1, routed)           0.000     0.541    bd_0_i/hls_inst/inst/dadd_64ns_64ns_64_4_full_dsp_1_U1/bbgemm_dadd_64ns_64ns_64_4_full_dsp_1_ip_u/inst/i_synth/ADDSUB_OP.ADDSUB/LOGIC_SPEED.OP/ALIGN_BLK/FRAC_ADDSUB/DSP_ADD.FRAC_ADDSUB/i_no_versal_es1_workaround.DSP48E1_GEN.DSP48E1_DEL/i_no_versal_es1_workaround.DSP/DSP_ALU.ALU_OUT<47>
    DSP48E2_X9Y3         DSP_OUTPUT (Prop_DSP_OUTPUT_DSP48E2_ALU_OUT[47]_PCOUT[47])
                                                      0.122     0.663 r  bd_0_i/hls_inst/inst/dadd_64ns_64ns_64_4_full_dsp_1_U1/bbgemm_dadd_64ns_64ns_64_4_full_dsp_1_ip_u/inst/i_synth/ADDSUB_OP.ADDSUB/LOGIC_SPEED.OP/ALIGN_BLK/FRAC_ADDSUB/DSP_ADD.FRAC_ADDSUB/i_no_versal_es1_workaround.DSP48E1_GEN.DSP48E1_DEL/i_no_versal_es1_workaround.DSP/DSP_OUTPUT_INST/PCOUT[47]
                         net (fo=1, routed)           0.038     0.701    bd_0_i/hls_inst/inst/dadd_64ns_64ns_64_4_full_dsp_1_U1/bbgemm_dadd_64ns_64ns_64_4_full_dsp_1_ip_u/inst/i_synth/ADDSUB_OP.ADDSUB/LOGIC_SPEED.OP/ALIGN_BLK/FRAC_ADDSUB/DSP_ADD.FRAC_ADDSUB/i_no_versal_es1_workaround.DSP48E1_ADD.DSP48E1_ADD/i_no_versal_es1_workaround.DSP/PCIN[47]
    DSP48E2_X9Y4         DSP_ALU (Prop_DSP_ALU_DSP48E2_PCIN[47]_ALU_OUT[47])
                                                      0.546     1.247 f  bd_0_i/hls_inst/inst/dadd_64ns_64ns_64_4_full_dsp_1_U1/bbgemm_dadd_64ns_64ns_64_4_full_dsp_1_ip_u/inst/i_synth/ADDSUB_OP.ADDSUB/LOGIC_SPEED.OP/ALIGN_BLK/FRAC_ADDSUB/DSP_ADD.FRAC_ADDSUB/i_no_versal_es1_workaround.DSP48E1_ADD.DSP48E1_ADD/i_no_versal_es1_workaround.DSP/DSP_ALU_INST/ALU_OUT[47]
                         net (fo=1, routed)           0.000     1.247    bd_0_i/hls_inst/inst/dadd_64ns_64ns_64_4_full_dsp_1_U1/bbgemm_dadd_64ns_64ns_64_4_full_dsp_1_ip_u/inst/i_synth/ADDSUB_OP.ADDSUB/LOGIC_SPEED.OP/ALIGN_BLK/FRAC_ADDSUB/DSP_ADD.FRAC_ADDSUB/i_no_versal_es1_workaround.DSP48E1_ADD.DSP48E1_ADD/i_no_versal_es1_workaround.DSP/DSP_ALU.ALU_OUT<47>
    DSP48E2_X9Y4         DSP_OUTPUT (Prop_DSP_OUTPUT_DSP48E2_ALU_OUT[47]_P[47])
                                                      0.109     1.356 r  bd_0_i/hls_inst/inst/dadd_64ns_64ns_64_4_full_dsp_1_U1/bbgemm_dadd_64ns_64ns_64_4_full_dsp_1_ip_u/inst/i_synth/ADDSUB_OP.ADDSUB/LOGIC_SPEED.OP/ALIGN_BLK/FRAC_ADDSUB/DSP_ADD.FRAC_ADDSUB/i_no_versal_es1_workaround.DSP48E1_ADD.DSP48E1_ADD/i_no_versal_es1_workaround.DSP/DSP_OUTPUT_INST/P[47]
                         net (fo=16, routed)          0.337     1.693    bd_0_i/hls_inst/inst/dadd_64ns_64ns_64_4_full_dsp_1_U1/bbgemm_dadd_64ns_64ns_64_4_full_dsp_1_ip_u/inst/i_synth/ADDSUB_OP.ADDSUB/LOGIC_SPEED.OP/ALIGN_BLK/FRAC_ADDSUB/DSP_ADD.FRAC_ADDSUB/i_no_versal_es1_workaround.LOGIC_ADD.ADD_0/P[0]
    SLICE_X69Y25         LUT5 (Prop_G6LUT_SLICEL_I3_O)
                                                      0.035     1.728 f  bd_0_i/hls_inst/inst/dadd_64ns_64ns_64_4_full_dsp_1_U1/bbgemm_dadd_64ns_64ns_64_4_full_dsp_1_ip_u/inst/i_synth/ADDSUB_OP.ADDSUB/LOGIC_SPEED.OP/ALIGN_BLK/FRAC_ADDSUB/DSP_ADD.FRAC_ADDSUB/i_no_versal_es1_workaround.LOGIC_ADD.ADD_0/CHAIN_GEN[0].C_MUX.CARRY_MUX_i_2__1/O
                         net (fo=2, routed)           0.187     1.915    bd_0_i/hls_inst/inst/dadd_64ns_64ns_64_4_full_dsp_1_U1/bbgemm_dadd_64ns_64ns_64_4_full_dsp_1_ip_u/inst/i_synth/ADDSUB_OP.ADDSUB/LOGIC_SPEED.OP/ALIGN_BLK/FRAC_ADDSUB/DSP_ADD.FRAC_ADDSUB/i_no_versal_es1_workaround.LOGIC_ADD.ADD_0/CHAIN_GEN[6].Q_XOR.SUM_XOR_0
    SLICE_X69Y26         LUT6 (Prop_A6LUT_SLICEL_I5_O)
                                                      0.090     2.005 r  bd_0_i/hls_inst/inst/dadd_64ns_64ns_64_4_full_dsp_1_U1/bbgemm_dadd_64ns_64ns_64_4_full_dsp_1_ip_u/inst/i_synth/ADDSUB_OP.ADDSUB/LOGIC_SPEED.OP/ALIGN_BLK/FRAC_ADDSUB/DSP_ADD.FRAC_ADDSUB/i_no_versal_es1_workaround.LOGIC_ADD.ADD_0/CHAIN_GEN[0].C_MUX.CARRY_MUX_i_1__3/O
                         net (fo=1, routed)           0.009     2.014    bd_0_i/hls_inst/inst/dadd_64ns_64ns_64_4_full_dsp_1_U1/bbgemm_dadd_64ns_64ns_64_4_full_dsp_1_ip_u/inst/i_synth/ADDSUB_OP.ADDSUB/LOGIC_SPEED.OP/NORM/LZE/ZERO_DET_CC_1/chunk_is_zero[0]
    SLICE_X69Y26         CARRY8 (Prop_CARRY8_SLICEL_S[0]_CO[3])
                                                      0.184     2.198 f  bd_0_i/hls_inst/inst/dadd_64ns_64ns_64_4_full_dsp_1_U1/bbgemm_dadd_64ns_64ns_64_4_full_dsp_1_ip_u/inst/i_synth/ADDSUB_OP.ADDSUB/LOGIC_SPEED.OP/NORM/LZE/ZERO_DET_CC_1/CHAIN_GEN[0].C_MUX.CARRY_MUX_CARRY4_CARRY8/CO[3]
                         net (fo=49, routed)          0.409     2.608    bd_0_i/hls_inst/inst/dadd_64ns_64ns_64_4_full_dsp_1_U1/bbgemm_dadd_64ns_64ns_64_4_full_dsp_1_ip_u/inst/i_synth/ADDSUB_OP.ADDSUB/LOGIC_SPEED.OP/ALIGN_BLK/FRAC_ADDSUB/DSP_ADD.FRAC_ADDSUB/i_no_versal_es1_workaround.DSP48E1_ADD.DSP48E1_ADD/CARRYS_OUT[0]
    SLICE_X69Y29         LUT6 (Prop_G6LUT_SLICEL_I1_O)
                                                      0.035     2.643 r  bd_0_i/hls_inst/inst/dadd_64ns_64ns_64_4_full_dsp_1_U1/bbgemm_dadd_64ns_64ns_64_4_full_dsp_1_ip_u/inst/i_synth/ADDSUB_OP.ADDSUB/LOGIC_SPEED.OP/ALIGN_BLK/FRAC_ADDSUB/DSP_ADD.FRAC_ADDSUB/i_no_versal_es1_workaround.DSP48E1_ADD.DSP48E1_ADD/opt_has_pipe.first_q[4]_i_3/O
                         net (fo=1, routed)           0.043     2.686    bd_0_i/hls_inst/inst/dadd_64ns_64ns_64_4_full_dsp_1_U1/bbgemm_dadd_64ns_64ns_64_4_full_dsp_1_ip_u/inst/i_synth/ADDSUB_OP.ADDSUB/LOGIC_SPEED.OP/ALIGN_BLK/FRAC_ADDSUB/DSP_ADD.FRAC_ADDSUB/i_no_versal_es1_workaround.DSP48E1_ADD.DSP48E1_ADD/opt_has_pipe.first_q[4]_i_3_n_0
    SLICE_X69Y29         LUT6 (Prop_H6LUT_SLICEL_I5_O)
                                                      0.099     2.785 r  bd_0_i/hls_inst/inst/dadd_64ns_64ns_64_4_full_dsp_1_U1/bbgemm_dadd_64ns_64ns_64_4_full_dsp_1_ip_u/inst/i_synth/ADDSUB_OP.ADDSUB/LOGIC_SPEED.OP/ALIGN_BLK/FRAC_ADDSUB/DSP_ADD.FRAC_ADDSUB/i_no_versal_es1_workaround.DSP48E1_ADD.DSP48E1_ADD/opt_has_pipe.first_q[4]_i_2/O
                         net (fo=1, routed)           0.157     2.942    bd_0_i/hls_inst/inst/dadd_64ns_64ns_64_4_full_dsp_1_U1/bbgemm_dadd_64ns_64ns_64_4_full_dsp_1_ip_u/inst/i_synth/ADDSUB_OP.ADDSUB/LOGIC_SPEED.OP/ALIGN_BLK/FRAC_ADDSUB/DSP_ADD.FRAC_ADDSUB/i_no_versal_es1_workaround.DSP48E1_ADD.DSP48E1_ADD/opt_has_pipe.first_q[4]_i_2_n_0
    SLICE_X69Y30         LUT6 (Prop_B6LUT_SLICEL_I0_O)
                                                      0.051     2.993 r  bd_0_i/hls_inst/inst/dadd_64ns_64ns_64_4_full_dsp_1_U1/bbgemm_dadd_64ns_64ns_64_4_full_dsp_1_ip_u/inst/i_synth/ADDSUB_OP.ADDSUB/LOGIC_SPEED.OP/ALIGN_BLK/FRAC_ADDSUB/DSP_ADD.FRAC_ADDSUB/i_no_versal_es1_workaround.DSP48E1_ADD.DSP48E1_ADD/opt_has_pipe.first_q[4]_i_1/O
                         net (fo=1, routed)           0.049     3.042    bd_0_i/hls_inst/inst/dadd_64ns_64ns_64_4_full_dsp_1_U1/bbgemm_dadd_64ns_64ns_64_4_full_dsp_1_ip_u/inst/i_synth/ADDSUB_OP.ADDSUB/LOGIC_SPEED.OP/NORM/LZE/ENCODE[0].MUX_0/OP_DEL/i_pipe/opt_has_pipe.first_q_reg[4]_0
    SLICE_X69Y30         FDRE                                         r  bd_0_i/hls_inst/inst/dadd_64ns_64ns_64_4_full_dsp_1_U1/bbgemm_dadd_64ns_64ns_64_4_full_dsp_1_ip_u/inst/i_synth/ADDSUB_OP.ADDSUB/LOGIC_SPEED.OP/NORM/LZE/ENCODE[0].MUX_0/OP_DEL/i_pipe/opt_has_pipe.first_q_reg[4]/D
  -------------------------------------------------------------------    -------------------

                         (clock ap_clk rise edge)     0.000     0.000 r  
                                                      0.000     0.000 r  ap_clk (IN)
                         net (fo=1053, unset)         0.020     0.020    bd_0_i/hls_inst/inst/dadd_64ns_64ns_64_4_full_dsp_1_U1/bbgemm_dadd_64ns_64ns_64_4_full_dsp_1_ip_u/inst/i_synth/ADDSUB_OP.ADDSUB/LOGIC_SPEED.OP/NORM/LZE/ENCODE[0].MUX_0/OP_DEL/i_pipe/aclk
    SLICE_X69Y30         FDRE                                         r  bd_0_i/hls_inst/inst/dadd_64ns_64ns_64_4_full_dsp_1_U1/bbgemm_dadd_64ns_64ns_64_4_full_dsp_1_ip_u/inst/i_synth/ADDSUB_OP.ADDSUB/LOGIC_SPEED.OP/NORM/LZE/ENCODE[0].MUX_0/OP_DEL/i_pipe/opt_has_pipe.first_q_reg[4]/C

Slack:                    inf
  Source:                 bd_0_i/hls_inst/inst/dadd_64ns_64ns_64_4_full_dsp_1_U1/bbgemm_dadd_64ns_64ns_64_4_full_dsp_1_ip_u/inst/i_synth/ADDSUB_OP.ADDSUB/LOGIC_SPEED.OP/ALIGN_BLK/FRAC_ADDSUB/DSP_ADD.FRAC_ADDSUB/i_no_versal_es1_workaround.DSP48E1_GEN.DSP48E1_DEL/i_no_versal_es1_workaround.DSP/DSP_A_B_DATA_INST/B_ALU[1]
                            (internal pin)
  Destination:            bd_0_i/hls_inst/inst/dadd_64ns_64ns_64_4_full_dsp_1_U1/bbgemm_dadd_64ns_64ns_64_4_full_dsp_1_ip_u/inst/i_synth/ADDSUB_OP.ADDSUB/LOGIC_SPEED.OP/NORM/LZE/ENCODE[0].MUX_0/OP_DEL/i_pipe/opt_has_pipe.first_q_reg[7]/D
                            (rising edge-triggered cell FDRE clocked by ap_clk  {rise@0.000ns fall@4.000ns period=8.000ns})
  Path Group:             (none)
  Path Type:              Setup (Max at Slow Process Corner)
  Data Path Delay:        2.955ns  (logic 1.936ns (65.510%)  route 1.019ns (34.490%))
  Logic Levels:           10  (CARRY8=1 DSP_ALU=2 DSP_OUTPUT=2 LUT2=1 LUT5=1 LUT6=3)
  Clock Uncertainty:      0.025ns  ((TSJ^2 + TIJ^2)^1/2 + DJ) / 2 + PE
    Total System Jitter     (TSJ):    0.050ns
    Total Input Jitter      (TIJ):    0.000ns
    Discrete Jitter          (DJ):    0.000ns
    Phase Error              (PE):    0.000ns

    Location             Delay type                Incr(ns)  Path(ns)    Netlist Resource(s)
  -------------------------------------------------------------------    -------------------
    DSP48E2_X9Y3         DSP_A_B_DATA                 0.000     0.000 r  bd_0_i/hls_inst/inst/dadd_64ns_64ns_64_4_full_dsp_1_U1/bbgemm_dadd_64ns_64ns_64_4_full_dsp_1_ip_u/inst/i_synth/ADDSUB_OP.ADDSUB/LOGIC_SPEED.OP/ALIGN_BLK/FRAC_ADDSUB/DSP_ADD.FRAC_ADDSUB/i_no_versal_es1_workaround.DSP48E1_GEN.DSP48E1_DEL/i_no_versal_es1_workaround.DSP/DSP_A_B_DATA_INST/B_ALU[1]
                         net (fo=1, routed)           0.000     0.000    bd_0_i/hls_inst/inst/dadd_64ns_64ns_64_4_full_dsp_1_U1/bbgemm_dadd_64ns_64ns_64_4_full_dsp_1_ip_u/inst/i_synth/ADDSUB_OP.ADDSUB/LOGIC_SPEED.OP/ALIGN_BLK/FRAC_ADDSUB/DSP_ADD.FRAC_ADDSUB/i_no_versal_es1_workaround.DSP48E1_GEN.DSP48E1_DEL/i_no_versal_es1_workaround.DSP/DSP_A_B_DATA.B_ALU<1>
    DSP48E2_X9Y3         DSP_ALU (Prop_DSP_ALU_DSP48E2_B_ALU[1]_ALU_OUT[47])
                                                      0.541     0.541 f  bd_0_i/hls_inst/inst/dadd_64ns_64ns_64_4_full_dsp_1_U1/bbgemm_dadd_64ns_64ns_64_4_full_dsp_1_ip_u/inst/i_synth/ADDSUB_OP.ADDSUB/LOGIC_SPEED.OP/ALIGN_BLK/FRAC_ADDSUB/DSP_ADD.FRAC_ADDSUB/i_no_versal_es1_workaround.DSP48E1_GEN.DSP48E1_DEL/i_no_versal_es1_workaround.DSP/DSP_ALU_INST/ALU_OUT[47]
                         net (fo=1, routed)           0.000     0.541    bd_0_i/hls_inst/inst/dadd_64ns_64ns_64_4_full_dsp_1_U1/bbgemm_dadd_64ns_64ns_64_4_full_dsp_1_ip_u/inst/i_synth/ADDSUB_OP.ADDSUB/LOGIC_SPEED.OP/ALIGN_BLK/FRAC_ADDSUB/DSP_ADD.FRAC_ADDSUB/i_no_versal_es1_workaround.DSP48E1_GEN.DSP48E1_DEL/i_no_versal_es1_workaround.DSP/DSP_ALU.ALU_OUT<47>
    DSP48E2_X9Y3         DSP_OUTPUT (Prop_DSP_OUTPUT_DSP48E2_ALU_OUT[47]_PCOUT[47])
                                                      0.122     0.663 r  bd_0_i/hls_inst/inst/dadd_64ns_64ns_64_4_full_dsp_1_U1/bbgemm_dadd_64ns_64ns_64_4_full_dsp_1_ip_u/inst/i_synth/ADDSUB_OP.ADDSUB/LOGIC_SPEED.OP/ALIGN_BLK/FRAC_ADDSUB/DSP_ADD.FRAC_ADDSUB/i_no_versal_es1_workaround.DSP48E1_GEN.DSP48E1_DEL/i_no_versal_es1_workaround.DSP/DSP_OUTPUT_INST/PCOUT[47]
                         net (fo=1, routed)           0.038     0.701    bd_0_i/hls_inst/inst/dadd_64ns_64ns_64_4_full_dsp_1_U1/bbgemm_dadd_64ns_64ns_64_4_full_dsp_1_ip_u/inst/i_synth/ADDSUB_OP.ADDSUB/LOGIC_SPEED.OP/ALIGN_BLK/FRAC_ADDSUB/DSP_ADD.FRAC_ADDSUB/i_no_versal_es1_workaround.DSP48E1_ADD.DSP48E1_ADD/i_no_versal_es1_workaround.DSP/PCIN[47]
    DSP48E2_X9Y4         DSP_ALU (Prop_DSP_ALU_DSP48E2_PCIN[47]_ALU_OUT[47])
                                                      0.546     1.247 f  bd_0_i/hls_inst/inst/dadd_64ns_64ns_64_4_full_dsp_1_U1/bbgemm_dadd_64ns_64ns_64_4_full_dsp_1_ip_u/inst/i_synth/ADDSUB_OP.ADDSUB/LOGIC_SPEED.OP/ALIGN_BLK/FRAC_ADDSUB/DSP_ADD.FRAC_ADDSUB/i_no_versal_es1_workaround.DSP48E1_ADD.DSP48E1_ADD/i_no_versal_es1_workaround.DSP/DSP_ALU_INST/ALU_OUT[47]
                         net (fo=1, routed)           0.000     1.247    bd_0_i/hls_inst/inst/dadd_64ns_64ns_64_4_full_dsp_1_U1/bbgemm_dadd_64ns_64ns_64_4_full_dsp_1_ip_u/inst/i_synth/ADDSUB_OP.ADDSUB/LOGIC_SPEED.OP/ALIGN_BLK/FRAC_ADDSUB/DSP_ADD.FRAC_ADDSUB/i_no_versal_es1_workaround.DSP48E1_ADD.DSP48E1_ADD/i_no_versal_es1_workaround.DSP/DSP_ALU.ALU_OUT<47>
    DSP48E2_X9Y4         DSP_OUTPUT (Prop_DSP_OUTPUT_DSP48E2_ALU_OUT[47]_P[47])
                                                      0.109     1.356 r  bd_0_i/hls_inst/inst/dadd_64ns_64ns_64_4_full_dsp_1_U1/bbgemm_dadd_64ns_64ns_64_4_full_dsp_1_ip_u/inst/i_synth/ADDSUB_OP.ADDSUB/LOGIC_SPEED.OP/ALIGN_BLK/FRAC_ADDSUB/DSP_ADD.FRAC_ADDSUB/i_no_versal_es1_workaround.DSP48E1_ADD.DSP48E1_ADD/i_no_versal_es1_workaround.DSP/DSP_OUTPUT_INST/P[47]
                         net (fo=16, routed)          0.337     1.693    bd_0_i/hls_inst/inst/dadd_64ns_64ns_64_4_full_dsp_1_U1/bbgemm_dadd_64ns_64ns_64_4_full_dsp_1_ip_u/inst/i_synth/ADDSUB_OP.ADDSUB/LOGIC_SPEED.OP/ALIGN_BLK/FRAC_ADDSUB/DSP_ADD.FRAC_ADDSUB/i_no_versal_es1_workaround.LOGIC_ADD.ADD_0/P[0]
    SLICE_X69Y25         LUT5 (Prop_G6LUT_SLICEL_I3_O)
                                                      0.035     1.728 f  bd_0_i/hls_inst/inst/dadd_64ns_64ns_64_4_full_dsp_1_U1/bbgemm_dadd_64ns_64ns_64_4_full_dsp_1_ip_u/inst/i_synth/ADDSUB_OP.ADDSUB/LOGIC_SPEED.OP/ALIGN_BLK/FRAC_ADDSUB/DSP_ADD.FRAC_ADDSUB/i_no_versal_es1_workaround.LOGIC_ADD.ADD_0/CHAIN_GEN[0].C_MUX.CARRY_MUX_i_2__1/O
                         net (fo=2, routed)           0.187     1.915    bd_0_i/hls_inst/inst/dadd_64ns_64ns_64_4_full_dsp_1_U1/bbgemm_dadd_64ns_64ns_64_4_full_dsp_1_ip_u/inst/i_synth/ADDSUB_OP.ADDSUB/LOGIC_SPEED.OP/ALIGN_BLK/FRAC_ADDSUB/DSP_ADD.FRAC_ADDSUB/i_no_versal_es1_workaround.LOGIC_ADD.ADD_0/CHAIN_GEN[6].Q_XOR.SUM_XOR_0
    SLICE_X69Y26         LUT6 (Prop_A6LUT_SLICEL_I5_O)
                                                      0.090     2.005 r  bd_0_i/hls_inst/inst/dadd_64ns_64ns_64_4_full_dsp_1_U1/bbgemm_dadd_64ns_64ns_64_4_full_dsp_1_ip_u/inst/i_synth/ADDSUB_OP.ADDSUB/LOGIC_SPEED.OP/ALIGN_BLK/FRAC_ADDSUB/DSP_ADD.FRAC_ADDSUB/i_no_versal_es1_workaround.LOGIC_ADD.ADD_0/CHAIN_GEN[0].C_MUX.CARRY_MUX_i_1__3/O
                         net (fo=1, routed)           0.009     2.014    bd_0_i/hls_inst/inst/dadd_64ns_64ns_64_4_full_dsp_1_U1/bbgemm_dadd_64ns_64ns_64_4_full_dsp_1_ip_u/inst/i_synth/ADDSUB_OP.ADDSUB/LOGIC_SPEED.OP/NORM/LZE/ZERO_DET_CC_1/chunk_is_zero[0]
    SLICE_X69Y26         CARRY8 (Prop_CARRY8_SLICEL_S[0]_CO[7])
                                                      0.204     2.218 f  bd_0_i/hls_inst/inst/dadd_64ns_64ns_64_4_full_dsp_1_U1/bbgemm_dadd_64ns_64ns_64_4_full_dsp_1_ip_u/inst/i_synth/ADDSUB_OP.ADDSUB/LOGIC_SPEED.OP/NORM/LZE/ZERO_DET_CC_1/CHAIN_GEN[0].C_MUX.CARRY_MUX_CARRY4_CARRY8/CO[7]
                         net (fo=67, routed)          0.203     2.421    bd_0_i/hls_inst/inst/dadd_64ns_64ns_64_4_full_dsp_1_U1/bbgemm_dadd_64ns_64ns_64_4_full_dsp_1_ip_u/inst/i_synth/ADDSUB_OP.ADDSUB/LOGIC_SPEED.OP/NORM/LZE/ZERO_DET_CC_1/CHAIN_GEN[7].C_MUX.CARRY_MUX_0[1]
    SLICE_X69Y28         LUT2 (Prop_A6LUT_SLICEL_I1_O)
                                                      0.090     2.511 r  bd_0_i/hls_inst/inst/dadd_64ns_64ns_64_4_full_dsp_1_U1/bbgemm_dadd_64ns_64ns_64_4_full_dsp_1_ip_u/inst/i_synth/ADDSUB_OP.ADDSUB/LOGIC_SPEED.OP/NORM/LZE/ZERO_DET_CC_1/opt_has_pipe.first_q[7]_i_4/O
                         net (fo=4, routed)           0.113     2.624    bd_0_i/hls_inst/inst/dadd_64ns_64ns_64_4_full_dsp_1_U1/bbgemm_dadd_64ns_64ns_64_4_full_dsp_1_ip_u/inst/i_synth/ADDSUB_OP.ADDSUB/LOGIC_SPEED.OP/ALIGN_BLK/FRAC_ADDSUB/DSP_ADD.FRAC_ADDSUB/i_no_versal_es1_workaround.DSP48E1_ADD.DSP48E1_ADD/opt_has_pipe.first_q_reg[7]_0
    SLICE_X70Y28         LUT6 (Prop_H6LUT_SLICEL_I4_O)
                                                      0.150     2.774 r  bd_0_i/hls_inst/inst/dadd_64ns_64ns_64_4_full_dsp_1_U1/bbgemm_dadd_64ns_64ns_64_4_full_dsp_1_ip_u/inst/i_synth/ADDSUB_OP.ADDSUB/LOGIC_SPEED.OP/ALIGN_BLK/FRAC_ADDSUB/DSP_ADD.FRAC_ADDSUB/i_no_versal_es1_workaround.DSP48E1_ADD.DSP48E1_ADD/opt_has_pipe.first_q[7]_i_2/O
                         net (fo=1, routed)           0.081     2.855    bd_0_i/hls_inst/inst/dadd_64ns_64ns_64_4_full_dsp_1_U1/bbgemm_dadd_64ns_64ns_64_4_full_dsp_1_ip_u/inst/i_synth/ADDSUB_OP.ADDSUB/LOGIC_SPEED.OP/ALIGN_BLK/FRAC_ADDSUB/DSP_ADD.FRAC_ADDSUB/i_no_versal_es1_workaround.DSP48E1_ADD.DSP48E1_ADD/opt_has_pipe.first_q[7]_i_2_n_0
    SLICE_X69Y28         LUT6 (Prop_F6LUT_SLICEL_I0_O)
                                                      0.049     2.904 r  bd_0_i/hls_inst/inst/dadd_64ns_64ns_64_4_full_dsp_1_U1/bbgemm_dadd_64ns_64ns_64_4_full_dsp_1_ip_u/inst/i_synth/ADDSUB_OP.ADDSUB/LOGIC_SPEED.OP/ALIGN_BLK/FRAC_ADDSUB/DSP_ADD.FRAC_ADDSUB/i_no_versal_es1_workaround.DSP48E1_ADD.DSP48E1_ADD/opt_has_pipe.first_q[7]_i_1/O
                         net (fo=1, routed)           0.051     2.955    bd_0_i/hls_inst/inst/dadd_64ns_64ns_64_4_full_dsp_1_U1/bbgemm_dadd_64ns_64ns_64_4_full_dsp_1_ip_u/inst/i_synth/ADDSUB_OP.ADDSUB/LOGIC_SPEED.OP/NORM/LZE/ENCODE[0].MUX_0/OP_DEL/i_pipe/opt_has_pipe.first_q_reg[7]_1
    SLICE_X69Y28         FDRE                                         r  bd_0_i/hls_inst/inst/dadd_64ns_64ns_64_4_full_dsp_1_U1/bbgemm_dadd_64ns_64ns_64_4_full_dsp_1_ip_u/inst/i_synth/ADDSUB_OP.ADDSUB/LOGIC_SPEED.OP/NORM/LZE/ENCODE[0].MUX_0/OP_DEL/i_pipe/opt_has_pipe.first_q_reg[7]/D
  -------------------------------------------------------------------    -------------------

                         (clock ap_clk rise edge)     0.000     0.000 r  
                                                      0.000     0.000 r  ap_clk (IN)
                         net (fo=1053, unset)         0.020     0.020    bd_0_i/hls_inst/inst/dadd_64ns_64ns_64_4_full_dsp_1_U1/bbgemm_dadd_64ns_64ns_64_4_full_dsp_1_ip_u/inst/i_synth/ADDSUB_OP.ADDSUB/LOGIC_SPEED.OP/NORM/LZE/ENCODE[0].MUX_0/OP_DEL/i_pipe/aclk
    SLICE_X69Y28         FDRE                                         r  bd_0_i/hls_inst/inst/dadd_64ns_64ns_64_4_full_dsp_1_U1/bbgemm_dadd_64ns_64ns_64_4_full_dsp_1_ip_u/inst/i_synth/ADDSUB_OP.ADDSUB/LOGIC_SPEED.OP/NORM/LZE/ENCODE[0].MUX_0/OP_DEL/i_pipe/opt_has_pipe.first_q_reg[7]/C

Slack:                    inf
  Source:                 bd_0_i/hls_inst/inst/dadd_64ns_64ns_64_4_full_dsp_1_U1/bbgemm_dadd_64ns_64ns_64_4_full_dsp_1_ip_u/inst/i_synth/ADDSUB_OP.ADDSUB/LOGIC_SPEED.OP/ALIGN_BLK/FRAC_ADDSUB/DSP_ADD.FRAC_ADDSUB/i_no_versal_es1_workaround.DSP48E1_GEN.DSP48E1_DEL/i_no_versal_es1_workaround.DSP/DSP_A_B_DATA_INST/B_ALU[1]
                            (internal pin)
  Destination:            bd_0_i/hls_inst/inst/dadd_64ns_64ns_64_4_full_dsp_1_U1/bbgemm_dadd_64ns_64ns_64_4_full_dsp_1_ip_u/inst/i_synth/ADDSUB_OP.ADDSUB/LOGIC_SPEED.OP/NORM/LZE/ENCODE[0].MUX_0/OP_DEL/i_pipe/opt_has_pipe.first_q_reg[5]/D
                            (rising edge-triggered cell FDRE clocked by ap_clk  {rise@0.000ns fall@4.000ns period=8.000ns})
  Path Group:             (none)
  Path Type:              Setup (Max at Slow Process Corner)
  Data Path Delay:        2.955ns  (logic 1.893ns (64.061%)  route 1.062ns (35.939%))
  Logic Levels:           10  (CARRY8=1 DSP_ALU=2 DSP_OUTPUT=2 LUT5=1 LUT6=4)
  Clock Uncertainty:      0.025ns  ((TSJ^2 + TIJ^2)^1/2 + DJ) / 2 + PE
    Total System Jitter     (TSJ):    0.050ns
    Total Input Jitter      (TIJ):    0.000ns
    Discrete Jitter          (DJ):    0.000ns
    Phase Error              (PE):    0.000ns

    Location             Delay type                Incr(ns)  Path(ns)    Netlist Resource(s)
  -------------------------------------------------------------------    -------------------
    DSP48E2_X9Y3         DSP_A_B_DATA                 0.000     0.000 r  bd_0_i/hls_inst/inst/dadd_64ns_64ns_64_4_full_dsp_1_U1/bbgemm_dadd_64ns_64ns_64_4_full_dsp_1_ip_u/inst/i_synth/ADDSUB_OP.ADDSUB/LOGIC_SPEED.OP/ALIGN_BLK/FRAC_ADDSUB/DSP_ADD.FRAC_ADDSUB/i_no_versal_es1_workaround.DSP48E1_GEN.DSP48E1_DEL/i_no_versal_es1_workaround.DSP/DSP_A_B_DATA_INST/B_ALU[1]
                         net (fo=1, routed)           0.000     0.000    bd_0_i/hls_inst/inst/dadd_64ns_64ns_64_4_full_dsp_1_U1/bbgemm_dadd_64ns_64ns_64_4_full_dsp_1_ip_u/inst/i_synth/ADDSUB_OP.ADDSUB/LOGIC_SPEED.OP/ALIGN_BLK/FRAC_ADDSUB/DSP_ADD.FRAC_ADDSUB/i_no_versal_es1_workaround.DSP48E1_GEN.DSP48E1_DEL/i_no_versal_es1_workaround.DSP/DSP_A_B_DATA.B_ALU<1>
    DSP48E2_X9Y3         DSP_ALU (Prop_DSP_ALU_DSP48E2_B_ALU[1]_ALU_OUT[47])
                                                      0.541     0.541 f  bd_0_i/hls_inst/inst/dadd_64ns_64ns_64_4_full_dsp_1_U1/bbgemm_dadd_64ns_64ns_64_4_full_dsp_1_ip_u/inst/i_synth/ADDSUB_OP.ADDSUB/LOGIC_SPEED.OP/ALIGN_BLK/FRAC_ADDSUB/DSP_ADD.FRAC_ADDSUB/i_no_versal_es1_workaround.DSP48E1_GEN.DSP48E1_DEL/i_no_versal_es1_workaround.DSP/DSP_ALU_INST/ALU_OUT[47]
                         net (fo=1, routed)           0.000     0.541    bd_0_i/hls_inst/inst/dadd_64ns_64ns_64_4_full_dsp_1_U1/bbgemm_dadd_64ns_64ns_64_4_full_dsp_1_ip_u/inst/i_synth/ADDSUB_OP.ADDSUB/LOGIC_SPEED.OP/ALIGN_BLK/FRAC_ADDSUB/DSP_ADD.FRAC_ADDSUB/i_no_versal_es1_workaround.DSP48E1_GEN.DSP48E1_DEL/i_no_versal_es1_workaround.DSP/DSP_ALU.ALU_OUT<47>
    DSP48E2_X9Y3         DSP_OUTPUT (Prop_DSP_OUTPUT_DSP48E2_ALU_OUT[47]_PCOUT[47])
                                                      0.122     0.663 r  bd_0_i/hls_inst/inst/dadd_64ns_64ns_64_4_full_dsp_1_U1/bbgemm_dadd_64ns_64ns_64_4_full_dsp_1_ip_u/inst/i_synth/ADDSUB_OP.ADDSUB/LOGIC_SPEED.OP/ALIGN_BLK/FRAC_ADDSUB/DSP_ADD.FRAC_ADDSUB/i_no_versal_es1_workaround.DSP48E1_GEN.DSP48E1_DEL/i_no_versal_es1_workaround.DSP/DSP_OUTPUT_INST/PCOUT[47]
                         net (fo=1, routed)           0.038     0.701    bd_0_i/hls_inst/inst/dadd_64ns_64ns_64_4_full_dsp_1_U1/bbgemm_dadd_64ns_64ns_64_4_full_dsp_1_ip_u/inst/i_synth/ADDSUB_OP.ADDSUB/LOGIC_SPEED.OP/ALIGN_BLK/FRAC_ADDSUB/DSP_ADD.FRAC_ADDSUB/i_no_versal_es1_workaround.DSP48E1_ADD.DSP48E1_ADD/i_no_versal_es1_workaround.DSP/PCIN[47]
    DSP48E2_X9Y4         DSP_ALU (Prop_DSP_ALU_DSP48E2_PCIN[47]_ALU_OUT[47])
                                                      0.546     1.247 f  bd_0_i/hls_inst/inst/dadd_64ns_64ns_64_4_full_dsp_1_U1/bbgemm_dadd_64ns_64ns_64_4_full_dsp_1_ip_u/inst/i_synth/ADDSUB_OP.ADDSUB/LOGIC_SPEED.OP/ALIGN_BLK/FRAC_ADDSUB/DSP_ADD.FRAC_ADDSUB/i_no_versal_es1_workaround.DSP48E1_ADD.DSP48E1_ADD/i_no_versal_es1_workaround.DSP/DSP_ALU_INST/ALU_OUT[47]
                         net (fo=1, routed)           0.000     1.247    bd_0_i/hls_inst/inst/dadd_64ns_64ns_64_4_full_dsp_1_U1/bbgemm_dadd_64ns_64ns_64_4_full_dsp_1_ip_u/inst/i_synth/ADDSUB_OP.ADDSUB/LOGIC_SPEED.OP/ALIGN_BLK/FRAC_ADDSUB/DSP_ADD.FRAC_ADDSUB/i_no_versal_es1_workaround.DSP48E1_ADD.DSP48E1_ADD/i_no_versal_es1_workaround.DSP/DSP_ALU.ALU_OUT<47>
    DSP48E2_X9Y4         DSP_OUTPUT (Prop_DSP_OUTPUT_DSP48E2_ALU_OUT[47]_P[47])
                                                      0.109     1.356 r  bd_0_i/hls_inst/inst/dadd_64ns_64ns_64_4_full_dsp_1_U1/bbgemm_dadd_64ns_64ns_64_4_full_dsp_1_ip_u/inst/i_synth/ADDSUB_OP.ADDSUB/LOGIC_SPEED.OP/ALIGN_BLK/FRAC_ADDSUB/DSP_ADD.FRAC_ADDSUB/i_no_versal_es1_workaround.DSP48E1_ADD.DSP48E1_ADD/i_no_versal_es1_workaround.DSP/DSP_OUTPUT_INST/P[47]
                         net (fo=16, routed)          0.337     1.693    bd_0_i/hls_inst/inst/dadd_64ns_64ns_64_4_full_dsp_1_U1/bbgemm_dadd_64ns_64ns_64_4_full_dsp_1_ip_u/inst/i_synth/ADDSUB_OP.ADDSUB/LOGIC_SPEED.OP/ALIGN_BLK/FRAC_ADDSUB/DSP_ADD.FRAC_ADDSUB/i_no_versal_es1_workaround.LOGIC_ADD.ADD_0/P[0]
    SLICE_X69Y25         LUT5 (Prop_G6LUT_SLICEL_I3_O)
                                                      0.035     1.728 f  bd_0_i/hls_inst/inst/dadd_64ns_64ns_64_4_full_dsp_1_U1/bbgemm_dadd_64ns_64ns_64_4_full_dsp_1_ip_u/inst/i_synth/ADDSUB_OP.ADDSUB/LOGIC_SPEED.OP/ALIGN_BLK/FRAC_ADDSUB/DSP_ADD.FRAC_ADDSUB/i_no_versal_es1_workaround.LOGIC_ADD.ADD_0/CHAIN_GEN[0].C_MUX.CARRY_MUX_i_2__1/O
                         net (fo=2, routed)           0.187     1.915    bd_0_i/hls_inst/inst/dadd_64ns_64ns_64_4_full_dsp_1_U1/bbgemm_dadd_64ns_64ns_64_4_full_dsp_1_ip_u/inst/i_synth/ADDSUB_OP.ADDSUB/LOGIC_SPEED.OP/ALIGN_BLK/FRAC_ADDSUB/DSP_ADD.FRAC_ADDSUB/i_no_versal_es1_workaround.LOGIC_ADD.ADD_0/CHAIN_GEN[6].Q_XOR.SUM_XOR_0
    SLICE_X69Y26         LUT6 (Prop_A6LUT_SLICEL_I5_O)
                                                      0.090     2.005 r  bd_0_i/hls_inst/inst/dadd_64ns_64ns_64_4_full_dsp_1_U1/bbgemm_dadd_64ns_64ns_64_4_full_dsp_1_ip_u/inst/i_synth/ADDSUB_OP.ADDSUB/LOGIC_SPEED.OP/ALIGN_BLK/FRAC_ADDSUB/DSP_ADD.FRAC_ADDSUB/i_no_versal_es1_workaround.LOGIC_ADD.ADD_0/CHAIN_GEN[0].C_MUX.CARRY_MUX_i_1__3/O
                         net (fo=1, routed)           0.009     2.014    bd_0_i/hls_inst/inst/dadd_64ns_64ns_64_4_full_dsp_1_U1/bbgemm_dadd_64ns_64ns_64_4_full_dsp_1_ip_u/inst/i_synth/ADDSUB_OP.ADDSUB/LOGIC_SPEED.OP/NORM/LZE/ZERO_DET_CC_1/chunk_is_zero[0]
    SLICE_X69Y26         CARRY8 (Prop_CARRY8_SLICEL_S[0]_CO[7])
                                                      0.204     2.218 f  bd_0_i/hls_inst/inst/dadd_64ns_64ns_64_4_full_dsp_1_U1/bbgemm_dadd_64ns_64ns_64_4_full_dsp_1_ip_u/inst/i_synth/ADDSUB_OP.ADDSUB/LOGIC_SPEED.OP/NORM/LZE/ZERO_DET_CC_1/CHAIN_GEN[0].C_MUX.CARRY_MUX_CARRY4_CARRY8/CO[7]
                         net (fo=67, routed)          0.268     2.486    bd_0_i/hls_inst/inst/dadd_64ns_64ns_64_4_full_dsp_1_U1/bbgemm_dadd_64ns_64ns_64_4_full_dsp_1_ip_u/inst/i_synth/ADDSUB_OP.ADDSUB/LOGIC_SPEED.OP/ALIGN_BLK/FRAC_ADDSUB/DSP_ADD.FRAC_ADDSUB/i_no_versal_es1_workaround.DSP48E1_ADD.DSP48E1_ADD/CARRYS_OUT[1]
    SLICE_X69Y29         LUT6 (Prop_E6LUT_SLICEL_I5_O)
                                                      0.123     2.609 r  bd_0_i/hls_inst/inst/dadd_64ns_64ns_64_4_full_dsp_1_U1/bbgemm_dadd_64ns_64ns_64_4_full_dsp_1_ip_u/inst/i_synth/ADDSUB_OP.ADDSUB/LOGIC_SPEED.OP/ALIGN_BLK/FRAC_ADDSUB/DSP_ADD.FRAC_ADDSUB/i_no_versal_es1_workaround.DSP48E1_ADD.DSP48E1_ADD/opt_has_pipe.first_q[5]_i_3/O
                         net (fo=1, routed)           0.086     2.695    bd_0_i/hls_inst/inst/dadd_64ns_64ns_64_4_full_dsp_1_U1/bbgemm_dadd_64ns_64ns_64_4_full_dsp_1_ip_u/inst/i_synth/ADDSUB_OP.ADDSUB/LOGIC_SPEED.OP/ALIGN_BLK/FRAC_ADDSUB/DSP_ADD.FRAC_ADDSUB/i_no_versal_es1_workaround.DSP48E1_ADD.DSP48E1_ADD/opt_has_pipe.first_q[5]_i_3_n_0
    SLICE_X69Y29         LUT6 (Prop_F6LUT_SLICEL_I5_O)
                                                      0.035     2.730 r  bd_0_i/hls_inst/inst/dadd_64ns_64ns_64_4_full_dsp_1_U1/bbgemm_dadd_64ns_64ns_64_4_full_dsp_1_ip_u/inst/i_synth/ADDSUB_OP.ADDSUB/LOGIC_SPEED.OP/ALIGN_BLK/FRAC_ADDSUB/DSP_ADD.FRAC_ADDSUB/i_no_versal_es1_workaround.DSP48E1_ADD.DSP48E1_ADD/opt_has_pipe.first_q[5]_i_2/O
                         net (fo=1, routed)           0.087     2.817    bd_0_i/hls_inst/inst/dadd_64ns_64ns_64_4_full_dsp_1_U1/bbgemm_dadd_64ns_64ns_64_4_full_dsp_1_ip_u/inst/i_synth/ADDSUB_OP.ADDSUB/LOGIC_SPEED.OP/ALIGN_BLK/FRAC_ADDSUB/DSP_ADD.FRAC_ADDSUB/i_no_versal_es1_workaround.DSP48E1_ADD.DSP48E1_ADD/opt_has_pipe.first_q[5]_i_2_n_0
    SLICE_X69Y29         LUT6 (Prop_C6LUT_SLICEL_I0_O)
                                                      0.088     2.905 r  bd_0_i/hls_inst/inst/dadd_64ns_64ns_64_4_full_dsp_1_U1/bbgemm_dadd_64ns_64ns_64_4_full_dsp_1_ip_u/inst/i_synth/ADDSUB_OP.ADDSUB/LOGIC_SPEED.OP/ALIGN_BLK/FRAC_ADDSUB/DSP_ADD.FRAC_ADDSUB/i_no_versal_es1_workaround.DSP48E1_ADD.DSP48E1_ADD/opt_has_pipe.first_q[5]_i_1/O
                         net (fo=1, routed)           0.050     2.955    bd_0_i/hls_inst/inst/dadd_64ns_64ns_64_4_full_dsp_1_U1/bbgemm_dadd_64ns_64ns_64_4_full_dsp_1_ip_u/inst/i_synth/ADDSUB_OP.ADDSUB/LOGIC_SPEED.OP/NORM/LZE/ENCODE[0].MUX_0/OP_DEL/i_pipe/opt_has_pipe.first_q_reg[5]_0
    SLICE_X69Y29         FDRE                                         r  bd_0_i/hls_inst/inst/dadd_64ns_64ns_64_4_full_dsp_1_U1/bbgemm_dadd_64ns_64ns_64_4_full_dsp_1_ip_u/inst/i_synth/ADDSUB_OP.ADDSUB/LOGIC_SPEED.OP/NORM/LZE/ENCODE[0].MUX_0/OP_DEL/i_pipe/opt_has_pipe.first_q_reg[5]/D
  -------------------------------------------------------------------    -------------------

                         (clock ap_clk rise edge)     0.000     0.000 r  
                                                      0.000     0.000 r  ap_clk (IN)
                         net (fo=1053, unset)         0.020     0.020    bd_0_i/hls_inst/inst/dadd_64ns_64ns_64_4_full_dsp_1_U1/bbgemm_dadd_64ns_64ns_64_4_full_dsp_1_ip_u/inst/i_synth/ADDSUB_OP.ADDSUB/LOGIC_SPEED.OP/NORM/LZE/ENCODE[0].MUX_0/OP_DEL/i_pipe/aclk
    SLICE_X69Y29         FDRE                                         r  bd_0_i/hls_inst/inst/dadd_64ns_64ns_64_4_full_dsp_1_U1/bbgemm_dadd_64ns_64ns_64_4_full_dsp_1_ip_u/inst/i_synth/ADDSUB_OP.ADDSUB/LOGIC_SPEED.OP/NORM/LZE/ENCODE[0].MUX_0/OP_DEL/i_pipe/opt_has_pipe.first_q_reg[5]/C

Slack:                    inf
  Source:                 bd_0_i/hls_inst/inst/dadd_64ns_64ns_64_4_full_dsp_1_U1/bbgemm_dadd_64ns_64ns_64_4_full_dsp_1_ip_u/inst/i_synth/ADDSUB_OP.ADDSUB/LOGIC_SPEED.OP/ALIGN_BLK/FRAC_ADDSUB/DSP_ADD.FRAC_ADDSUB/i_no_versal_es1_workaround.DSP48E1_GEN.DSP48E1_DEL/i_no_versal_es1_workaround.DSP/DSP_A_B_DATA_INST/B_ALU[1]
                            (internal pin)
  Destination:            bd_0_i/hls_inst/inst/dadd_64ns_64ns_64_4_full_dsp_1_U1/bbgemm_dadd_64ns_64ns_64_4_full_dsp_1_ip_u/inst/i_synth/ADDSUB_OP.ADDSUB/LOGIC_SPEED.OP/NORM/LZE/ENCODE[0].DIST_DEL/i_pipe/opt_has_pipe.first_q_reg[1]/D
                            (rising edge-triggered cell FDRE clocked by ap_clk  {rise@0.000ns fall@4.000ns period=8.000ns})
  Path Group:             (none)
  Path Type:              Setup (Max at Slow Process Corner)
  Data Path Delay:        2.934ns  (logic 1.743ns (59.398%)  route 1.191ns (40.602%))
  Logic Levels:           8  (CARRY8=1 DSP_ALU=2 DSP_OUTPUT=2 LUT3=1 LUT5=1 LUT6=1)
  Clock Uncertainty:      0.025ns  ((TSJ^2 + TIJ^2)^1/2 + DJ) / 2 + PE
    Total System Jitter     (TSJ):    0.050ns
    Total Input Jitter      (TIJ):    0.000ns
    Discrete Jitter          (DJ):    0.000ns
    Phase Error              (PE):    0.000ns

    Location             Delay type                Incr(ns)  Path(ns)    Netlist Resource(s)
  -------------------------------------------------------------------    -------------------
    DSP48E2_X9Y3         DSP_A_B_DATA                 0.000     0.000 r  bd_0_i/hls_inst/inst/dadd_64ns_64ns_64_4_full_dsp_1_U1/bbgemm_dadd_64ns_64ns_64_4_full_dsp_1_ip_u/inst/i_synth/ADDSUB_OP.ADDSUB/LOGIC_SPEED.OP/ALIGN_BLK/FRAC_ADDSUB/DSP_ADD.FRAC_ADDSUB/i_no_versal_es1_workaround.DSP48E1_GEN.DSP48E1_DEL/i_no_versal_es1_workaround.DSP/DSP_A_B_DATA_INST/B_ALU[1]
                         net (fo=1, routed)           0.000     0.000    bd_0_i/hls_inst/inst/dadd_64ns_64ns_64_4_full_dsp_1_U1/bbgemm_dadd_64ns_64ns_64_4_full_dsp_1_ip_u/inst/i_synth/ADDSUB_OP.ADDSUB/LOGIC_SPEED.OP/ALIGN_BLK/FRAC_ADDSUB/DSP_ADD.FRAC_ADDSUB/i_no_versal_es1_workaround.DSP48E1_GEN.DSP48E1_DEL/i_no_versal_es1_workaround.DSP/DSP_A_B_DATA.B_ALU<1>
    DSP48E2_X9Y3         DSP_ALU (Prop_DSP_ALU_DSP48E2_B_ALU[1]_ALU_OUT[47])
                                                      0.541     0.541 f  bd_0_i/hls_inst/inst/dadd_64ns_64ns_64_4_full_dsp_1_U1/bbgemm_dadd_64ns_64ns_64_4_full_dsp_1_ip_u/inst/i_synth/ADDSUB_OP.ADDSUB/LOGIC_SPEED.OP/ALIGN_BLK/FRAC_ADDSUB/DSP_ADD.FRAC_ADDSUB/i_no_versal_es1_workaround.DSP48E1_GEN.DSP48E1_DEL/i_no_versal_es1_workaround.DSP/DSP_ALU_INST/ALU_OUT[47]
                         net (fo=1, routed)           0.000     0.541    bd_0_i/hls_inst/inst/dadd_64ns_64ns_64_4_full_dsp_1_U1/bbgemm_dadd_64ns_64ns_64_4_full_dsp_1_ip_u/inst/i_synth/ADDSUB_OP.ADDSUB/LOGIC_SPEED.OP/ALIGN_BLK/FRAC_ADDSUB/DSP_ADD.FRAC_ADDSUB/i_no_versal_es1_workaround.DSP48E1_GEN.DSP48E1_DEL/i_no_versal_es1_workaround.DSP/DSP_ALU.ALU_OUT<47>
    DSP48E2_X9Y3         DSP_OUTPUT (Prop_DSP_OUTPUT_DSP48E2_ALU_OUT[47]_PCOUT[47])
                                                      0.122     0.663 r  bd_0_i/hls_inst/inst/dadd_64ns_64ns_64_4_full_dsp_1_U1/bbgemm_dadd_64ns_64ns_64_4_full_dsp_1_ip_u/inst/i_synth/ADDSUB_OP.ADDSUB/LOGIC_SPEED.OP/ALIGN_BLK/FRAC_ADDSUB/DSP_ADD.FRAC_ADDSUB/i_no_versal_es1_workaround.DSP48E1_GEN.DSP48E1_DEL/i_no_versal_es1_workaround.DSP/DSP_OUTPUT_INST/PCOUT[47]
                         net (fo=1, routed)           0.038     0.701    bd_0_i/hls_inst/inst/dadd_64ns_64ns_64_4_full_dsp_1_U1/bbgemm_dadd_64ns_64ns_64_4_full_dsp_1_ip_u/inst/i_synth/ADDSUB_OP.ADDSUB/LOGIC_SPEED.OP/ALIGN_BLK/FRAC_ADDSUB/DSP_ADD.FRAC_ADDSUB/i_no_versal_es1_workaround.DSP48E1_ADD.DSP48E1_ADD/i_no_versal_es1_workaround.DSP/PCIN[47]
    DSP48E2_X9Y4         DSP_ALU (Prop_DSP_ALU_DSP48E2_PCIN[47]_ALU_OUT[47])
                                                      0.546     1.247 f  bd_0_i/hls_inst/inst/dadd_64ns_64ns_64_4_full_dsp_1_U1/bbgemm_dadd_64ns_64ns_64_4_full_dsp_1_ip_u/inst/i_synth/ADDSUB_OP.ADDSUB/LOGIC_SPEED.OP/ALIGN_BLK/FRAC_ADDSUB/DSP_ADD.FRAC_ADDSUB/i_no_versal_es1_workaround.DSP48E1_ADD.DSP48E1_ADD/i_no_versal_es1_workaround.DSP/DSP_ALU_INST/ALU_OUT[47]
                         net (fo=1, routed)           0.000     1.247    bd_0_i/hls_inst/inst/dadd_64ns_64ns_64_4_full_dsp_1_U1/bbgemm_dadd_64ns_64ns_64_4_full_dsp_1_ip_u/inst/i_synth/ADDSUB_OP.ADDSUB/LOGIC_SPEED.OP/ALIGN_BLK/FRAC_ADDSUB/DSP_ADD.FRAC_ADDSUB/i_no_versal_es1_workaround.DSP48E1_ADD.DSP48E1_ADD/i_no_versal_es1_workaround.DSP/DSP_ALU.ALU_OUT<47>
    DSP48E2_X9Y4         DSP_OUTPUT (Prop_DSP_OUTPUT_DSP48E2_ALU_OUT[47]_P[47])
                                                      0.109     1.356 r  bd_0_i/hls_inst/inst/dadd_64ns_64ns_64_4_full_dsp_1_U1/bbgemm_dadd_64ns_64ns_64_4_full_dsp_1_ip_u/inst/i_synth/ADDSUB_OP.ADDSUB/LOGIC_SPEED.OP/ALIGN_BLK/FRAC_ADDSUB/DSP_ADD.FRAC_ADDSUB/i_no_versal_es1_workaround.DSP48E1_ADD.DSP48E1_ADD/i_no_versal_es1_workaround.DSP/DSP_OUTPUT_INST/P[47]
                         net (fo=16, routed)          0.337     1.693    bd_0_i/hls_inst/inst/dadd_64ns_64ns_64_4_full_dsp_1_U1/bbgemm_dadd_64ns_64ns_64_4_full_dsp_1_ip_u/inst/i_synth/ADDSUB_OP.ADDSUB/LOGIC_SPEED.OP/ALIGN_BLK/FRAC_ADDSUB/DSP_ADD.FRAC_ADDSUB/i_no_versal_es1_workaround.LOGIC_ADD.ADD_0/P[0]
    SLICE_X69Y25         LUT5 (Prop_G6LUT_SLICEL_I3_O)
                                                      0.035     1.728 f  bd_0_i/hls_inst/inst/dadd_64ns_64ns_64_4_full_dsp_1_U1/bbgemm_dadd_64ns_64ns_64_4_full_dsp_1_ip_u/inst/i_synth/ADDSUB_OP.ADDSUB/LOGIC_SPEED.OP/ALIGN_BLK/FRAC_ADDSUB/DSP_ADD.FRAC_ADDSUB/i_no_versal_es1_workaround.LOGIC_ADD.ADD_0/CHAIN_GEN[0].C_MUX.CARRY_MUX_i_2__1/O
                         net (fo=2, routed)           0.187     1.915    bd_0_i/hls_inst/inst/dadd_64ns_64ns_64_4_full_dsp_1_U1/bbgemm_dadd_64ns_64ns_64_4_full_dsp_1_ip_u/inst/i_synth/ADDSUB_OP.ADDSUB/LOGIC_SPEED.OP/ALIGN_BLK/FRAC_ADDSUB/DSP_ADD.FRAC_ADDSUB/i_no_versal_es1_workaround.LOGIC_ADD.ADD_0/CHAIN_GEN[6].Q_XOR.SUM_XOR_0
    SLICE_X69Y26         LUT6 (Prop_A6LUT_SLICEL_I5_O)
                                                      0.090     2.005 r  bd_0_i/hls_inst/inst/dadd_64ns_64ns_64_4_full_dsp_1_U1/bbgemm_dadd_64ns_64ns_64_4_full_dsp_1_ip_u/inst/i_synth/ADDSUB_OP.ADDSUB/LOGIC_SPEED.OP/ALIGN_BLK/FRAC_ADDSUB/DSP_ADD.FRAC_ADDSUB/i_no_versal_es1_workaround.LOGIC_ADD.ADD_0/CHAIN_GEN[0].C_MUX.CARRY_MUX_i_1__3/O
                         net (fo=1, routed)           0.009     2.014    bd_0_i/hls_inst/inst/dadd_64ns_64ns_64_4_full_dsp_1_U1/bbgemm_dadd_64ns_64ns_64_4_full_dsp_1_ip_u/inst/i_synth/ADDSUB_OP.ADDSUB/LOGIC_SPEED.OP/NORM/LZE/ZERO_DET_CC_1/chunk_is_zero[0]
    SLICE_X69Y26         CARRY8 (Prop_CARRY8_SLICEL_S[0]_CO[7])
                                                      0.204     2.218 r  bd_0_i/hls_inst/inst/dadd_64ns_64ns_64_4_full_dsp_1_U1/bbgemm_dadd_64ns_64ns_64_4_full_dsp_1_ip_u/inst/i_synth/ADDSUB_OP.ADDSUB/LOGIC_SPEED.OP/NORM/LZE/ZERO_DET_CC_1/CHAIN_GEN[0].C_MUX.CARRY_MUX_CARRY4_CARRY8/CO[7]
                         net (fo=67, routed)          0.177     2.396    bd_0_i/hls_inst/inst/dadd_64ns_64ns_64_4_full_dsp_1_U1/bbgemm_dadd_64ns_64ns_64_4_full_dsp_1_ip_u/inst/i_synth/ADDSUB_OP.ADDSUB/LOGIC_SPEED.OP/NORM/LZE/ZERO_DET_CC_1/CHAIN_GEN[7].C_MUX.CARRY_MUX_0[1]
    SLICE_X69Y27         LUT3 (Prop_C6LUT_SLICEL_I1_O)
                                                      0.096     2.492 r  bd_0_i/hls_inst/inst/dadd_64ns_64ns_64_4_full_dsp_1_U1/bbgemm_dadd_64ns_64ns_64_4_full_dsp_1_ip_u/inst/i_synth/ADDSUB_OP.ADDSUB/LOGIC_SPEED.OP/NORM/LZE/ZERO_DET_CC_1/opt_has_pipe.first_q[1]_i_1__3/O
                         net (fo=9, routed)           0.443     2.934    bd_0_i/hls_inst/inst/dadd_64ns_64ns_64_4_full_dsp_1_U1/bbgemm_dadd_64ns_64ns_64_4_full_dsp_1_ip_u/inst/i_synth/ADDSUB_OP.ADDSUB/LOGIC_SPEED.OP/NORM/LZE/ENCODE[0].DIST_DEL/i_pipe/norm_dist_skew[0]
    SLICE_X68Y30         FDRE                                         r  bd_0_i/hls_inst/inst/dadd_64ns_64ns_64_4_full_dsp_1_U1/bbgemm_dadd_64ns_64ns_64_4_full_dsp_1_ip_u/inst/i_synth/ADDSUB_OP.ADDSUB/LOGIC_SPEED.OP/NORM/LZE/ENCODE[0].DIST_DEL/i_pipe/opt_has_pipe.first_q_reg[1]/D
  -------------------------------------------------------------------    -------------------

                         (clock ap_clk rise edge)     0.000     0.000 r  
                                                      0.000     0.000 r  ap_clk (IN)
                         net (fo=1053, unset)         0.020     0.020    bd_0_i/hls_inst/inst/dadd_64ns_64ns_64_4_full_dsp_1_U1/bbgemm_dadd_64ns_64ns_64_4_full_dsp_1_ip_u/inst/i_synth/ADDSUB_OP.ADDSUB/LOGIC_SPEED.OP/NORM/LZE/ENCODE[0].DIST_DEL/i_pipe/aclk
    SLICE_X68Y30         FDRE                                         r  bd_0_i/hls_inst/inst/dadd_64ns_64ns_64_4_full_dsp_1_U1/bbgemm_dadd_64ns_64ns_64_4_full_dsp_1_ip_u/inst/i_synth/ADDSUB_OP.ADDSUB/LOGIC_SPEED.OP/NORM/LZE/ENCODE[0].DIST_DEL/i_pipe/opt_has_pipe.first_q_reg[1]/C

Slack:                    inf
  Source:                 bd_0_i/hls_inst/inst/dadd_64ns_64ns_64_4_full_dsp_1_U1/bbgemm_dadd_64ns_64ns_64_4_full_dsp_1_ip_u/inst/i_synth/ADDSUB_OP.ADDSUB/LOGIC_SPEED.OP/ALIGN_BLK/FRAC_ADDSUB/DSP_ADD.FRAC_ADDSUB/i_no_versal_es1_workaround.DSP48E1_GEN.DSP48E1_DEL/i_no_versal_es1_workaround.DSP/DSP_A_B_DATA_INST/B_ALU[1]
                            (internal pin)
  Destination:            bd_0_i/hls_inst/inst/dadd_64ns_64ns_64_4_full_dsp_1_U1/bbgemm_dadd_64ns_64ns_64_4_full_dsp_1_ip_u/inst/i_synth/ADDSUB_OP.ADDSUB/LOGIC_SPEED.OP/NORM/NORM_SHIFT/MUX_LOOP[0].DEL_SHIFT/i_pipe/opt_has_pipe.first_q_reg[41]/R
                            (rising edge-triggered cell FDRE clocked by ap_clk  {rise@0.000ns fall@4.000ns period=8.000ns})
  Path Group:             (none)
  Path Type:              Setup (Max at Slow Process Corner)
  Data Path Delay:        2.932ns  (logic 1.715ns (58.495%)  route 1.217ns (41.505%))
  Logic Levels:           8  (CARRY8=1 DSP_ALU=2 DSP_OUTPUT=2 LUT2=1 LUT5=1 LUT6=1)
  Clock Uncertainty:      0.025ns  ((TSJ^2 + TIJ^2)^1/2 + DJ) / 2 + PE
    Total System Jitter     (TSJ):    0.050ns
    Total Input Jitter      (TIJ):    0.000ns
    Discrete Jitter          (DJ):    0.000ns
    Phase Error              (PE):    0.000ns

    Location             Delay type                Incr(ns)  Path(ns)    Netlist Resource(s)
  -------------------------------------------------------------------    -------------------
    DSP48E2_X9Y3         DSP_A_B_DATA                 0.000     0.000 r  bd_0_i/hls_inst/inst/dadd_64ns_64ns_64_4_full_dsp_1_U1/bbgemm_dadd_64ns_64ns_64_4_full_dsp_1_ip_u/inst/i_synth/ADDSUB_OP.ADDSUB/LOGIC_SPEED.OP/ALIGN_BLK/FRAC_ADDSUB/DSP_ADD.FRAC_ADDSUB/i_no_versal_es1_workaround.DSP48E1_GEN.DSP48E1_DEL/i_no_versal_es1_workaround.DSP/DSP_A_B_DATA_INST/B_ALU[1]
                         net (fo=1, routed)           0.000     0.000    bd_0_i/hls_inst/inst/dadd_64ns_64ns_64_4_full_dsp_1_U1/bbgemm_dadd_64ns_64ns_64_4_full_dsp_1_ip_u/inst/i_synth/ADDSUB_OP.ADDSUB/LOGIC_SPEED.OP/ALIGN_BLK/FRAC_ADDSUB/DSP_ADD.FRAC_ADDSUB/i_no_versal_es1_workaround.DSP48E1_GEN.DSP48E1_DEL/i_no_versal_es1_workaround.DSP/DSP_A_B_DATA.B_ALU<1>
    DSP48E2_X9Y3         DSP_ALU (Prop_DSP_ALU_DSP48E2_B_ALU[1]_ALU_OUT[47])
                                                      0.541     0.541 f  bd_0_i/hls_inst/inst/dadd_64ns_64ns_64_4_full_dsp_1_U1/bbgemm_dadd_64ns_64ns_64_4_full_dsp_1_ip_u/inst/i_synth/ADDSUB_OP.ADDSUB/LOGIC_SPEED.OP/ALIGN_BLK/FRAC_ADDSUB/DSP_ADD.FRAC_ADDSUB/i_no_versal_es1_workaround.DSP48E1_GEN.DSP48E1_DEL/i_no_versal_es1_workaround.DSP/DSP_ALU_INST/ALU_OUT[47]
                         net (fo=1, routed)           0.000     0.541    bd_0_i/hls_inst/inst/dadd_64ns_64ns_64_4_full_dsp_1_U1/bbgemm_dadd_64ns_64ns_64_4_full_dsp_1_ip_u/inst/i_synth/ADDSUB_OP.ADDSUB/LOGIC_SPEED.OP/ALIGN_BLK/FRAC_ADDSUB/DSP_ADD.FRAC_ADDSUB/i_no_versal_es1_workaround.DSP48E1_GEN.DSP48E1_DEL/i_no_versal_es1_workaround.DSP/DSP_ALU.ALU_OUT<47>
    DSP48E2_X9Y3         DSP_OUTPUT (Prop_DSP_OUTPUT_DSP48E2_ALU_OUT[47]_PCOUT[47])
                                                      0.122     0.663 r  bd_0_i/hls_inst/inst/dadd_64ns_64ns_64_4_full_dsp_1_U1/bbgemm_dadd_64ns_64ns_64_4_full_dsp_1_ip_u/inst/i_synth/ADDSUB_OP.ADDSUB/LOGIC_SPEED.OP/ALIGN_BLK/FRAC_ADDSUB/DSP_ADD.FRAC_ADDSUB/i_no_versal_es1_workaround.DSP48E1_GEN.DSP48E1_DEL/i_no_versal_es1_workaround.DSP/DSP_OUTPUT_INST/PCOUT[47]
                         net (fo=1, routed)           0.038     0.701    bd_0_i/hls_inst/inst/dadd_64ns_64ns_64_4_full_dsp_1_U1/bbgemm_dadd_64ns_64ns_64_4_full_dsp_1_ip_u/inst/i_synth/ADDSUB_OP.ADDSUB/LOGIC_SPEED.OP/ALIGN_BLK/FRAC_ADDSUB/DSP_ADD.FRAC_ADDSUB/i_no_versal_es1_workaround.DSP48E1_ADD.DSP48E1_ADD/i_no_versal_es1_workaround.DSP/PCIN[47]
    DSP48E2_X9Y4         DSP_ALU (Prop_DSP_ALU_DSP48E2_PCIN[47]_ALU_OUT[47])
                                                      0.546     1.247 f  bd_0_i/hls_inst/inst/dadd_64ns_64ns_64_4_full_dsp_1_U1/bbgemm_dadd_64ns_64ns_64_4_full_dsp_1_ip_u/inst/i_synth/ADDSUB_OP.ADDSUB/LOGIC_SPEED.OP/ALIGN_BLK/FRAC_ADDSUB/DSP_ADD.FRAC_ADDSUB/i_no_versal_es1_workaround.DSP48E1_ADD.DSP48E1_ADD/i_no_versal_es1_workaround.DSP/DSP_ALU_INST/ALU_OUT[47]
                         net (fo=1, routed)           0.000     1.247    bd_0_i/hls_inst/inst/dadd_64ns_64ns_64_4_full_dsp_1_U1/bbgemm_dadd_64ns_64ns_64_4_full_dsp_1_ip_u/inst/i_synth/ADDSUB_OP.ADDSUB/LOGIC_SPEED.OP/ALIGN_BLK/FRAC_ADDSUB/DSP_ADD.FRAC_ADDSUB/i_no_versal_es1_workaround.DSP48E1_ADD.DSP48E1_ADD/i_no_versal_es1_workaround.DSP/DSP_ALU.ALU_OUT<47>
    DSP48E2_X9Y4         DSP_OUTPUT (Prop_DSP_OUTPUT_DSP48E2_ALU_OUT[47]_P[47])
                                                      0.109     1.356 r  bd_0_i/hls_inst/inst/dadd_64ns_64ns_64_4_full_dsp_1_U1/bbgemm_dadd_64ns_64ns_64_4_full_dsp_1_ip_u/inst/i_synth/ADDSUB_OP.ADDSUB/LOGIC_SPEED.OP/ALIGN_BLK/FRAC_ADDSUB/DSP_ADD.FRAC_ADDSUB/i_no_versal_es1_workaround.DSP48E1_ADD.DSP48E1_ADD/i_no_versal_es1_workaround.DSP/DSP_OUTPUT_INST/P[47]
                         net (fo=16, routed)          0.337     1.693    bd_0_i/hls_inst/inst/dadd_64ns_64ns_64_4_full_dsp_1_U1/bbgemm_dadd_64ns_64ns_64_4_full_dsp_1_ip_u/inst/i_synth/ADDSUB_OP.ADDSUB/LOGIC_SPEED.OP/ALIGN_BLK/FRAC_ADDSUB/DSP_ADD.FRAC_ADDSUB/i_no_versal_es1_workaround.LOGIC_ADD.ADD_0/P[0]
    SLICE_X69Y25         LUT5 (Prop_G6LUT_SLICEL_I3_O)
                                                      0.035     1.728 f  bd_0_i/hls_inst/inst/dadd_64ns_64ns_64_4_full_dsp_1_U1/bbgemm_dadd_64ns_64ns_64_4_full_dsp_1_ip_u/inst/i_synth/ADDSUB_OP.ADDSUB/LOGIC_SPEED.OP/ALIGN_BLK/FRAC_ADDSUB/DSP_ADD.FRAC_ADDSUB/i_no_versal_es1_workaround.LOGIC_ADD.ADD_0/CHAIN_GEN[0].C_MUX.CARRY_MUX_i_2__1/O
                         net (fo=2, routed)           0.187     1.915    bd_0_i/hls_inst/inst/dadd_64ns_64ns_64_4_full_dsp_1_U1/bbgemm_dadd_64ns_64ns_64_4_full_dsp_1_ip_u/inst/i_synth/ADDSUB_OP.ADDSUB/LOGIC_SPEED.OP/ALIGN_BLK/FRAC_ADDSUB/DSP_ADD.FRAC_ADDSUB/i_no_versal_es1_workaround.LOGIC_ADD.ADD_0/CHAIN_GEN[6].Q_XOR.SUM_XOR_0
    SLICE_X69Y26         LUT6 (Prop_A6LUT_SLICEL_I5_O)
                                                      0.090     2.005 r  bd_0_i/hls_inst/inst/dadd_64ns_64ns_64_4_full_dsp_1_U1/bbgemm_dadd_64ns_64ns_64_4_full_dsp_1_ip_u/inst/i_synth/ADDSUB_OP.ADDSUB/LOGIC_SPEED.OP/ALIGN_BLK/FRAC_ADDSUB/DSP_ADD.FRAC_ADDSUB/i_no_versal_es1_workaround.LOGIC_ADD.ADD_0/CHAIN_GEN[0].C_MUX.CARRY_MUX_i_1__3/O
                         net (fo=1, routed)           0.009     2.014    bd_0_i/hls_inst/inst/dadd_64ns_64ns_64_4_full_dsp_1_U1/bbgemm_dadd_64ns_64ns_64_4_full_dsp_1_ip_u/inst/i_synth/ADDSUB_OP.ADDSUB/LOGIC_SPEED.OP/NORM/LZE/ZERO_DET_CC_1/chunk_is_zero[0]
    SLICE_X69Y26         CARRY8 (Prop_CARRY8_SLICEL_S[0]_CO[7])
                                                      0.204     2.218 r  bd_0_i/hls_inst/inst/dadd_64ns_64ns_64_4_full_dsp_1_U1/bbgemm_dadd_64ns_64ns_64_4_full_dsp_1_ip_u/inst/i_synth/ADDSUB_OP.ADDSUB/LOGIC_SPEED.OP/NORM/LZE/ZERO_DET_CC_1/CHAIN_GEN[0].C_MUX.CARRY_MUX_CARRY4_CARRY8/CO[7]
                         net (fo=67, routed)          0.169     2.388    bd_0_i/hls_inst/inst/dadd_64ns_64ns_64_4_full_dsp_1_U1/bbgemm_dadd_64ns_64ns_64_4_full_dsp_1_ip_u/inst/i_synth/ADDSUB_OP.ADDSUB/LOGIC_SPEED.OP/NORM/NORM_SHIFT/MUX_LOOP[0].DEL_SHIFT/i_pipe/opt_has_pipe.first_q_reg[55]_2[1]
    SLICE_X68Y26         LUT2 (Prop_C5LUT_SLICEL_I0_O)
                                                      0.068     2.456 r  bd_0_i/hls_inst/inst/dadd_64ns_64ns_64_4_full_dsp_1_U1/bbgemm_dadd_64ns_64ns_64_4_full_dsp_1_ip_u/inst/i_synth/ADDSUB_OP.ADDSUB/LOGIC_SPEED.OP/NORM/NORM_SHIFT/MUX_LOOP[0].DEL_SHIFT/i_pipe/opt_has_pipe.first_q[55]_i_1/O
                         net (fo=16, routed)          0.476     2.932    bd_0_i/hls_inst/inst/dadd_64ns_64ns_64_4_full_dsp_1_U1/bbgemm_dadd_64ns_64ns_64_4_full_dsp_1_ip_u/inst/i_synth/ADDSUB_OP.ADDSUB/LOGIC_SPEED.OP/NORM/NORM_SHIFT/MUX_LOOP[0].DEL_SHIFT/i_pipe/opt_has_pipe.first_q[55]_i_1_n_0
    SLICE_X65Y29         FDRE                                         r  bd_0_i/hls_inst/inst/dadd_64ns_64ns_64_4_full_dsp_1_U1/bbgemm_dadd_64ns_64ns_64_4_full_dsp_1_ip_u/inst/i_synth/ADDSUB_OP.ADDSUB/LOGIC_SPEED.OP/NORM/NORM_SHIFT/MUX_LOOP[0].DEL_SHIFT/i_pipe/opt_has_pipe.first_q_reg[41]/R
  -------------------------------------------------------------------    -------------------

                         (clock ap_clk rise edge)     0.000     0.000 r  
                                                      0.000     0.000 r  ap_clk (IN)
                         net (fo=1053, unset)         0.021     0.021    bd_0_i/hls_inst/inst/dadd_64ns_64ns_64_4_full_dsp_1_U1/bbgemm_dadd_64ns_64ns_64_4_full_dsp_1_ip_u/inst/i_synth/ADDSUB_OP.ADDSUB/LOGIC_SPEED.OP/NORM/NORM_SHIFT/MUX_LOOP[0].DEL_SHIFT/i_pipe/aclk
    SLICE_X65Y29         FDRE                                         r  bd_0_i/hls_inst/inst/dadd_64ns_64ns_64_4_full_dsp_1_U1/bbgemm_dadd_64ns_64ns_64_4_full_dsp_1_ip_u/inst/i_synth/ADDSUB_OP.ADDSUB/LOGIC_SPEED.OP/NORM/NORM_SHIFT/MUX_LOOP[0].DEL_SHIFT/i_pipe/opt_has_pipe.first_q_reg[41]/C

Slack:                    inf
  Source:                 bd_0_i/hls_inst/inst/dadd_64ns_64ns_64_4_full_dsp_1_U1/bbgemm_dadd_64ns_64ns_64_4_full_dsp_1_ip_u/inst/i_synth/ADDSUB_OP.ADDSUB/LOGIC_SPEED.OP/ALIGN_BLK/FRAC_ADDSUB/DSP_ADD.FRAC_ADDSUB/i_no_versal_es1_workaround.DSP48E1_GEN.DSP48E1_DEL/i_no_versal_es1_workaround.DSP/DSP_A_B_DATA_INST/B_ALU[1]
                            (internal pin)
  Destination:            bd_0_i/hls_inst/inst/dadd_64ns_64ns_64_4_full_dsp_1_U1/bbgemm_dadd_64ns_64ns_64_4_full_dsp_1_ip_u/inst/i_synth/ADDSUB_OP.ADDSUB/LOGIC_SPEED.OP/NORM/NORM_SHIFT/MUX_LOOP[0].DEL_SHIFT/i_pipe/opt_has_pipe.first_q_reg[45]/R
                            (rising edge-triggered cell FDRE clocked by ap_clk  {rise@0.000ns fall@4.000ns period=8.000ns})
  Path Group:             (none)
  Path Type:              Setup (Max at Slow Process Corner)
  Data Path Delay:        2.932ns  (logic 1.715ns (58.495%)  route 1.217ns (41.505%))
  Logic Levels:           8  (CARRY8=1 DSP_ALU=2 DSP_OUTPUT=2 LUT2=1 LUT5=1 LUT6=1)
  Clock Uncertainty:      0.025ns  ((TSJ^2 + TIJ^2)^1/2 + DJ) / 2 + PE
    Total System Jitter     (TSJ):    0.050ns
    Total Input Jitter      (TIJ):    0.000ns
    Discrete Jitter          (DJ):    0.000ns
    Phase Error              (PE):    0.000ns

    Location             Delay type                Incr(ns)  Path(ns)    Netlist Resource(s)
  -------------------------------------------------------------------    -------------------
    DSP48E2_X9Y3         DSP_A_B_DATA                 0.000     0.000 r  bd_0_i/hls_inst/inst/dadd_64ns_64ns_64_4_full_dsp_1_U1/bbgemm_dadd_64ns_64ns_64_4_full_dsp_1_ip_u/inst/i_synth/ADDSUB_OP.ADDSUB/LOGIC_SPEED.OP/ALIGN_BLK/FRAC_ADDSUB/DSP_ADD.FRAC_ADDSUB/i_no_versal_es1_workaround.DSP48E1_GEN.DSP48E1_DEL/i_no_versal_es1_workaround.DSP/DSP_A_B_DATA_INST/B_ALU[1]
                         net (fo=1, routed)           0.000     0.000    bd_0_i/hls_inst/inst/dadd_64ns_64ns_64_4_full_dsp_1_U1/bbgemm_dadd_64ns_64ns_64_4_full_dsp_1_ip_u/inst/i_synth/ADDSUB_OP.ADDSUB/LOGIC_SPEED.OP/ALIGN_BLK/FRAC_ADDSUB/DSP_ADD.FRAC_ADDSUB/i_no_versal_es1_workaround.DSP48E1_GEN.DSP48E1_DEL/i_no_versal_es1_workaround.DSP/DSP_A_B_DATA.B_ALU<1>
    DSP48E2_X9Y3         DSP_ALU (Prop_DSP_ALU_DSP48E2_B_ALU[1]_ALU_OUT[47])
                                                      0.541     0.541 f  bd_0_i/hls_inst/inst/dadd_64ns_64ns_64_4_full_dsp_1_U1/bbgemm_dadd_64ns_64ns_64_4_full_dsp_1_ip_u/inst/i_synth/ADDSUB_OP.ADDSUB/LOGIC_SPEED.OP/ALIGN_BLK/FRAC_ADDSUB/DSP_ADD.FRAC_ADDSUB/i_no_versal_es1_workaround.DSP48E1_GEN.DSP48E1_DEL/i_no_versal_es1_workaround.DSP/DSP_ALU_INST/ALU_OUT[47]
                         net (fo=1, routed)           0.000     0.541    bd_0_i/hls_inst/inst/dadd_64ns_64ns_64_4_full_dsp_1_U1/bbgemm_dadd_64ns_64ns_64_4_full_dsp_1_ip_u/inst/i_synth/ADDSUB_OP.ADDSUB/LOGIC_SPEED.OP/ALIGN_BLK/FRAC_ADDSUB/DSP_ADD.FRAC_ADDSUB/i_no_versal_es1_workaround.DSP48E1_GEN.DSP48E1_DEL/i_no_versal_es1_workaround.DSP/DSP_ALU.ALU_OUT<47>
    DSP48E2_X9Y3         DSP_OUTPUT (Prop_DSP_OUTPUT_DSP48E2_ALU_OUT[47]_PCOUT[47])
                                                      0.122     0.663 r  bd_0_i/hls_inst/inst/dadd_64ns_64ns_64_4_full_dsp_1_U1/bbgemm_dadd_64ns_64ns_64_4_full_dsp_1_ip_u/inst/i_synth/ADDSUB_OP.ADDSUB/LOGIC_SPEED.OP/ALIGN_BLK/FRAC_ADDSUB/DSP_ADD.FRAC_ADDSUB/i_no_versal_es1_workaround.DSP48E1_GEN.DSP48E1_DEL/i_no_versal_es1_workaround.DSP/DSP_OUTPUT_INST/PCOUT[47]
                         net (fo=1, routed)           0.038     0.701    bd_0_i/hls_inst/inst/dadd_64ns_64ns_64_4_full_dsp_1_U1/bbgemm_dadd_64ns_64ns_64_4_full_dsp_1_ip_u/inst/i_synth/ADDSUB_OP.ADDSUB/LOGIC_SPEED.OP/ALIGN_BLK/FRAC_ADDSUB/DSP_ADD.FRAC_ADDSUB/i_no_versal_es1_workaround.DSP48E1_ADD.DSP48E1_ADD/i_no_versal_es1_workaround.DSP/PCIN[47]
    DSP48E2_X9Y4         DSP_ALU (Prop_DSP_ALU_DSP48E2_PCIN[47]_ALU_OUT[47])
                                                      0.546     1.247 f  bd_0_i/hls_inst/inst/dadd_64ns_64ns_64_4_full_dsp_1_U1/bbgemm_dadd_64ns_64ns_64_4_full_dsp_1_ip_u/inst/i_synth/ADDSUB_OP.ADDSUB/LOGIC_SPEED.OP/ALIGN_BLK/FRAC_ADDSUB/DSP_ADD.FRAC_ADDSUB/i_no_versal_es1_workaround.DSP48E1_ADD.DSP48E1_ADD/i_no_versal_es1_workaround.DSP/DSP_ALU_INST/ALU_OUT[47]
                         net (fo=1, routed)           0.000     1.247    bd_0_i/hls_inst/inst/dadd_64ns_64ns_64_4_full_dsp_1_U1/bbgemm_dadd_64ns_64ns_64_4_full_dsp_1_ip_u/inst/i_synth/ADDSUB_OP.ADDSUB/LOGIC_SPEED.OP/ALIGN_BLK/FRAC_ADDSUB/DSP_ADD.FRAC_ADDSUB/i_no_versal_es1_workaround.DSP48E1_ADD.DSP48E1_ADD/i_no_versal_es1_workaround.DSP/DSP_ALU.ALU_OUT<47>
    DSP48E2_X9Y4         DSP_OUTPUT (Prop_DSP_OUTPUT_DSP48E2_ALU_OUT[47]_P[47])
                                                      0.109     1.356 r  bd_0_i/hls_inst/inst/dadd_64ns_64ns_64_4_full_dsp_1_U1/bbgemm_dadd_64ns_64ns_64_4_full_dsp_1_ip_u/inst/i_synth/ADDSUB_OP.ADDSUB/LOGIC_SPEED.OP/ALIGN_BLK/FRAC_ADDSUB/DSP_ADD.FRAC_ADDSUB/i_no_versal_es1_workaround.DSP48E1_ADD.DSP48E1_ADD/i_no_versal_es1_workaround.DSP/DSP_OUTPUT_INST/P[47]
                         net (fo=16, routed)          0.337     1.693    bd_0_i/hls_inst/inst/dadd_64ns_64ns_64_4_full_dsp_1_U1/bbgemm_dadd_64ns_64ns_64_4_full_dsp_1_ip_u/inst/i_synth/ADDSUB_OP.ADDSUB/LOGIC_SPEED.OP/ALIGN_BLK/FRAC_ADDSUB/DSP_ADD.FRAC_ADDSUB/i_no_versal_es1_workaround.LOGIC_ADD.ADD_0/P[0]
    SLICE_X69Y25         LUT5 (Prop_G6LUT_SLICEL_I3_O)
                                                      0.035     1.728 f  bd_0_i/hls_inst/inst/dadd_64ns_64ns_64_4_full_dsp_1_U1/bbgemm_dadd_64ns_64ns_64_4_full_dsp_1_ip_u/inst/i_synth/ADDSUB_OP.ADDSUB/LOGIC_SPEED.OP/ALIGN_BLK/FRAC_ADDSUB/DSP_ADD.FRAC_ADDSUB/i_no_versal_es1_workaround.LOGIC_ADD.ADD_0/CHAIN_GEN[0].C_MUX.CARRY_MUX_i_2__1/O
                         net (fo=2, routed)           0.187     1.915    bd_0_i/hls_inst/inst/dadd_64ns_64ns_64_4_full_dsp_1_U1/bbgemm_dadd_64ns_64ns_64_4_full_dsp_1_ip_u/inst/i_synth/ADDSUB_OP.ADDSUB/LOGIC_SPEED.OP/ALIGN_BLK/FRAC_ADDSUB/DSP_ADD.FRAC_ADDSUB/i_no_versal_es1_workaround.LOGIC_ADD.ADD_0/CHAIN_GEN[6].Q_XOR.SUM_XOR_0
    SLICE_X69Y26         LUT6 (Prop_A6LUT_SLICEL_I5_O)
                                                      0.090     2.005 r  bd_0_i/hls_inst/inst/dadd_64ns_64ns_64_4_full_dsp_1_U1/bbgemm_dadd_64ns_64ns_64_4_full_dsp_1_ip_u/inst/i_synth/ADDSUB_OP.ADDSUB/LOGIC_SPEED.OP/ALIGN_BLK/FRAC_ADDSUB/DSP_ADD.FRAC_ADDSUB/i_no_versal_es1_workaround.LOGIC_ADD.ADD_0/CHAIN_GEN[0].C_MUX.CARRY_MUX_i_1__3/O
                         net (fo=1, routed)           0.009     2.014    bd_0_i/hls_inst/inst/dadd_64ns_64ns_64_4_full_dsp_1_U1/bbgemm_dadd_64ns_64ns_64_4_full_dsp_1_ip_u/inst/i_synth/ADDSUB_OP.ADDSUB/LOGIC_SPEED.OP/NORM/LZE/ZERO_DET_CC_1/chunk_is_zero[0]
    SLICE_X69Y26         CARRY8 (Prop_CARRY8_SLICEL_S[0]_CO[7])
                                                      0.204     2.218 r  bd_0_i/hls_inst/inst/dadd_64ns_64ns_64_4_full_dsp_1_U1/bbgemm_dadd_64ns_64ns_64_4_full_dsp_1_ip_u/inst/i_synth/ADDSUB_OP.ADDSUB/LOGIC_SPEED.OP/NORM/LZE/ZERO_DET_CC_1/CHAIN_GEN[0].C_MUX.CARRY_MUX_CARRY4_CARRY8/CO[7]
                         net (fo=67, routed)          0.169     2.388    bd_0_i/hls_inst/inst/dadd_64ns_64ns_64_4_full_dsp_1_U1/bbgemm_dadd_64ns_64ns_64_4_full_dsp_1_ip_u/inst/i_synth/ADDSUB_OP.ADDSUB/LOGIC_SPEED.OP/NORM/NORM_SHIFT/MUX_LOOP[0].DEL_SHIFT/i_pipe/opt_has_pipe.first_q_reg[55]_2[1]
    SLICE_X68Y26         LUT2 (Prop_C5LUT_SLICEL_I0_O)
                                                      0.068     2.456 r  bd_0_i/hls_inst/inst/dadd_64ns_64ns_64_4_full_dsp_1_U1/bbgemm_dadd_64ns_64ns_64_4_full_dsp_1_ip_u/inst/i_synth/ADDSUB_OP.ADDSUB/LOGIC_SPEED.OP/NORM/NORM_SHIFT/MUX_LOOP[0].DEL_SHIFT/i_pipe/opt_has_pipe.first_q[55]_i_1/O
                         net (fo=16, routed)          0.476     2.932    bd_0_i/hls_inst/inst/dadd_64ns_64ns_64_4_full_dsp_1_U1/bbgemm_dadd_64ns_64ns_64_4_full_dsp_1_ip_u/inst/i_synth/ADDSUB_OP.ADDSUB/LOGIC_SPEED.OP/NORM/NORM_SHIFT/MUX_LOOP[0].DEL_SHIFT/i_pipe/opt_has_pipe.first_q[55]_i_1_n_0
    SLICE_X65Y29         FDRE                                         r  bd_0_i/hls_inst/inst/dadd_64ns_64ns_64_4_full_dsp_1_U1/bbgemm_dadd_64ns_64ns_64_4_full_dsp_1_ip_u/inst/i_synth/ADDSUB_OP.ADDSUB/LOGIC_SPEED.OP/NORM/NORM_SHIFT/MUX_LOOP[0].DEL_SHIFT/i_pipe/opt_has_pipe.first_q_reg[45]/R
  -------------------------------------------------------------------    -------------------

                         (clock ap_clk rise edge)     0.000     0.000 r  
                                                      0.000     0.000 r  ap_clk (IN)
                         net (fo=1053, unset)         0.021     0.021    bd_0_i/hls_inst/inst/dadd_64ns_64ns_64_4_full_dsp_1_U1/bbgemm_dadd_64ns_64ns_64_4_full_dsp_1_ip_u/inst/i_synth/ADDSUB_OP.ADDSUB/LOGIC_SPEED.OP/NORM/NORM_SHIFT/MUX_LOOP[0].DEL_SHIFT/i_pipe/aclk
    SLICE_X65Y29         FDRE                                         r  bd_0_i/hls_inst/inst/dadd_64ns_64ns_64_4_full_dsp_1_U1/bbgemm_dadd_64ns_64ns_64_4_full_dsp_1_ip_u/inst/i_synth/ADDSUB_OP.ADDSUB/LOGIC_SPEED.OP/NORM/NORM_SHIFT/MUX_LOOP[0].DEL_SHIFT/i_pipe/opt_has_pipe.first_q_reg[45]/C





Min Delay Paths
--------------------------------------------------------------------------------------
Slack:                    inf
  Source:                 m2_q0[23]
                            (input port)
  Destination:            bd_0_i/hls_inst/inst/m2_load_reg_434_reg[23]/D
                            (rising edge-triggered cell FDRE clocked by ap_clk  {rise@0.000ns fall@4.000ns period=8.000ns})
  Path Group:             (none)
  Path Type:              Hold (Min at Fast Process Corner)
  Data Path Delay:        0.007ns  (logic 0.000ns (0.000%)  route 0.007ns (100.000%))
  Logic Levels:           0  
  Clock Path Skew:        0.019ns (DCD - SCD - CPR)
    Destination Clock Delay (DCD):    0.019ns
    Source Clock Delay      (SCD):    0.000ns
    Clock Pessimism Removal (CPR):    -0.000ns

    Location             Delay type                Incr(ns)  Path(ns)    Netlist Resource(s)
  -------------------------------------------------------------------    -------------------
                                                      0.000     0.000 r  m2_q0[23] (IN)
                         net (fo=0)                   0.007     0.007    bd_0_i/hls_inst/inst/m2_q0[23]
    SLICE_X71Y23         FDRE                                         r  bd_0_i/hls_inst/inst/m2_load_reg_434_reg[23]/D
  -------------------------------------------------------------------    -------------------

                         (clock ap_clk rise edge)     0.000     0.000 r  
                                                      0.000     0.000 r  ap_clk (IN)
                         net (fo=1053, unset)         0.019     0.019    bd_0_i/hls_inst/inst/ap_clk
    SLICE_X71Y23         FDRE                                         r  bd_0_i/hls_inst/inst/m2_load_reg_434_reg[23]/C

Slack:                    inf
  Source:                 m2_q0[40]
                            (input port)
  Destination:            bd_0_i/hls_inst/inst/m2_load_reg_434_reg[40]/D
                            (rising edge-triggered cell FDRE clocked by ap_clk  {rise@0.000ns fall@4.000ns period=8.000ns})
  Path Group:             (none)
  Path Type:              Hold (Min at Fast Process Corner)
  Data Path Delay:        0.007ns  (logic 0.000ns (0.000%)  route 0.007ns (100.000%))
  Logic Levels:           0  
  Clock Path Skew:        0.019ns (DCD - SCD - CPR)
    Destination Clock Delay (DCD):    0.019ns
    Source Clock Delay      (SCD):    0.000ns
    Clock Pessimism Removal (CPR):    -0.000ns

    Location             Delay type                Incr(ns)  Path(ns)    Netlist Resource(s)
  -------------------------------------------------------------------    -------------------
                                                      0.000     0.000 r  m2_q0[40] (IN)
                         net (fo=0)                   0.007     0.007    bd_0_i/hls_inst/inst/m2_q0[40]
    SLICE_X71Y22         FDRE                                         r  bd_0_i/hls_inst/inst/m2_load_reg_434_reg[40]/D
  -------------------------------------------------------------------    -------------------

                         (clock ap_clk rise edge)     0.000     0.000 r  
                                                      0.000     0.000 r  ap_clk (IN)
                         net (fo=1053, unset)         0.019     0.019    bd_0_i/hls_inst/inst/ap_clk
    SLICE_X71Y22         FDRE                                         r  bd_0_i/hls_inst/inst/m2_load_reg_434_reg[40]/C

Slack:                    inf
  Source:                 prod_q0[23]
                            (input port)
  Destination:            bd_0_i/hls_inst/inst/prod_load_reg_454_reg[23]/D
                            (rising edge-triggered cell FDRE clocked by ap_clk  {rise@0.000ns fall@4.000ns period=8.000ns})
  Path Group:             (none)
  Path Type:              Hold (Min at Fast Process Corner)
  Data Path Delay:        0.007ns  (logic 0.000ns (0.000%)  route 0.007ns (100.000%))
  Logic Levels:           0  
  Clock Path Skew:        0.018ns (DCD - SCD - CPR)
    Destination Clock Delay (DCD):    0.018ns
    Source Clock Delay      (SCD):    0.000ns
    Clock Pessimism Removal (CPR):    -0.000ns

    Location             Delay type                Incr(ns)  Path(ns)    Netlist Resource(s)
  -------------------------------------------------------------------    -------------------
                                                      0.000     0.000 r  prod_q0[23] (IN)
                         net (fo=0)                   0.007     0.007    bd_0_i/hls_inst/inst/prod_q0[23]
    SLICE_X75Y26         FDRE                                         r  bd_0_i/hls_inst/inst/prod_load_reg_454_reg[23]/D
  -------------------------------------------------------------------    -------------------

                         (clock ap_clk rise edge)     0.000     0.000 r  
                                                      0.000     0.000 r  ap_clk (IN)
                         net (fo=1053, unset)         0.018     0.018    bd_0_i/hls_inst/inst/ap_clk
    SLICE_X75Y26         FDRE                                         r  bd_0_i/hls_inst/inst/prod_load_reg_454_reg[23]/C

Slack:                    inf
  Source:                 prod_q0[41]
                            (input port)
  Destination:            bd_0_i/hls_inst/inst/prod_load_reg_454_reg[41]/D
                            (rising edge-triggered cell FDRE clocked by ap_clk  {rise@0.000ns fall@4.000ns period=8.000ns})
  Path Group:             (none)
  Path Type:              Hold (Min at Fast Process Corner)
  Data Path Delay:        0.007ns  (logic 0.000ns (0.000%)  route 0.007ns (100.000%))
  Logic Levels:           0  
  Clock Path Skew:        0.018ns (DCD - SCD - CPR)
    Destination Clock Delay (DCD):    0.018ns
    Source Clock Delay      (SCD):    0.000ns
    Clock Pessimism Removal (CPR):    -0.000ns

    Location             Delay type                Incr(ns)  Path(ns)    Netlist Resource(s)
  -------------------------------------------------------------------    -------------------
                                                      0.000     0.000 r  prod_q0[41] (IN)
                         net (fo=0)                   0.007     0.007    bd_0_i/hls_inst/inst/prod_q0[41]
    SLICE_X75Y26         FDRE                                         r  bd_0_i/hls_inst/inst/prod_load_reg_454_reg[41]/D
  -------------------------------------------------------------------    -------------------

                         (clock ap_clk rise edge)     0.000     0.000 r  
                                                      0.000     0.000 r  ap_clk (IN)
                         net (fo=1053, unset)         0.018     0.018    bd_0_i/hls_inst/inst/ap_clk
    SLICE_X75Y26         FDRE                                         r  bd_0_i/hls_inst/inst/prod_load_reg_454_reg[41]/C

Slack:                    inf
  Source:                 prod_q0[59]
                            (input port)
  Destination:            bd_0_i/hls_inst/inst/prod_load_reg_454_reg[59]/D
                            (rising edge-triggered cell FDRE clocked by ap_clk  {rise@0.000ns fall@4.000ns period=8.000ns})
  Path Group:             (none)
  Path Type:              Hold (Min at Fast Process Corner)
  Data Path Delay:        0.007ns  (logic 0.000ns (0.000%)  route 0.007ns (100.000%))
  Logic Levels:           0  
  Clock Path Skew:        0.018ns (DCD - SCD - CPR)
    Destination Clock Delay (DCD):    0.018ns
    Source Clock Delay      (SCD):    0.000ns
    Clock Pessimism Removal (CPR):    -0.000ns

    Location             Delay type                Incr(ns)  Path(ns)    Netlist Resource(s)
  -------------------------------------------------------------------    -------------------
                                                      0.000     0.000 r  prod_q0[59] (IN)
                         net (fo=0)                   0.007     0.007    bd_0_i/hls_inst/inst/prod_q0[59]
    SLICE_X73Y28         FDRE                                         r  bd_0_i/hls_inst/inst/prod_load_reg_454_reg[59]/D
  -------------------------------------------------------------------    -------------------

                         (clock ap_clk rise edge)     0.000     0.000 r  
                                                      0.000     0.000 r  ap_clk (IN)
                         net (fo=1053, unset)         0.018     0.018    bd_0_i/hls_inst/inst/ap_clk
    SLICE_X73Y28         FDRE                                         r  bd_0_i/hls_inst/inst/prod_load_reg_454_reg[59]/C

Slack:                    inf
  Source:                 prod_q0[60]
                            (input port)
  Destination:            bd_0_i/hls_inst/inst/prod_load_reg_454_reg[60]/D
                            (rising edge-triggered cell FDRE clocked by ap_clk  {rise@0.000ns fall@4.000ns period=8.000ns})
  Path Group:             (none)
  Path Type:              Hold (Min at Fast Process Corner)
  Data Path Delay:        0.007ns  (logic 0.000ns (0.000%)  route 0.007ns (100.000%))
  Logic Levels:           0  
  Clock Path Skew:        0.018ns (DCD - SCD - CPR)
    Destination Clock Delay (DCD):    0.018ns
    Source Clock Delay      (SCD):    0.000ns
    Clock Pessimism Removal (CPR):    -0.000ns

    Location             Delay type                Incr(ns)  Path(ns)    Netlist Resource(s)
  -------------------------------------------------------------------    -------------------
                                                      0.000     0.000 r  prod_q0[60] (IN)
                         net (fo=0)                   0.007     0.007    bd_0_i/hls_inst/inst/prod_q0[60]
    SLICE_X69Y30         FDRE                                         r  bd_0_i/hls_inst/inst/prod_load_reg_454_reg[60]/D
  -------------------------------------------------------------------    -------------------

                         (clock ap_clk rise edge)     0.000     0.000 r  
                                                      0.000     0.000 r  ap_clk (IN)
                         net (fo=1053, unset)         0.018     0.018    bd_0_i/hls_inst/inst/ap_clk
    SLICE_X69Y30         FDRE                                         r  bd_0_i/hls_inst/inst/prod_load_reg_454_reg[60]/C

Slack:                    inf
  Source:                 m1_q0[51]
                            (input port)
  Destination:            bd_0_i/hls_inst/inst/temp_x_reg_411_reg[51]/D
                            (rising edge-triggered cell FDRE clocked by ap_clk  {rise@0.000ns fall@4.000ns period=8.000ns})
  Path Group:             (none)
  Path Type:              Hold (Min at Fast Process Corner)
  Data Path Delay:        0.007ns  (logic 0.000ns (0.000%)  route 0.007ns (100.000%))
  Logic Levels:           0  
  Clock Path Skew:        0.019ns (DCD - SCD - CPR)
    Destination Clock Delay (DCD):    0.019ns
    Source Clock Delay      (SCD):    0.000ns
    Clock Pessimism Removal (CPR):    -0.000ns

    Location             Delay type                Incr(ns)  Path(ns)    Netlist Resource(s)
  -------------------------------------------------------------------    -------------------
                                                      0.000     0.000 r  m1_q0[51] (IN)
                         net (fo=0)                   0.007     0.007    bd_0_i/hls_inst/inst/m1_q0[51]
    SLICE_X77Y21         FDRE                                         r  bd_0_i/hls_inst/inst/temp_x_reg_411_reg[51]/D
  -------------------------------------------------------------------    -------------------

                         (clock ap_clk rise edge)     0.000     0.000 r  
                                                      0.000     0.000 r  ap_clk (IN)
                         net (fo=1053, unset)         0.019     0.019    bd_0_i/hls_inst/inst/ap_clk
    SLICE_X77Y21         FDRE                                         r  bd_0_i/hls_inst/inst/temp_x_reg_411_reg[51]/C

Slack:                    inf
  Source:                 m2_q0[19]
                            (input port)
  Destination:            bd_0_i/hls_inst/inst/m2_load_reg_434_reg[19]/D
                            (rising edge-triggered cell FDRE clocked by ap_clk  {rise@0.000ns fall@4.000ns period=8.000ns})
  Path Group:             (none)
  Path Type:              Hold (Min at Fast Process Corner)
  Data Path Delay:        0.008ns  (logic 0.000ns (0.000%)  route 0.008ns (100.000%))
  Logic Levels:           0  
  Clock Path Skew:        0.019ns (DCD - SCD - CPR)
    Destination Clock Delay (DCD):    0.019ns
    Source Clock Delay      (SCD):    0.000ns
    Clock Pessimism Removal (CPR):    -0.000ns

    Location             Delay type                Incr(ns)  Path(ns)    Netlist Resource(s)
  -------------------------------------------------------------------    -------------------
                                                      0.000     0.000 r  m2_q0[19] (IN)
                         net (fo=0)                   0.008     0.008    bd_0_i/hls_inst/inst/m2_q0[19]
    SLICE_X71Y20         FDRE                                         r  bd_0_i/hls_inst/inst/m2_load_reg_434_reg[19]/D
  -------------------------------------------------------------------    -------------------

                         (clock ap_clk rise edge)     0.000     0.000 r  
                                                      0.000     0.000 r  ap_clk (IN)
                         net (fo=1053, unset)         0.019     0.019    bd_0_i/hls_inst/inst/ap_clk
    SLICE_X71Y20         FDRE                                         r  bd_0_i/hls_inst/inst/m2_load_reg_434_reg[19]/C

Slack:                    inf
  Source:                 m2_q0[33]
                            (input port)
  Destination:            bd_0_i/hls_inst/inst/m2_load_reg_434_reg[33]/D
                            (rising edge-triggered cell FDRE clocked by ap_clk  {rise@0.000ns fall@4.000ns period=8.000ns})
  Path Group:             (none)
  Path Type:              Hold (Min at Fast Process Corner)
  Data Path Delay:        0.008ns  (logic 0.000ns (0.000%)  route 0.008ns (100.000%))
  Logic Levels:           0  
  Clock Path Skew:        0.019ns (DCD - SCD - CPR)
    Destination Clock Delay (DCD):    0.019ns
    Source Clock Delay      (SCD):    0.000ns
    Clock Pessimism Removal (CPR):    -0.000ns

    Location             Delay type                Incr(ns)  Path(ns)    Netlist Resource(s)
  -------------------------------------------------------------------    -------------------
                                                      0.000     0.000 r  m2_q0[33] (IN)
                         net (fo=0)                   0.008     0.008    bd_0_i/hls_inst/inst/m2_q0[33]
    SLICE_X71Y20         FDRE                                         r  bd_0_i/hls_inst/inst/m2_load_reg_434_reg[33]/D
  -------------------------------------------------------------------    -------------------

                         (clock ap_clk rise edge)     0.000     0.000 r  
                                                      0.000     0.000 r  ap_clk (IN)
                         net (fo=1053, unset)         0.019     0.019    bd_0_i/hls_inst/inst/ap_clk
    SLICE_X71Y20         FDRE                                         r  bd_0_i/hls_inst/inst/m2_load_reg_434_reg[33]/C

Slack:                    inf
  Source:                 m2_q0[36]
                            (input port)
  Destination:            bd_0_i/hls_inst/inst/m2_load_reg_434_reg[36]/D
                            (rising edge-triggered cell FDRE clocked by ap_clk  {rise@0.000ns fall@4.000ns period=8.000ns})
  Path Group:             (none)
  Path Type:              Hold (Min at Fast Process Corner)
  Data Path Delay:        0.008ns  (logic 0.000ns (0.000%)  route 0.008ns (100.000%))
  Logic Levels:           0  
  Clock Path Skew:        0.019ns (DCD - SCD - CPR)
    Destination Clock Delay (DCD):    0.019ns
    Source Clock Delay      (SCD):    0.000ns
    Clock Pessimism Removal (CPR):    -0.000ns

    Location             Delay type                Incr(ns)  Path(ns)    Netlist Resource(s)
  -------------------------------------------------------------------    -------------------
                                                      0.000     0.000 r  m2_q0[36] (IN)
                         net (fo=0)                   0.008     0.008    bd_0_i/hls_inst/inst/m2_q0[36]
    SLICE_X70Y21         FDRE                                         r  bd_0_i/hls_inst/inst/m2_load_reg_434_reg[36]/D
  -------------------------------------------------------------------    -------------------

                         (clock ap_clk rise edge)     0.000     0.000 r  
                                                      0.000     0.000 r  ap_clk (IN)
                         net (fo=1053, unset)         0.019     0.019    bd_0_i/hls_inst/inst/ap_clk
    SLICE_X70Y21         FDRE                                         r  bd_0_i/hls_inst/inst/m2_load_reg_434_reg[36]/C





