Copyright 1986-2022 Xilinx, Inc. All Rights Reserved. Copyright 2022-2023 Advanced Micro Devices, Inc. All Rights Reserved.
--------------------------------------------------------------------------------------------------------------------------------------------------------------------------------------------------------------------------------------
| Tool Version      : Vivado v.2023.2 (lin64) Build 4029153 Fri Oct 13 20:13:54 MDT 2023
| Date              : Sun Sep 14 01:48:01 2025
| Host              : gabriel-Inspiron-15-3511 running 64-bit Ubuntu 22.04.5 LTS
| Command           : report_timing_summary -max_paths 10 -report_unconstrained -file bd_0_wrapper_timing_summary_routed.rpt -pb bd_0_wrapper_timing_summary_routed.pb -rpx bd_0_wrapper_timing_summary_routed.rpx -warn_on_violation
| Design            : bd_0_wrapper
| Device            : xcu50-fsvh2104
| Speed File        : -2  PRODUCTION 1.30 05-01-2022
| Design State      : Routed
| Temperature Grade : E
--------------------------------------------------------------------------------------------------------------------------------------------------------------------------------------------------------------------------------------

Timing Summary Report

------------------------------------------------------------------------------------------------
| Timer Settings
| --------------
------------------------------------------------------------------------------------------------

  Enable Multi Corner Analysis               :  Yes
  Enable Pessimism Removal                   :  Yes
  Pessimism Removal Resolution               :  Nearest Common Node
  Enable Input Delay Default Clock           :  No
  Enable Preset / Clear Arcs                 :  No
  Disable Flight Delays                      :  No
  Ignore I/O Paths                           :  No
  Timing Early Launch at Borrowing Latches   :  No
  Borrow Time for Max Delay Exceptions       :  Yes
  Merge Timing Exceptions                    :  Yes
  Inter-SLR Compensation                     :  Conservative

  Corner  Analyze    Analyze    
  Name    Max Paths  Min Paths  
  ------  ---------  ---------  
  Slow    Yes        Yes        
  Fast    Yes        Yes        


------------------------------------------------------------------------------------------------
| Report Methodology
| ------------------
------------------------------------------------------------------------------------------------

Rule       Severity  Description                    Violations  
---------  --------  -----------------------------  ----------  
TIMING-18  Warning   Missing input or output delay  459         

Note: This report is based on the most recent report_methodology run and may not be up-to-date. Run report_methodology on the current design for the latest report.



check_timing report

Table of Contents
-----------------
1. checking no_clock (0)
2. checking constant_clock (0)
3. checking pulse_width_clock (0)
4. checking unconstrained_internal_endpoints (0)
5. checking no_input_delay (194)
6. checking no_output_delay (265)
7. checking multiple_clock (0)
8. checking generated_clocks (0)
9. checking loops (0)
10. checking partial_input_delay (0)
11. checking partial_output_delay (0)
12. checking latch_loops (0)

1. checking no_clock (0)
------------------------
 There are 0 register/latch pins with no clock.


2. checking constant_clock (0)
------------------------------
 There are 0 register/latch pins with constant_clock.


3. checking pulse_width_clock (0)
---------------------------------
 There are 0 register/latch pins which need pulse_width check


4. checking unconstrained_internal_endpoints (0)
------------------------------------------------
 There are 0 pins that are not constrained for maximum delay.

 There are 0 pins that are not constrained for maximum delay due to constant clock.


5. checking no_input_delay (194)
--------------------------------
 There are 194 input ports with no input delay specified. (HIGH)

 There are 0 input ports with no input delay but user has a false path constraint.


6. checking no_output_delay (265)
---------------------------------
 There are 265 ports with no output delay specified. (HIGH)

 There are 0 ports with no output delay but user has a false path constraint

 There are 0 ports with no output delay but with a timing clock defined on it or propagating through it


7. checking multiple_clock (0)
------------------------------
 There are 0 register/latch pins with multiple clocks.


8. checking generated_clocks (0)
--------------------------------
 There are 0 generated clocks that are not connected to a clock source.


9. checking loops (0)
---------------------
 There are 0 combinational loops in the design.


10. checking partial_input_delay (0)
------------------------------------
 There are 0 input ports with partial input delay specified.


11. checking partial_output_delay (0)
-------------------------------------
 There are 0 ports with partial output delay specified.


12. checking latch_loops (0)
----------------------------
 There are 0 combinational latch loops in the design through latch input



------------------------------------------------------------------------------------------------
| Design Timing Summary
| ---------------------
------------------------------------------------------------------------------------------------

    WNS(ns)      TNS(ns)  TNS Failing Endpoints  TNS Total Endpoints      WHS(ns)      THS(ns)  THS Failing Endpoints  THS Total Endpoints     WPWS(ns)     TPWS(ns)  TPWS Failing Endpoints  TPWS Total Endpoints  
    -------      -------  ---------------------  -------------------      -------      -------  ---------------------  -------------------     --------     --------  ----------------------  --------------------  
      1.584        0.000                      0                 6153        0.029        0.000                      0                 6153        3.468        0.000                       0                  4136  


All user specified timing constraints are met.


------------------------------------------------------------------------------------------------
| Clock Summary
| -------------
------------------------------------------------------------------------------------------------

Clock   Waveform(ns)         Period(ns)      Frequency(MHz)
-----   ------------         ----------      --------------
ap_clk  {0.000 4.000}        8.000           125.000         


------------------------------------------------------------------------------------------------
| Intra Clock Table
| -----------------
------------------------------------------------------------------------------------------------

Clock             WNS(ns)      TNS(ns)  TNS Failing Endpoints  TNS Total Endpoints      WHS(ns)      THS(ns)  THS Failing Endpoints  THS Total Endpoints     WPWS(ns)     TPWS(ns)  TPWS Failing Endpoints  TPWS Total Endpoints  
-----             -------      -------  ---------------------  -------------------      -------      -------  ---------------------  -------------------     --------     --------  ----------------------  --------------------  
ap_clk              1.584        0.000                      0                 6153        0.029        0.000                      0                 6153        3.468        0.000                       0                  4136  


------------------------------------------------------------------------------------------------
| Inter Clock Table
| -----------------
------------------------------------------------------------------------------------------------

From Clock    To Clock          WNS(ns)      TNS(ns)  TNS Failing Endpoints  TNS Total Endpoints      WHS(ns)      THS(ns)  THS Failing Endpoints  THS Total Endpoints  
----------    --------          -------      -------  ---------------------  -------------------      -------      -------  ---------------------  -------------------  


------------------------------------------------------------------------------------------------
| Other Path Groups Table
| -----------------------
------------------------------------------------------------------------------------------------

Path Group    From Clock    To Clock          WNS(ns)      TNS(ns)  TNS Failing Endpoints  TNS Total Endpoints      WHS(ns)      THS(ns)  THS Failing Endpoints  THS Total Endpoints  
----------    ----------    --------          -------      -------  ---------------------  -------------------      -------      -------  ---------------------  -------------------  


------------------------------------------------------------------------------------------------
| User Ignored Path Table
| -----------------------
------------------------------------------------------------------------------------------------

Path Group    From Clock    To Clock    
----------    ----------    --------    


------------------------------------------------------------------------------------------------
| Unconstrained Path Table
| ------------------------
------------------------------------------------------------------------------------------------

Path Group    From Clock    To Clock    
----------    ----------    --------    
(none)                                    
(none)        ap_clk                      
(none)                      ap_clk        


------------------------------------------------------------------------------------------------
| Timing Details
| --------------
------------------------------------------------------------------------------------------------


---------------------------------------------------------------------------------------------------
From Clock:  ap_clk
  To Clock:  ap_clk

Setup :            0  Failing Endpoints,  Worst Slack        1.584ns,  Total Violation        0.000ns
Hold  :            0  Failing Endpoints,  Worst Slack        0.029ns,  Total Violation        0.000ns
PW    :            0  Failing Endpoints,  Worst Slack        3.468ns,  Total Violation        0.000ns
---------------------------------------------------------------------------------------------------


Max Delay Paths
--------------------------------------------------------------------------------------
Slack (MET) :             1.584ns  (required time - arrival time)
  Source:                 bd_0_i/hls_inst/inst/ddiv_64ns_64ns_64_14_no_dsp_1_U7/md_kernel_ddiv_64ns_64ns_64_14_no_dsp_1_ip_u/inst/i_synth/DIV_OP.SPD.OP/MANT_DIV/RT[34].ADDSUB/ADDSUB/Q_DEL/i_pipe/opt_has_pipe.first_q_reg[53]/C
                            (rising edge-triggered cell FDRE clocked by ap_clk  {rise@0.000ns fall@4.000ns period=8.000ns})
  Destination:            bd_0_i/hls_inst/inst/ddiv_64ns_64ns_64_14_no_dsp_1_U7/md_kernel_ddiv_64ns_64ns_64_14_no_dsp_1_ip_u/inst/i_synth/DIV_OP.SPD.OP/MANT_DIV/RT[39].ADDSUB/ADDSUB/Q_DEL/i_pipe/opt_has_pipe.first_q_reg[53]/D
                            (rising edge-triggered cell FDRE clocked by ap_clk  {rise@0.000ns fall@4.000ns period=8.000ns})
  Path Group:             ap_clk
  Path Type:              Setup (Max at Slow Process Corner)
  Requirement:            8.000ns  (ap_clk rise@8.000ns - ap_clk rise@0.000ns)
  Data Path Delay:        6.397ns  (logic 2.535ns (39.628%)  route 3.862ns (60.372%))
  Logic Levels:           40  (CARRY8=35 LUT2=2 LUT3=3)
  Clock Path Skew:        -0.009ns (DCD - SCD + CPR)
    Destination Clock Delay (DCD):    0.021ns = ( 8.021 - 8.000 ) 
    Source Clock Delay      (SCD):    0.030ns
    Clock Pessimism Removal (CPR):    0.000ns
  Clock Uncertainty:      0.035ns  ((TSJ^2 + TIJ^2)^1/2 + DJ) / 2 + PE
    Total System Jitter     (TSJ):    0.071ns
    Total Input Jitter      (TIJ):    0.000ns
    Discrete Jitter          (DJ):    0.000ns
    Phase Error              (PE):    0.000ns

    Location             Delay type                Incr(ns)  Path(ns)    Netlist Resource(s)
  -------------------------------------------------------------------    -------------------
                         (clock ap_clk rise edge)     0.000     0.000 r  
                                                      0.000     0.000 r  ap_clk (IN)
                         net (fo=4330, unset)         0.030     0.030    bd_0_i/hls_inst/inst/ddiv_64ns_64ns_64_14_no_dsp_1_U7/md_kernel_ddiv_64ns_64ns_64_14_no_dsp_1_ip_u/inst/i_synth/DIV_OP.SPD.OP/MANT_DIV/RT[34].ADDSUB/ADDSUB/Q_DEL/i_pipe/aclk
    SLICE_X41Y90         FDRE                                         r  bd_0_i/hls_inst/inst/ddiv_64ns_64ns_64_14_no_dsp_1_U7/md_kernel_ddiv_64ns_64ns_64_14_no_dsp_1_ip_u/inst/i_synth/DIV_OP.SPD.OP/MANT_DIV/RT[34].ADDSUB/ADDSUB/Q_DEL/i_pipe/opt_has_pipe.first_q_reg[53]/C
  -------------------------------------------------------------------    -------------------
    SLICE_X41Y90         FDRE (Prop_FFF_SLICEM_C_Q)
                                                      0.076     0.106 r  bd_0_i/hls_inst/inst/ddiv_64ns_64ns_64_14_no_dsp_1_U7/md_kernel_ddiv_64ns_64ns_64_14_no_dsp_1_ip_u/inst/i_synth/DIV_OP.SPD.OP/MANT_DIV/RT[34].ADDSUB/ADDSUB/Q_DEL/i_pipe/opt_has_pipe.first_q_reg[53]/Q
                         net (fo=56, routed)          0.842     0.948    bd_0_i/hls_inst/inst/ddiv_64ns_64ns_64_14_no_dsp_1_U7/md_kernel_ddiv_64ns_64ns_64_14_no_dsp_1_ip_u/inst/i_synth/DIV_OP.SPD.OP/MANT_DIV/RT[34].ADDSUB/ADDSUB/Q_DEL/i_pipe/opt_has_pipe.first_q[53]
    SLICE_X38Y82         LUT3 (Prop_B6LUT_SLICEL_I0_O)
                                                      0.124     1.072 r  bd_0_i/hls_inst/inst/ddiv_64ns_64ns_64_14_no_dsp_1_U7/md_kernel_ddiv_64ns_64ns_64_14_no_dsp_1_ip_u/inst/i_synth/DIV_OP.SPD.OP/MANT_DIV/RT[34].ADDSUB/ADDSUB/Q_DEL/i_pipe/CHAIN_GEN[1].C_MUX.CARRY_MUX_i_1__34/O
                         net (fo=1, routed)           0.009     1.081    bd_0_i/hls_inst/inst/ddiv_64ns_64ns_64_14_no_dsp_1_U7/md_kernel_ddiv_64ns_64ns_64_14_no_dsp_1_ip_u/inst/i_synth/DIV_OP.SPD.OP/MANT_DIV/RT[35].ADDSUB/ADDSUB/CHAIN_GEN[53].Q_XOR.SUM_XOR_0[1]
    SLICE_X38Y82         CARRY8 (Prop_CARRY8_SLICEL_S[1]_CO[7])
                                                      0.186     1.267 r  bd_0_i/hls_inst/inst/ddiv_64ns_64ns_64_14_no_dsp_1_U7/md_kernel_ddiv_64ns_64ns_64_14_no_dsp_1_ip_u/inst/i_synth/DIV_OP.SPD.OP/MANT_DIV/RT[35].ADDSUB/ADDSUB/CHAIN_GEN[0].C_MUX.CARRY_MUX_CARRY4_CARRY8/CO[7]
                         net (fo=1, routed)           0.026     1.293    bd_0_i/hls_inst/inst/ddiv_64ns_64ns_64_14_no_dsp_1_U7/md_kernel_ddiv_64ns_64ns_64_14_no_dsp_1_ip_u/inst/i_synth/DIV_OP.SPD.OP/MANT_DIV/RT[35].ADDSUB/ADDSUB/CHAIN_GEN[7].C_MUX.CARRY_MUX_n_0
    SLICE_X38Y83         CARRY8 (Prop_CARRY8_SLICEL_CI_CO[7])
                                                      0.015     1.308 r  bd_0_i/hls_inst/inst/ddiv_64ns_64ns_64_14_no_dsp_1_U7/md_kernel_ddiv_64ns_64ns_64_14_no_dsp_1_ip_u/inst/i_synth/DIV_OP.SPD.OP/MANT_DIV/RT[35].ADDSUB/ADDSUB/CHAIN_GEN[8].C_MUX.CARRY_MUX_CARRY4_CARRY8/CO[7]
                         net (fo=1, routed)           0.026     1.334    bd_0_i/hls_inst/inst/ddiv_64ns_64ns_64_14_no_dsp_1_U7/md_kernel_ddiv_64ns_64ns_64_14_no_dsp_1_ip_u/inst/i_synth/DIV_OP.SPD.OP/MANT_DIV/RT[35].ADDSUB/ADDSUB/CHAIN_GEN[15].C_MUX.CARRY_MUX_n_0
    SLICE_X38Y84         CARRY8 (Prop_CARRY8_SLICEL_CI_CO[7])
                                                      0.015     1.349 r  bd_0_i/hls_inst/inst/ddiv_64ns_64ns_64_14_no_dsp_1_U7/md_kernel_ddiv_64ns_64ns_64_14_no_dsp_1_ip_u/inst/i_synth/DIV_OP.SPD.OP/MANT_DIV/RT[35].ADDSUB/ADDSUB/CHAIN_GEN[16].C_MUX.CARRY_MUX_CARRY4_CARRY8/CO[7]
                         net (fo=1, routed)           0.026     1.375    bd_0_i/hls_inst/inst/ddiv_64ns_64ns_64_14_no_dsp_1_U7/md_kernel_ddiv_64ns_64ns_64_14_no_dsp_1_ip_u/inst/i_synth/DIV_OP.SPD.OP/MANT_DIV/RT[35].ADDSUB/ADDSUB/CHAIN_GEN[23].C_MUX.CARRY_MUX_n_0
    SLICE_X38Y85         CARRY8 (Prop_CARRY8_SLICEL_CI_CO[7])
                                                      0.015     1.390 r  bd_0_i/hls_inst/inst/ddiv_64ns_64ns_64_14_no_dsp_1_U7/md_kernel_ddiv_64ns_64ns_64_14_no_dsp_1_ip_u/inst/i_synth/DIV_OP.SPD.OP/MANT_DIV/RT[35].ADDSUB/ADDSUB/CHAIN_GEN[24].C_MUX.CARRY_MUX_CARRY4_CARRY8/CO[7]
                         net (fo=1, routed)           0.026     1.416    bd_0_i/hls_inst/inst/ddiv_64ns_64ns_64_14_no_dsp_1_U7/md_kernel_ddiv_64ns_64ns_64_14_no_dsp_1_ip_u/inst/i_synth/DIV_OP.SPD.OP/MANT_DIV/RT[35].ADDSUB/ADDSUB/CHAIN_GEN[31].C_MUX.CARRY_MUX_n_0
    SLICE_X38Y86         CARRY8 (Prop_CARRY8_SLICEL_CI_CO[7])
                                                      0.015     1.431 r  bd_0_i/hls_inst/inst/ddiv_64ns_64ns_64_14_no_dsp_1_U7/md_kernel_ddiv_64ns_64ns_64_14_no_dsp_1_ip_u/inst/i_synth/DIV_OP.SPD.OP/MANT_DIV/RT[35].ADDSUB/ADDSUB/CHAIN_GEN[32].C_MUX.CARRY_MUX_CARRY4_CARRY8/CO[7]
                         net (fo=1, routed)           0.026     1.457    bd_0_i/hls_inst/inst/ddiv_64ns_64ns_64_14_no_dsp_1_U7/md_kernel_ddiv_64ns_64ns_64_14_no_dsp_1_ip_u/inst/i_synth/DIV_OP.SPD.OP/MANT_DIV/RT[35].ADDSUB/ADDSUB/CHAIN_GEN[39].C_MUX.CARRY_MUX_n_0
    SLICE_X38Y87         CARRY8 (Prop_CARRY8_SLICEL_CI_CO[7])
                                                      0.015     1.472 r  bd_0_i/hls_inst/inst/ddiv_64ns_64ns_64_14_no_dsp_1_U7/md_kernel_ddiv_64ns_64ns_64_14_no_dsp_1_ip_u/inst/i_synth/DIV_OP.SPD.OP/MANT_DIV/RT[35].ADDSUB/ADDSUB/CHAIN_GEN[40].C_MUX.CARRY_MUX_CARRY4_CARRY8/CO[7]
                         net (fo=1, routed)           0.026     1.498    bd_0_i/hls_inst/inst/ddiv_64ns_64ns_64_14_no_dsp_1_U7/md_kernel_ddiv_64ns_64ns_64_14_no_dsp_1_ip_u/inst/i_synth/DIV_OP.SPD.OP/MANT_DIV/RT[35].ADDSUB/ADDSUB/CHAIN_GEN[47].C_MUX.CARRY_MUX_n_0
    SLICE_X38Y88         CARRY8 (Prop_CARRY8_SLICEL_CI_O[5])
                                                      0.116     1.614 r  bd_0_i/hls_inst/inst/ddiv_64ns_64ns_64_14_no_dsp_1_U7/md_kernel_ddiv_64ns_64ns_64_14_no_dsp_1_ip_u/inst/i_synth/DIV_OP.SPD.OP/MANT_DIV/RT[35].ADDSUB/ADDSUB/CHAIN_GEN[48].C_MUX.CARRY_MUX_CARRY4_CARRY8/O[5]
                         net (fo=56, routed)          0.772     2.387    bd_0_i/hls_inst/inst/ddiv_64ns_64ns_64_14_no_dsp_1_U7/md_kernel_ddiv_64ns_64ns_64_14_no_dsp_1_ip_u/inst/i_synth/DIV_OP.SPD.OP/MANT_DIV/RT[35].ADDSUB/ADDSUB/Q[52]
    SLICE_X42Y82         LUT2 (Prop_A6LUT_SLICEM_I0_O)
                                                      0.150     2.537 r  bd_0_i/hls_inst/inst/ddiv_64ns_64ns_64_14_no_dsp_1_U7/md_kernel_ddiv_64ns_64ns_64_14_no_dsp_1_ip_u/inst/i_synth/DIV_OP.SPD.OP/MANT_DIV/RT[35].ADDSUB/ADDSUB/CHAIN_GEN[0].C_MUX.CARRY_MUX_i_1__35/O
                         net (fo=1, routed)           0.013     2.550    bd_0_i/hls_inst/inst/ddiv_64ns_64ns_64_14_no_dsp_1_U7/md_kernel_ddiv_64ns_64ns_64_14_no_dsp_1_ip_u/inst/i_synth/DIV_OP.SPD.OP/MANT_DIV/RT[36].ADDSUB/ADDSUB/CHAIN_GEN[53].Q_XOR.SUM_XOR_0[0]
    SLICE_X42Y82         CARRY8 (Prop_CARRY8_SLICEM_S[0]_CO[7])
                                                      0.192     2.742 r  bd_0_i/hls_inst/inst/ddiv_64ns_64ns_64_14_no_dsp_1_U7/md_kernel_ddiv_64ns_64ns_64_14_no_dsp_1_ip_u/inst/i_synth/DIV_OP.SPD.OP/MANT_DIV/RT[36].ADDSUB/ADDSUB/CHAIN_GEN[0].C_MUX.CARRY_MUX_CARRY4_CARRY8/CO[7]
                         net (fo=1, routed)           0.026     2.768    bd_0_i/hls_inst/inst/ddiv_64ns_64ns_64_14_no_dsp_1_U7/md_kernel_ddiv_64ns_64ns_64_14_no_dsp_1_ip_u/inst/i_synth/DIV_OP.SPD.OP/MANT_DIV/RT[36].ADDSUB/ADDSUB/CHAIN_GEN[7].C_MUX.CARRY_MUX_n_0
    SLICE_X42Y83         CARRY8 (Prop_CARRY8_SLICEM_CI_CO[7])
                                                      0.015     2.783 r  bd_0_i/hls_inst/inst/ddiv_64ns_64ns_64_14_no_dsp_1_U7/md_kernel_ddiv_64ns_64ns_64_14_no_dsp_1_ip_u/inst/i_synth/DIV_OP.SPD.OP/MANT_DIV/RT[36].ADDSUB/ADDSUB/CHAIN_GEN[8].C_MUX.CARRY_MUX_CARRY4_CARRY8/CO[7]
                         net (fo=1, routed)           0.026     2.809    bd_0_i/hls_inst/inst/ddiv_64ns_64ns_64_14_no_dsp_1_U7/md_kernel_ddiv_64ns_64ns_64_14_no_dsp_1_ip_u/inst/i_synth/DIV_OP.SPD.OP/MANT_DIV/RT[36].ADDSUB/ADDSUB/CHAIN_GEN[15].C_MUX.CARRY_MUX_n_0
    SLICE_X42Y84         CARRY8 (Prop_CARRY8_SLICEM_CI_CO[7])
                                                      0.015     2.824 r  bd_0_i/hls_inst/inst/ddiv_64ns_64ns_64_14_no_dsp_1_U7/md_kernel_ddiv_64ns_64ns_64_14_no_dsp_1_ip_u/inst/i_synth/DIV_OP.SPD.OP/MANT_DIV/RT[36].ADDSUB/ADDSUB/CHAIN_GEN[16].C_MUX.CARRY_MUX_CARRY4_CARRY8/CO[7]
                         net (fo=1, routed)           0.026     2.850    bd_0_i/hls_inst/inst/ddiv_64ns_64ns_64_14_no_dsp_1_U7/md_kernel_ddiv_64ns_64ns_64_14_no_dsp_1_ip_u/inst/i_synth/DIV_OP.SPD.OP/MANT_DIV/RT[36].ADDSUB/ADDSUB/CHAIN_GEN[23].C_MUX.CARRY_MUX_n_0
    SLICE_X42Y85         CARRY8 (Prop_CARRY8_SLICEM_CI_CO[7])
                                                      0.015     2.865 r  bd_0_i/hls_inst/inst/ddiv_64ns_64ns_64_14_no_dsp_1_U7/md_kernel_ddiv_64ns_64ns_64_14_no_dsp_1_ip_u/inst/i_synth/DIV_OP.SPD.OP/MANT_DIV/RT[36].ADDSUB/ADDSUB/CHAIN_GEN[24].C_MUX.CARRY_MUX_CARRY4_CARRY8/CO[7]
                         net (fo=1, routed)           0.026     2.891    bd_0_i/hls_inst/inst/ddiv_64ns_64ns_64_14_no_dsp_1_U7/md_kernel_ddiv_64ns_64ns_64_14_no_dsp_1_ip_u/inst/i_synth/DIV_OP.SPD.OP/MANT_DIV/RT[36].ADDSUB/ADDSUB/CHAIN_GEN[31].C_MUX.CARRY_MUX_n_0
    SLICE_X42Y86         CARRY8 (Prop_CARRY8_SLICEM_CI_CO[7])
                                                      0.015     2.906 r  bd_0_i/hls_inst/inst/ddiv_64ns_64ns_64_14_no_dsp_1_U7/md_kernel_ddiv_64ns_64ns_64_14_no_dsp_1_ip_u/inst/i_synth/DIV_OP.SPD.OP/MANT_DIV/RT[36].ADDSUB/ADDSUB/CHAIN_GEN[32].C_MUX.CARRY_MUX_CARRY4_CARRY8/CO[7]
                         net (fo=1, routed)           0.026     2.932    bd_0_i/hls_inst/inst/ddiv_64ns_64ns_64_14_no_dsp_1_U7/md_kernel_ddiv_64ns_64ns_64_14_no_dsp_1_ip_u/inst/i_synth/DIV_OP.SPD.OP/MANT_DIV/RT[36].ADDSUB/ADDSUB/CHAIN_GEN[39].C_MUX.CARRY_MUX_n_0
    SLICE_X42Y87         CARRY8 (Prop_CARRY8_SLICEM_CI_CO[7])
                                                      0.015     2.947 r  bd_0_i/hls_inst/inst/ddiv_64ns_64ns_64_14_no_dsp_1_U7/md_kernel_ddiv_64ns_64ns_64_14_no_dsp_1_ip_u/inst/i_synth/DIV_OP.SPD.OP/MANT_DIV/RT[36].ADDSUB/ADDSUB/CHAIN_GEN[40].C_MUX.CARRY_MUX_CARRY4_CARRY8/CO[7]
                         net (fo=1, routed)           0.026     2.973    bd_0_i/hls_inst/inst/ddiv_64ns_64ns_64_14_no_dsp_1_U7/md_kernel_ddiv_64ns_64ns_64_14_no_dsp_1_ip_u/inst/i_synth/DIV_OP.SPD.OP/MANT_DIV/RT[36].ADDSUB/ADDSUB/CHAIN_GEN[47].C_MUX.CARRY_MUX_n_0
    SLICE_X42Y88         CARRY8 (Prop_CARRY8_SLICEM_CI_O[5])
                                                      0.116     3.089 r  bd_0_i/hls_inst/inst/ddiv_64ns_64ns_64_14_no_dsp_1_U7/md_kernel_ddiv_64ns_64ns_64_14_no_dsp_1_ip_u/inst/i_synth/DIV_OP.SPD.OP/MANT_DIV/RT[36].ADDSUB/ADDSUB/CHAIN_GEN[48].C_MUX.CARRY_MUX_CARRY4_CARRY8/O[5]
                         net (fo=56, routed)          0.371     3.460    bd_0_i/hls_inst/inst/ddiv_64ns_64ns_64_14_no_dsp_1_U7/md_kernel_ddiv_64ns_64ns_64_14_no_dsp_1_ip_u/inst/i_synth/DIV_OP.SPD.OP/MANT_DIV/RT[36].ADDSUB/ADDSUB/Q[52]
    SLICE_X43Y82         LUT2 (Prop_A6LUT_SLICEL_I0_O)
                                                      0.090     3.550 r  bd_0_i/hls_inst/inst/ddiv_64ns_64ns_64_14_no_dsp_1_U7/md_kernel_ddiv_64ns_64ns_64_14_no_dsp_1_ip_u/inst/i_synth/DIV_OP.SPD.OP/MANT_DIV/RT[36].ADDSUB/ADDSUB/CHAIN_GEN[0].C_MUX.CARRY_MUX_i_1__36/O
                         net (fo=1, routed)           0.009     3.559    bd_0_i/hls_inst/inst/ddiv_64ns_64ns_64_14_no_dsp_1_U7/md_kernel_ddiv_64ns_64ns_64_14_no_dsp_1_ip_u/inst/i_synth/DIV_OP.SPD.OP/MANT_DIV/RT[37].ADDSUB/ADDSUB/CHAIN_GEN[53].Q_XOR.SUM_XOR_0[0]
    SLICE_X43Y82         CARRY8 (Prop_CARRY8_SLICEL_S[0]_CO[7])
                                                      0.190     3.749 r  bd_0_i/hls_inst/inst/ddiv_64ns_64ns_64_14_no_dsp_1_U7/md_kernel_ddiv_64ns_64ns_64_14_no_dsp_1_ip_u/inst/i_synth/DIV_OP.SPD.OP/MANT_DIV/RT[37].ADDSUB/ADDSUB/CHAIN_GEN[0].C_MUX.CARRY_MUX_CARRY4_CARRY8/CO[7]
                         net (fo=1, routed)           0.026     3.775    bd_0_i/hls_inst/inst/ddiv_64ns_64ns_64_14_no_dsp_1_U7/md_kernel_ddiv_64ns_64ns_64_14_no_dsp_1_ip_u/inst/i_synth/DIV_OP.SPD.OP/MANT_DIV/RT[37].ADDSUB/ADDSUB/CHAIN_GEN[7].C_MUX.CARRY_MUX_n_0
    SLICE_X43Y83         CARRY8 (Prop_CARRY8_SLICEL_CI_CO[7])
                                                      0.015     3.790 r  bd_0_i/hls_inst/inst/ddiv_64ns_64ns_64_14_no_dsp_1_U7/md_kernel_ddiv_64ns_64ns_64_14_no_dsp_1_ip_u/inst/i_synth/DIV_OP.SPD.OP/MANT_DIV/RT[37].ADDSUB/ADDSUB/CHAIN_GEN[8].C_MUX.CARRY_MUX_CARRY4_CARRY8/CO[7]
                         net (fo=1, routed)           0.026     3.816    bd_0_i/hls_inst/inst/ddiv_64ns_64ns_64_14_no_dsp_1_U7/md_kernel_ddiv_64ns_64ns_64_14_no_dsp_1_ip_u/inst/i_synth/DIV_OP.SPD.OP/MANT_DIV/RT[37].ADDSUB/ADDSUB/CHAIN_GEN[15].C_MUX.CARRY_MUX_n_0
    SLICE_X43Y84         CARRY8 (Prop_CARRY8_SLICEL_CI_CO[7])
                                                      0.015     3.831 r  bd_0_i/hls_inst/inst/ddiv_64ns_64ns_64_14_no_dsp_1_U7/md_kernel_ddiv_64ns_64ns_64_14_no_dsp_1_ip_u/inst/i_synth/DIV_OP.SPD.OP/MANT_DIV/RT[37].ADDSUB/ADDSUB/CHAIN_GEN[16].C_MUX.CARRY_MUX_CARRY4_CARRY8/CO[7]
                         net (fo=1, routed)           0.026     3.857    bd_0_i/hls_inst/inst/ddiv_64ns_64ns_64_14_no_dsp_1_U7/md_kernel_ddiv_64ns_64ns_64_14_no_dsp_1_ip_u/inst/i_synth/DIV_OP.SPD.OP/MANT_DIV/RT[37].ADDSUB/ADDSUB/CHAIN_GEN[23].C_MUX.CARRY_MUX_n_0
    SLICE_X43Y85         CARRY8 (Prop_CARRY8_SLICEL_CI_CO[7])
                                                      0.015     3.872 r  bd_0_i/hls_inst/inst/ddiv_64ns_64ns_64_14_no_dsp_1_U7/md_kernel_ddiv_64ns_64ns_64_14_no_dsp_1_ip_u/inst/i_synth/DIV_OP.SPD.OP/MANT_DIV/RT[37].ADDSUB/ADDSUB/CHAIN_GEN[24].C_MUX.CARRY_MUX_CARRY4_CARRY8/CO[7]
                         net (fo=1, routed)           0.026     3.898    bd_0_i/hls_inst/inst/ddiv_64ns_64ns_64_14_no_dsp_1_U7/md_kernel_ddiv_64ns_64ns_64_14_no_dsp_1_ip_u/inst/i_synth/DIV_OP.SPD.OP/MANT_DIV/RT[37].ADDSUB/ADDSUB/CHAIN_GEN[31].C_MUX.CARRY_MUX_n_0
    SLICE_X43Y86         CARRY8 (Prop_CARRY8_SLICEL_CI_CO[7])
                                                      0.015     3.913 r  bd_0_i/hls_inst/inst/ddiv_64ns_64ns_64_14_no_dsp_1_U7/md_kernel_ddiv_64ns_64ns_64_14_no_dsp_1_ip_u/inst/i_synth/DIV_OP.SPD.OP/MANT_DIV/RT[37].ADDSUB/ADDSUB/CHAIN_GEN[32].C_MUX.CARRY_MUX_CARRY4_CARRY8/CO[7]
                         net (fo=1, routed)           0.026     3.939    bd_0_i/hls_inst/inst/ddiv_64ns_64ns_64_14_no_dsp_1_U7/md_kernel_ddiv_64ns_64ns_64_14_no_dsp_1_ip_u/inst/i_synth/DIV_OP.SPD.OP/MANT_DIV/RT[37].ADDSUB/ADDSUB/CHAIN_GEN[39].C_MUX.CARRY_MUX_n_0
    SLICE_X43Y87         CARRY8 (Prop_CARRY8_SLICEL_CI_CO[7])
                                                      0.015     3.954 r  bd_0_i/hls_inst/inst/ddiv_64ns_64ns_64_14_no_dsp_1_U7/md_kernel_ddiv_64ns_64ns_64_14_no_dsp_1_ip_u/inst/i_synth/DIV_OP.SPD.OP/MANT_DIV/RT[37].ADDSUB/ADDSUB/CHAIN_GEN[40].C_MUX.CARRY_MUX_CARRY4_CARRY8/CO[7]
                         net (fo=1, routed)           0.026     3.980    bd_0_i/hls_inst/inst/ddiv_64ns_64ns_64_14_no_dsp_1_U7/md_kernel_ddiv_64ns_64ns_64_14_no_dsp_1_ip_u/inst/i_synth/DIV_OP.SPD.OP/MANT_DIV/RT[37].ADDSUB/ADDSUB/CHAIN_GEN[47].C_MUX.CARRY_MUX_n_0
    SLICE_X43Y88         CARRY8 (Prop_CARRY8_SLICEL_CI_O[5])
                                                      0.116     4.096 r  bd_0_i/hls_inst/inst/ddiv_64ns_64ns_64_14_no_dsp_1_U7/md_kernel_ddiv_64ns_64ns_64_14_no_dsp_1_ip_u/inst/i_synth/DIV_OP.SPD.OP/MANT_DIV/RT[37].ADDSUB/ADDSUB/CHAIN_GEN[48].C_MUX.CARRY_MUX_CARRY4_CARRY8/O[5]
                         net (fo=56, routed)          0.392     4.488    bd_0_i/hls_inst/inst/ddiv_64ns_64ns_64_14_no_dsp_1_U7/md_kernel_ddiv_64ns_64ns_64_14_no_dsp_1_ip_u/inst/i_synth/DIV_OP.SPD.OP/MANT_DIV/RT[37].ADDSUB/ADDSUB/Q[52]
    SLICE_X40Y81         LUT3 (Prop_F6LUT_SLICEL_I0_O)
                                                      0.148     4.636 r  bd_0_i/hls_inst/inst/ddiv_64ns_64ns_64_14_no_dsp_1_U7/md_kernel_ddiv_64ns_64ns_64_14_no_dsp_1_ip_u/inst/i_synth/DIV_OP.SPD.OP/MANT_DIV/RT[37].ADDSUB/ADDSUB/CHAIN_GEN[5].C_MUX.CARRY_MUX_i_1__37/O
                         net (fo=1, routed)           0.011     4.647    bd_0_i/hls_inst/inst/ddiv_64ns_64ns_64_14_no_dsp_1_U7/md_kernel_ddiv_64ns_64ns_64_14_no_dsp_1_ip_u/inst/i_synth/DIV_OP.SPD.OP/MANT_DIV/RT[38].ADDSUB/ADDSUB/A[5]
    SLICE_X40Y81         CARRY8 (Prop_CARRY8_SLICEL_S[5]_CO[7])
                                                      0.155     4.802 r  bd_0_i/hls_inst/inst/ddiv_64ns_64ns_64_14_no_dsp_1_U7/md_kernel_ddiv_64ns_64ns_64_14_no_dsp_1_ip_u/inst/i_synth/DIV_OP.SPD.OP/MANT_DIV/RT[38].ADDSUB/ADDSUB/CHAIN_GEN[0].C_MUX.CARRY_MUX_CARRY4_CARRY8/CO[7]
                         net (fo=1, routed)           0.026     4.828    bd_0_i/hls_inst/inst/ddiv_64ns_64ns_64_14_no_dsp_1_U7/md_kernel_ddiv_64ns_64ns_64_14_no_dsp_1_ip_u/inst/i_synth/DIV_OP.SPD.OP/MANT_DIV/RT[38].ADDSUB/ADDSUB/CHAIN_GEN[7].C_MUX.CARRY_MUX_n_0
    SLICE_X40Y82         CARRY8 (Prop_CARRY8_SLICEL_CI_CO[7])
                                                      0.015     4.843 r  bd_0_i/hls_inst/inst/ddiv_64ns_64ns_64_14_no_dsp_1_U7/md_kernel_ddiv_64ns_64ns_64_14_no_dsp_1_ip_u/inst/i_synth/DIV_OP.SPD.OP/MANT_DIV/RT[38].ADDSUB/ADDSUB/CHAIN_GEN[8].C_MUX.CARRY_MUX_CARRY4_CARRY8/CO[7]
                         net (fo=1, routed)           0.026     4.869    bd_0_i/hls_inst/inst/ddiv_64ns_64ns_64_14_no_dsp_1_U7/md_kernel_ddiv_64ns_64ns_64_14_no_dsp_1_ip_u/inst/i_synth/DIV_OP.SPD.OP/MANT_DIV/RT[38].ADDSUB/ADDSUB/CHAIN_GEN[15].C_MUX.CARRY_MUX_n_0
    SLICE_X40Y83         CARRY8 (Prop_CARRY8_SLICEL_CI_CO[7])
                                                      0.015     4.884 r  bd_0_i/hls_inst/inst/ddiv_64ns_64ns_64_14_no_dsp_1_U7/md_kernel_ddiv_64ns_64ns_64_14_no_dsp_1_ip_u/inst/i_synth/DIV_OP.SPD.OP/MANT_DIV/RT[38].ADDSUB/ADDSUB/CHAIN_GEN[16].C_MUX.CARRY_MUX_CARRY4_CARRY8/CO[7]
                         net (fo=1, routed)           0.026     4.910    bd_0_i/hls_inst/inst/ddiv_64ns_64ns_64_14_no_dsp_1_U7/md_kernel_ddiv_64ns_64ns_64_14_no_dsp_1_ip_u/inst/i_synth/DIV_OP.SPD.OP/MANT_DIV/RT[38].ADDSUB/ADDSUB/CHAIN_GEN[23].C_MUX.CARRY_MUX_n_0
    SLICE_X40Y84         CARRY8 (Prop_CARRY8_SLICEL_CI_CO[7])
                                                      0.015     4.925 r  bd_0_i/hls_inst/inst/ddiv_64ns_64ns_64_14_no_dsp_1_U7/md_kernel_ddiv_64ns_64ns_64_14_no_dsp_1_ip_u/inst/i_synth/DIV_OP.SPD.OP/MANT_DIV/RT[38].ADDSUB/ADDSUB/CHAIN_GEN[24].C_MUX.CARRY_MUX_CARRY4_CARRY8/CO[7]
                         net (fo=1, routed)           0.026     4.951    bd_0_i/hls_inst/inst/ddiv_64ns_64ns_64_14_no_dsp_1_U7/md_kernel_ddiv_64ns_64ns_64_14_no_dsp_1_ip_u/inst/i_synth/DIV_OP.SPD.OP/MANT_DIV/RT[38].ADDSUB/ADDSUB/CHAIN_GEN[31].C_MUX.CARRY_MUX_n_0
    SLICE_X40Y85         CARRY8 (Prop_CARRY8_SLICEL_CI_CO[7])
                                                      0.015     4.966 r  bd_0_i/hls_inst/inst/ddiv_64ns_64ns_64_14_no_dsp_1_U7/md_kernel_ddiv_64ns_64ns_64_14_no_dsp_1_ip_u/inst/i_synth/DIV_OP.SPD.OP/MANT_DIV/RT[38].ADDSUB/ADDSUB/CHAIN_GEN[32].C_MUX.CARRY_MUX_CARRY4_CARRY8/CO[7]
                         net (fo=1, routed)           0.026     4.992    bd_0_i/hls_inst/inst/ddiv_64ns_64ns_64_14_no_dsp_1_U7/md_kernel_ddiv_64ns_64ns_64_14_no_dsp_1_ip_u/inst/i_synth/DIV_OP.SPD.OP/MANT_DIV/RT[38].ADDSUB/ADDSUB/CHAIN_GEN[39].C_MUX.CARRY_MUX_n_0
    SLICE_X40Y86         CARRY8 (Prop_CARRY8_SLICEL_CI_CO[7])
                                                      0.015     5.007 r  bd_0_i/hls_inst/inst/ddiv_64ns_64ns_64_14_no_dsp_1_U7/md_kernel_ddiv_64ns_64ns_64_14_no_dsp_1_ip_u/inst/i_synth/DIV_OP.SPD.OP/MANT_DIV/RT[38].ADDSUB/ADDSUB/CHAIN_GEN[40].C_MUX.CARRY_MUX_CARRY4_CARRY8/CO[7]
                         net (fo=1, routed)           0.026     5.033    bd_0_i/hls_inst/inst/ddiv_64ns_64ns_64_14_no_dsp_1_U7/md_kernel_ddiv_64ns_64ns_64_14_no_dsp_1_ip_u/inst/i_synth/DIV_OP.SPD.OP/MANT_DIV/RT[38].ADDSUB/ADDSUB/CHAIN_GEN[47].C_MUX.CARRY_MUX_n_0
    SLICE_X40Y87         CARRY8 (Prop_CARRY8_SLICEL_CI_O[5])
                                                      0.116     5.149 r  bd_0_i/hls_inst/inst/ddiv_64ns_64ns_64_14_no_dsp_1_U7/md_kernel_ddiv_64ns_64ns_64_14_no_dsp_1_ip_u/inst/i_synth/DIV_OP.SPD.OP/MANT_DIV/RT[38].ADDSUB/ADDSUB/CHAIN_GEN[48].C_MUX.CARRY_MUX_CARRY4_CARRY8/O[5]
                         net (fo=56, routed)          0.622     5.771    bd_0_i/hls_inst/inst/ddiv_64ns_64ns_64_14_no_dsp_1_U7/md_kernel_ddiv_64ns_64ns_64_14_no_dsp_1_ip_u/inst/i_synth/DIV_OP.SPD.OP/MANT_DIV/RT[38].ADDSUB/ADDSUB/Q[52]
    SLICE_X39Y82         LUT3 (Prop_H6LUT_SLICEM_I0_O)
                                                      0.152     5.923 r  bd_0_i/hls_inst/inst/ddiv_64ns_64ns_64_14_no_dsp_1_U7/md_kernel_ddiv_64ns_64ns_64_14_no_dsp_1_ip_u/inst/i_synth/DIV_OP.SPD.OP/MANT_DIV/RT[38].ADDSUB/ADDSUB/CHAIN_GEN[7].C_MUX.CARRY_MUX_i_1__38/O
                         net (fo=1, routed)           0.015     5.938    bd_0_i/hls_inst/inst/ddiv_64ns_64ns_64_14_no_dsp_1_U7/md_kernel_ddiv_64ns_64ns_64_14_no_dsp_1_ip_u/inst/i_synth/DIV_OP.SPD.OP/MANT_DIV/RT[39].ADDSUB/ADDSUB/a_xor_b_sub[7]
    SLICE_X39Y82         CARRY8 (Prop_CARRY8_SLICEM_S[7]_CO[7])
                                                      0.117     6.055 r  bd_0_i/hls_inst/inst/ddiv_64ns_64ns_64_14_no_dsp_1_U7/md_kernel_ddiv_64ns_64ns_64_14_no_dsp_1_ip_u/inst/i_synth/DIV_OP.SPD.OP/MANT_DIV/RT[39].ADDSUB/ADDSUB/CHAIN_GEN[0].C_MUX.CARRY_MUX_CARRY4_CARRY8/CO[7]
                         net (fo=1, routed)           0.026     6.081    bd_0_i/hls_inst/inst/ddiv_64ns_64ns_64_14_no_dsp_1_U7/md_kernel_ddiv_64ns_64ns_64_14_no_dsp_1_ip_u/inst/i_synth/DIV_OP.SPD.OP/MANT_DIV/RT[39].ADDSUB/ADDSUB/CHAIN_GEN[7].C_MUX.CARRY_MUX_n_0
    SLICE_X39Y83         CARRY8 (Prop_CARRY8_SLICEM_CI_CO[7])
                                                      0.015     6.096 r  bd_0_i/hls_inst/inst/ddiv_64ns_64ns_64_14_no_dsp_1_U7/md_kernel_ddiv_64ns_64ns_64_14_no_dsp_1_ip_u/inst/i_synth/DIV_OP.SPD.OP/MANT_DIV/RT[39].ADDSUB/ADDSUB/CHAIN_GEN[8].C_MUX.CARRY_MUX_CARRY4_CARRY8/CO[7]
                         net (fo=1, routed)           0.026     6.122    bd_0_i/hls_inst/inst/ddiv_64ns_64ns_64_14_no_dsp_1_U7/md_kernel_ddiv_64ns_64ns_64_14_no_dsp_1_ip_u/inst/i_synth/DIV_OP.SPD.OP/MANT_DIV/RT[39].ADDSUB/ADDSUB/CHAIN_GEN[15].C_MUX.CARRY_MUX_n_0
    SLICE_X39Y84         CARRY8 (Prop_CARRY8_SLICEM_CI_CO[7])
                                                      0.015     6.137 r  bd_0_i/hls_inst/inst/ddiv_64ns_64ns_64_14_no_dsp_1_U7/md_kernel_ddiv_64ns_64ns_64_14_no_dsp_1_ip_u/inst/i_synth/DIV_OP.SPD.OP/MANT_DIV/RT[39].ADDSUB/ADDSUB/CHAIN_GEN[16].C_MUX.CARRY_MUX_CARRY4_CARRY8/CO[7]
                         net (fo=1, routed)           0.026     6.163    bd_0_i/hls_inst/inst/ddiv_64ns_64ns_64_14_no_dsp_1_U7/md_kernel_ddiv_64ns_64ns_64_14_no_dsp_1_ip_u/inst/i_synth/DIV_OP.SPD.OP/MANT_DIV/RT[39].ADDSUB/ADDSUB/CHAIN_GEN[23].C_MUX.CARRY_MUX_n_0
    SLICE_X39Y85         CARRY8 (Prop_CARRY8_SLICEM_CI_CO[7])
                                                      0.015     6.178 r  bd_0_i/hls_inst/inst/ddiv_64ns_64ns_64_14_no_dsp_1_U7/md_kernel_ddiv_64ns_64ns_64_14_no_dsp_1_ip_u/inst/i_synth/DIV_OP.SPD.OP/MANT_DIV/RT[39].ADDSUB/ADDSUB/CHAIN_GEN[24].C_MUX.CARRY_MUX_CARRY4_CARRY8/CO[7]
                         net (fo=1, routed)           0.026     6.204    bd_0_i/hls_inst/inst/ddiv_64ns_64ns_64_14_no_dsp_1_U7/md_kernel_ddiv_64ns_64ns_64_14_no_dsp_1_ip_u/inst/i_synth/DIV_OP.SPD.OP/MANT_DIV/RT[39].ADDSUB/ADDSUB/CHAIN_GEN[31].C_MUX.CARRY_MUX_n_0
    SLICE_X39Y86         CARRY8 (Prop_CARRY8_SLICEM_CI_CO[7])
                                                      0.015     6.219 r  bd_0_i/hls_inst/inst/ddiv_64ns_64ns_64_14_no_dsp_1_U7/md_kernel_ddiv_64ns_64ns_64_14_no_dsp_1_ip_u/inst/i_synth/DIV_OP.SPD.OP/MANT_DIV/RT[39].ADDSUB/ADDSUB/CHAIN_GEN[32].C_MUX.CARRY_MUX_CARRY4_CARRY8/CO[7]
                         net (fo=1, routed)           0.026     6.245    bd_0_i/hls_inst/inst/ddiv_64ns_64ns_64_14_no_dsp_1_U7/md_kernel_ddiv_64ns_64ns_64_14_no_dsp_1_ip_u/inst/i_synth/DIV_OP.SPD.OP/MANT_DIV/RT[39].ADDSUB/ADDSUB/CHAIN_GEN[39].C_MUX.CARRY_MUX_n_0
    SLICE_X39Y87         CARRY8 (Prop_CARRY8_SLICEM_CI_CO[7])
                                                      0.015     6.260 r  bd_0_i/hls_inst/inst/ddiv_64ns_64ns_64_14_no_dsp_1_U7/md_kernel_ddiv_64ns_64ns_64_14_no_dsp_1_ip_u/inst/i_synth/DIV_OP.SPD.OP/MANT_DIV/RT[39].ADDSUB/ADDSUB/CHAIN_GEN[40].C_MUX.CARRY_MUX_CARRY4_CARRY8/CO[7]
                         net (fo=1, routed)           0.026     6.286    bd_0_i/hls_inst/inst/ddiv_64ns_64ns_64_14_no_dsp_1_U7/md_kernel_ddiv_64ns_64ns_64_14_no_dsp_1_ip_u/inst/i_synth/DIV_OP.SPD.OP/MANT_DIV/RT[39].ADDSUB/ADDSUB/CHAIN_GEN[47].C_MUX.CARRY_MUX_n_0
    SLICE_X39Y88         CARRY8 (Prop_CARRY8_SLICEM_CI_O[5])
                                                      0.116     6.402 r  bd_0_i/hls_inst/inst/ddiv_64ns_64ns_64_14_no_dsp_1_U7/md_kernel_ddiv_64ns_64ns_64_14_no_dsp_1_ip_u/inst/i_synth/DIV_OP.SPD.OP/MANT_DIV/RT[39].ADDSUB/ADDSUB/CHAIN_GEN[48].C_MUX.CARRY_MUX_CARRY4_CARRY8/O[5]
                         net (fo=1, routed)           0.025     6.427    bd_0_i/hls_inst/inst/ddiv_64ns_64ns_64_14_no_dsp_1_U7/md_kernel_ddiv_64ns_64ns_64_14_no_dsp_1_ip_u/inst/i_synth/DIV_OP.SPD.OP/MANT_DIV/RT[39].ADDSUB/ADDSUB/Q_DEL/i_pipe/O
    SLICE_X39Y88         FDRE                                         r  bd_0_i/hls_inst/inst/ddiv_64ns_64ns_64_14_no_dsp_1_U7/md_kernel_ddiv_64ns_64ns_64_14_no_dsp_1_ip_u/inst/i_synth/DIV_OP.SPD.OP/MANT_DIV/RT[39].ADDSUB/ADDSUB/Q_DEL/i_pipe/opt_has_pipe.first_q_reg[53]/D
  -------------------------------------------------------------------    -------------------

                         (clock ap_clk rise edge)     8.000     8.000 r  
                                                      0.000     8.000 r  ap_clk (IN)
                         net (fo=4330, unset)         0.021     8.021    bd_0_i/hls_inst/inst/ddiv_64ns_64ns_64_14_no_dsp_1_U7/md_kernel_ddiv_64ns_64ns_64_14_no_dsp_1_ip_u/inst/i_synth/DIV_OP.SPD.OP/MANT_DIV/RT[39].ADDSUB/ADDSUB/Q_DEL/i_pipe/aclk
    SLICE_X39Y88         FDRE                                         r  bd_0_i/hls_inst/inst/ddiv_64ns_64ns_64_14_no_dsp_1_U7/md_kernel_ddiv_64ns_64ns_64_14_no_dsp_1_ip_u/inst/i_synth/DIV_OP.SPD.OP/MANT_DIV/RT[39].ADDSUB/ADDSUB/Q_DEL/i_pipe/opt_has_pipe.first_q_reg[53]/C
                         clock pessimism              0.000     8.021    
                         clock uncertainty           -0.035     7.986    
    SLICE_X39Y88         FDRE (Setup_FFF_SLICEM_C_D)
                                                      0.025     8.011    bd_0_i/hls_inst/inst/ddiv_64ns_64ns_64_14_no_dsp_1_U7/md_kernel_ddiv_64ns_64ns_64_14_no_dsp_1_ip_u/inst/i_synth/DIV_OP.SPD.OP/MANT_DIV/RT[39].ADDSUB/ADDSUB/Q_DEL/i_pipe/opt_has_pipe.first_q_reg[53]
  -------------------------------------------------------------------
                         required time                          8.011    
                         arrival time                          -6.427    
  -------------------------------------------------------------------
                         slack                                  1.584    

Slack (MET) :             1.614ns  (required time - arrival time)
  Source:                 bd_0_i/hls_inst/inst/ddiv_64ns_64ns_64_14_no_dsp_1_U7/md_kernel_ddiv_64ns_64ns_64_14_no_dsp_1_ip_u/inst/i_synth/DIV_OP.SPD.OP/MANT_DIV/RT[34].ADDSUB/ADDSUB/Q_DEL/i_pipe/opt_has_pipe.first_q_reg[53]/C
                            (rising edge-triggered cell FDRE clocked by ap_clk  {rise@0.000ns fall@4.000ns period=8.000ns})
  Destination:            bd_0_i/hls_inst/inst/ddiv_64ns_64ns_64_14_no_dsp_1_U7/md_kernel_ddiv_64ns_64ns_64_14_no_dsp_1_ip_u/inst/i_synth/DIV_OP.SPD.OP/MANT_DIV/RT[39].ADDSUB/ADDSUB/Q_DEL/i_pipe/opt_has_pipe.first_q_reg[52]/D
                            (rising edge-triggered cell FDRE clocked by ap_clk  {rise@0.000ns fall@4.000ns period=8.000ns})
  Path Group:             ap_clk
  Path Type:              Setup (Max at Slow Process Corner)
  Requirement:            8.000ns  (ap_clk rise@8.000ns - ap_clk rise@0.000ns)
  Data Path Delay:        6.367ns  (logic 2.505ns (39.344%)  route 3.862ns (60.656%))
  Logic Levels:           40  (CARRY8=35 LUT2=2 LUT3=3)
  Clock Path Skew:        -0.009ns (DCD - SCD + CPR)
    Destination Clock Delay (DCD):    0.021ns = ( 8.021 - 8.000 ) 
    Source Clock Delay      (SCD):    0.030ns
    Clock Pessimism Removal (CPR):    0.000ns
  Clock Uncertainty:      0.035ns  ((TSJ^2 + TIJ^2)^1/2 + DJ) / 2 + PE
    Total System Jitter     (TSJ):    0.071ns
    Total Input Jitter      (TIJ):    0.000ns
    Discrete Jitter          (DJ):    0.000ns
    Phase Error              (PE):    0.000ns

    Location             Delay type                Incr(ns)  Path(ns)    Netlist Resource(s)
  -------------------------------------------------------------------    -------------------
                         (clock ap_clk rise edge)     0.000     0.000 r  
                                                      0.000     0.000 r  ap_clk (IN)
                         net (fo=4330, unset)         0.030     0.030    bd_0_i/hls_inst/inst/ddiv_64ns_64ns_64_14_no_dsp_1_U7/md_kernel_ddiv_64ns_64ns_64_14_no_dsp_1_ip_u/inst/i_synth/DIV_OP.SPD.OP/MANT_DIV/RT[34].ADDSUB/ADDSUB/Q_DEL/i_pipe/aclk
    SLICE_X41Y90         FDRE                                         r  bd_0_i/hls_inst/inst/ddiv_64ns_64ns_64_14_no_dsp_1_U7/md_kernel_ddiv_64ns_64ns_64_14_no_dsp_1_ip_u/inst/i_synth/DIV_OP.SPD.OP/MANT_DIV/RT[34].ADDSUB/ADDSUB/Q_DEL/i_pipe/opt_has_pipe.first_q_reg[53]/C
  -------------------------------------------------------------------    -------------------
    SLICE_X41Y90         FDRE (Prop_FFF_SLICEM_C_Q)
                                                      0.076     0.106 r  bd_0_i/hls_inst/inst/ddiv_64ns_64ns_64_14_no_dsp_1_U7/md_kernel_ddiv_64ns_64ns_64_14_no_dsp_1_ip_u/inst/i_synth/DIV_OP.SPD.OP/MANT_DIV/RT[34].ADDSUB/ADDSUB/Q_DEL/i_pipe/opt_has_pipe.first_q_reg[53]/Q
                         net (fo=56, routed)          0.842     0.948    bd_0_i/hls_inst/inst/ddiv_64ns_64ns_64_14_no_dsp_1_U7/md_kernel_ddiv_64ns_64ns_64_14_no_dsp_1_ip_u/inst/i_synth/DIV_OP.SPD.OP/MANT_DIV/RT[34].ADDSUB/ADDSUB/Q_DEL/i_pipe/opt_has_pipe.first_q[53]
    SLICE_X38Y82         LUT3 (Prop_B6LUT_SLICEL_I0_O)
                                                      0.124     1.072 r  bd_0_i/hls_inst/inst/ddiv_64ns_64ns_64_14_no_dsp_1_U7/md_kernel_ddiv_64ns_64ns_64_14_no_dsp_1_ip_u/inst/i_synth/DIV_OP.SPD.OP/MANT_DIV/RT[34].ADDSUB/ADDSUB/Q_DEL/i_pipe/CHAIN_GEN[1].C_MUX.CARRY_MUX_i_1__34/O
                         net (fo=1, routed)           0.009     1.081    bd_0_i/hls_inst/inst/ddiv_64ns_64ns_64_14_no_dsp_1_U7/md_kernel_ddiv_64ns_64ns_64_14_no_dsp_1_ip_u/inst/i_synth/DIV_OP.SPD.OP/MANT_DIV/RT[35].ADDSUB/ADDSUB/CHAIN_GEN[53].Q_XOR.SUM_XOR_0[1]
    SLICE_X38Y82         CARRY8 (Prop_CARRY8_SLICEL_S[1]_CO[7])
                                                      0.186     1.267 r  bd_0_i/hls_inst/inst/ddiv_64ns_64ns_64_14_no_dsp_1_U7/md_kernel_ddiv_64ns_64ns_64_14_no_dsp_1_ip_u/inst/i_synth/DIV_OP.SPD.OP/MANT_DIV/RT[35].ADDSUB/ADDSUB/CHAIN_GEN[0].C_MUX.CARRY_MUX_CARRY4_CARRY8/CO[7]
                         net (fo=1, routed)           0.026     1.293    bd_0_i/hls_inst/inst/ddiv_64ns_64ns_64_14_no_dsp_1_U7/md_kernel_ddiv_64ns_64ns_64_14_no_dsp_1_ip_u/inst/i_synth/DIV_OP.SPD.OP/MANT_DIV/RT[35].ADDSUB/ADDSUB/CHAIN_GEN[7].C_MUX.CARRY_MUX_n_0
    SLICE_X38Y83         CARRY8 (Prop_CARRY8_SLICEL_CI_CO[7])
                                                      0.015     1.308 r  bd_0_i/hls_inst/inst/ddiv_64ns_64ns_64_14_no_dsp_1_U7/md_kernel_ddiv_64ns_64ns_64_14_no_dsp_1_ip_u/inst/i_synth/DIV_OP.SPD.OP/MANT_DIV/RT[35].ADDSUB/ADDSUB/CHAIN_GEN[8].C_MUX.CARRY_MUX_CARRY4_CARRY8/CO[7]
                         net (fo=1, routed)           0.026     1.334    bd_0_i/hls_inst/inst/ddiv_64ns_64ns_64_14_no_dsp_1_U7/md_kernel_ddiv_64ns_64ns_64_14_no_dsp_1_ip_u/inst/i_synth/DIV_OP.SPD.OP/MANT_DIV/RT[35].ADDSUB/ADDSUB/CHAIN_GEN[15].C_MUX.CARRY_MUX_n_0
    SLICE_X38Y84         CARRY8 (Prop_CARRY8_SLICEL_CI_CO[7])
                                                      0.015     1.349 r  bd_0_i/hls_inst/inst/ddiv_64ns_64ns_64_14_no_dsp_1_U7/md_kernel_ddiv_64ns_64ns_64_14_no_dsp_1_ip_u/inst/i_synth/DIV_OP.SPD.OP/MANT_DIV/RT[35].ADDSUB/ADDSUB/CHAIN_GEN[16].C_MUX.CARRY_MUX_CARRY4_CARRY8/CO[7]
                         net (fo=1, routed)           0.026     1.375    bd_0_i/hls_inst/inst/ddiv_64ns_64ns_64_14_no_dsp_1_U7/md_kernel_ddiv_64ns_64ns_64_14_no_dsp_1_ip_u/inst/i_synth/DIV_OP.SPD.OP/MANT_DIV/RT[35].ADDSUB/ADDSUB/CHAIN_GEN[23].C_MUX.CARRY_MUX_n_0
    SLICE_X38Y85         CARRY8 (Prop_CARRY8_SLICEL_CI_CO[7])
                                                      0.015     1.390 r  bd_0_i/hls_inst/inst/ddiv_64ns_64ns_64_14_no_dsp_1_U7/md_kernel_ddiv_64ns_64ns_64_14_no_dsp_1_ip_u/inst/i_synth/DIV_OP.SPD.OP/MANT_DIV/RT[35].ADDSUB/ADDSUB/CHAIN_GEN[24].C_MUX.CARRY_MUX_CARRY4_CARRY8/CO[7]
                         net (fo=1, routed)           0.026     1.416    bd_0_i/hls_inst/inst/ddiv_64ns_64ns_64_14_no_dsp_1_U7/md_kernel_ddiv_64ns_64ns_64_14_no_dsp_1_ip_u/inst/i_synth/DIV_OP.SPD.OP/MANT_DIV/RT[35].ADDSUB/ADDSUB/CHAIN_GEN[31].C_MUX.CARRY_MUX_n_0
    SLICE_X38Y86         CARRY8 (Prop_CARRY8_SLICEL_CI_CO[7])
                                                      0.015     1.431 r  bd_0_i/hls_inst/inst/ddiv_64ns_64ns_64_14_no_dsp_1_U7/md_kernel_ddiv_64ns_64ns_64_14_no_dsp_1_ip_u/inst/i_synth/DIV_OP.SPD.OP/MANT_DIV/RT[35].ADDSUB/ADDSUB/CHAIN_GEN[32].C_MUX.CARRY_MUX_CARRY4_CARRY8/CO[7]
                         net (fo=1, routed)           0.026     1.457    bd_0_i/hls_inst/inst/ddiv_64ns_64ns_64_14_no_dsp_1_U7/md_kernel_ddiv_64ns_64ns_64_14_no_dsp_1_ip_u/inst/i_synth/DIV_OP.SPD.OP/MANT_DIV/RT[35].ADDSUB/ADDSUB/CHAIN_GEN[39].C_MUX.CARRY_MUX_n_0
    SLICE_X38Y87         CARRY8 (Prop_CARRY8_SLICEL_CI_CO[7])
                                                      0.015     1.472 r  bd_0_i/hls_inst/inst/ddiv_64ns_64ns_64_14_no_dsp_1_U7/md_kernel_ddiv_64ns_64ns_64_14_no_dsp_1_ip_u/inst/i_synth/DIV_OP.SPD.OP/MANT_DIV/RT[35].ADDSUB/ADDSUB/CHAIN_GEN[40].C_MUX.CARRY_MUX_CARRY4_CARRY8/CO[7]
                         net (fo=1, routed)           0.026     1.498    bd_0_i/hls_inst/inst/ddiv_64ns_64ns_64_14_no_dsp_1_U7/md_kernel_ddiv_64ns_64ns_64_14_no_dsp_1_ip_u/inst/i_synth/DIV_OP.SPD.OP/MANT_DIV/RT[35].ADDSUB/ADDSUB/CHAIN_GEN[47].C_MUX.CARRY_MUX_n_0
    SLICE_X38Y88         CARRY8 (Prop_CARRY8_SLICEL_CI_O[5])
                                                      0.116     1.614 r  bd_0_i/hls_inst/inst/ddiv_64ns_64ns_64_14_no_dsp_1_U7/md_kernel_ddiv_64ns_64ns_64_14_no_dsp_1_ip_u/inst/i_synth/DIV_OP.SPD.OP/MANT_DIV/RT[35].ADDSUB/ADDSUB/CHAIN_GEN[48].C_MUX.CARRY_MUX_CARRY4_CARRY8/O[5]
                         net (fo=56, routed)          0.772     2.387    bd_0_i/hls_inst/inst/ddiv_64ns_64ns_64_14_no_dsp_1_U7/md_kernel_ddiv_64ns_64ns_64_14_no_dsp_1_ip_u/inst/i_synth/DIV_OP.SPD.OP/MANT_DIV/RT[35].ADDSUB/ADDSUB/Q[52]
    SLICE_X42Y82         LUT2 (Prop_A6LUT_SLICEM_I0_O)
                                                      0.150     2.537 r  bd_0_i/hls_inst/inst/ddiv_64ns_64ns_64_14_no_dsp_1_U7/md_kernel_ddiv_64ns_64ns_64_14_no_dsp_1_ip_u/inst/i_synth/DIV_OP.SPD.OP/MANT_DIV/RT[35].ADDSUB/ADDSUB/CHAIN_GEN[0].C_MUX.CARRY_MUX_i_1__35/O
                         net (fo=1, routed)           0.013     2.550    bd_0_i/hls_inst/inst/ddiv_64ns_64ns_64_14_no_dsp_1_U7/md_kernel_ddiv_64ns_64ns_64_14_no_dsp_1_ip_u/inst/i_synth/DIV_OP.SPD.OP/MANT_DIV/RT[36].ADDSUB/ADDSUB/CHAIN_GEN[53].Q_XOR.SUM_XOR_0[0]
    SLICE_X42Y82         CARRY8 (Prop_CARRY8_SLICEM_S[0]_CO[7])
                                                      0.192     2.742 r  bd_0_i/hls_inst/inst/ddiv_64ns_64ns_64_14_no_dsp_1_U7/md_kernel_ddiv_64ns_64ns_64_14_no_dsp_1_ip_u/inst/i_synth/DIV_OP.SPD.OP/MANT_DIV/RT[36].ADDSUB/ADDSUB/CHAIN_GEN[0].C_MUX.CARRY_MUX_CARRY4_CARRY8/CO[7]
                         net (fo=1, routed)           0.026     2.768    bd_0_i/hls_inst/inst/ddiv_64ns_64ns_64_14_no_dsp_1_U7/md_kernel_ddiv_64ns_64ns_64_14_no_dsp_1_ip_u/inst/i_synth/DIV_OP.SPD.OP/MANT_DIV/RT[36].ADDSUB/ADDSUB/CHAIN_GEN[7].C_MUX.CARRY_MUX_n_0
    SLICE_X42Y83         CARRY8 (Prop_CARRY8_SLICEM_CI_CO[7])
                                                      0.015     2.783 r  bd_0_i/hls_inst/inst/ddiv_64ns_64ns_64_14_no_dsp_1_U7/md_kernel_ddiv_64ns_64ns_64_14_no_dsp_1_ip_u/inst/i_synth/DIV_OP.SPD.OP/MANT_DIV/RT[36].ADDSUB/ADDSUB/CHAIN_GEN[8].C_MUX.CARRY_MUX_CARRY4_CARRY8/CO[7]
                         net (fo=1, routed)           0.026     2.809    bd_0_i/hls_inst/inst/ddiv_64ns_64ns_64_14_no_dsp_1_U7/md_kernel_ddiv_64ns_64ns_64_14_no_dsp_1_ip_u/inst/i_synth/DIV_OP.SPD.OP/MANT_DIV/RT[36].ADDSUB/ADDSUB/CHAIN_GEN[15].C_MUX.CARRY_MUX_n_0
    SLICE_X42Y84         CARRY8 (Prop_CARRY8_SLICEM_CI_CO[7])
                                                      0.015     2.824 r  bd_0_i/hls_inst/inst/ddiv_64ns_64ns_64_14_no_dsp_1_U7/md_kernel_ddiv_64ns_64ns_64_14_no_dsp_1_ip_u/inst/i_synth/DIV_OP.SPD.OP/MANT_DIV/RT[36].ADDSUB/ADDSUB/CHAIN_GEN[16].C_MUX.CARRY_MUX_CARRY4_CARRY8/CO[7]
                         net (fo=1, routed)           0.026     2.850    bd_0_i/hls_inst/inst/ddiv_64ns_64ns_64_14_no_dsp_1_U7/md_kernel_ddiv_64ns_64ns_64_14_no_dsp_1_ip_u/inst/i_synth/DIV_OP.SPD.OP/MANT_DIV/RT[36].ADDSUB/ADDSUB/CHAIN_GEN[23].C_MUX.CARRY_MUX_n_0
    SLICE_X42Y85         CARRY8 (Prop_CARRY8_SLICEM_CI_CO[7])
                                                      0.015     2.865 r  bd_0_i/hls_inst/inst/ddiv_64ns_64ns_64_14_no_dsp_1_U7/md_kernel_ddiv_64ns_64ns_64_14_no_dsp_1_ip_u/inst/i_synth/DIV_OP.SPD.OP/MANT_DIV/RT[36].ADDSUB/ADDSUB/CHAIN_GEN[24].C_MUX.CARRY_MUX_CARRY4_CARRY8/CO[7]
                         net (fo=1, routed)           0.026     2.891    bd_0_i/hls_inst/inst/ddiv_64ns_64ns_64_14_no_dsp_1_U7/md_kernel_ddiv_64ns_64ns_64_14_no_dsp_1_ip_u/inst/i_synth/DIV_OP.SPD.OP/MANT_DIV/RT[36].ADDSUB/ADDSUB/CHAIN_GEN[31].C_MUX.CARRY_MUX_n_0
    SLICE_X42Y86         CARRY8 (Prop_CARRY8_SLICEM_CI_CO[7])
                                                      0.015     2.906 r  bd_0_i/hls_inst/inst/ddiv_64ns_64ns_64_14_no_dsp_1_U7/md_kernel_ddiv_64ns_64ns_64_14_no_dsp_1_ip_u/inst/i_synth/DIV_OP.SPD.OP/MANT_DIV/RT[36].ADDSUB/ADDSUB/CHAIN_GEN[32].C_MUX.CARRY_MUX_CARRY4_CARRY8/CO[7]
                         net (fo=1, routed)           0.026     2.932    bd_0_i/hls_inst/inst/ddiv_64ns_64ns_64_14_no_dsp_1_U7/md_kernel_ddiv_64ns_64ns_64_14_no_dsp_1_ip_u/inst/i_synth/DIV_OP.SPD.OP/MANT_DIV/RT[36].ADDSUB/ADDSUB/CHAIN_GEN[39].C_MUX.CARRY_MUX_n_0
    SLICE_X42Y87         CARRY8 (Prop_CARRY8_SLICEM_CI_CO[7])
                                                      0.015     2.947 r  bd_0_i/hls_inst/inst/ddiv_64ns_64ns_64_14_no_dsp_1_U7/md_kernel_ddiv_64ns_64ns_64_14_no_dsp_1_ip_u/inst/i_synth/DIV_OP.SPD.OP/MANT_DIV/RT[36].ADDSUB/ADDSUB/CHAIN_GEN[40].C_MUX.CARRY_MUX_CARRY4_CARRY8/CO[7]
                         net (fo=1, routed)           0.026     2.973    bd_0_i/hls_inst/inst/ddiv_64ns_64ns_64_14_no_dsp_1_U7/md_kernel_ddiv_64ns_64ns_64_14_no_dsp_1_ip_u/inst/i_synth/DIV_OP.SPD.OP/MANT_DIV/RT[36].ADDSUB/ADDSUB/CHAIN_GEN[47].C_MUX.CARRY_MUX_n_0
    SLICE_X42Y88         CARRY8 (Prop_CARRY8_SLICEM_CI_O[5])
                                                      0.116     3.089 r  bd_0_i/hls_inst/inst/ddiv_64ns_64ns_64_14_no_dsp_1_U7/md_kernel_ddiv_64ns_64ns_64_14_no_dsp_1_ip_u/inst/i_synth/DIV_OP.SPD.OP/MANT_DIV/RT[36].ADDSUB/ADDSUB/CHAIN_GEN[48].C_MUX.CARRY_MUX_CARRY4_CARRY8/O[5]
                         net (fo=56, routed)          0.371     3.460    bd_0_i/hls_inst/inst/ddiv_64ns_64ns_64_14_no_dsp_1_U7/md_kernel_ddiv_64ns_64ns_64_14_no_dsp_1_ip_u/inst/i_synth/DIV_OP.SPD.OP/MANT_DIV/RT[36].ADDSUB/ADDSUB/Q[52]
    SLICE_X43Y82         LUT2 (Prop_A6LUT_SLICEL_I0_O)
                                                      0.090     3.550 r  bd_0_i/hls_inst/inst/ddiv_64ns_64ns_64_14_no_dsp_1_U7/md_kernel_ddiv_64ns_64ns_64_14_no_dsp_1_ip_u/inst/i_synth/DIV_OP.SPD.OP/MANT_DIV/RT[36].ADDSUB/ADDSUB/CHAIN_GEN[0].C_MUX.CARRY_MUX_i_1__36/O
                         net (fo=1, routed)           0.009     3.559    bd_0_i/hls_inst/inst/ddiv_64ns_64ns_64_14_no_dsp_1_U7/md_kernel_ddiv_64ns_64ns_64_14_no_dsp_1_ip_u/inst/i_synth/DIV_OP.SPD.OP/MANT_DIV/RT[37].ADDSUB/ADDSUB/CHAIN_GEN[53].Q_XOR.SUM_XOR_0[0]
    SLICE_X43Y82         CARRY8 (Prop_CARRY8_SLICEL_S[0]_CO[7])
                                                      0.190     3.749 r  bd_0_i/hls_inst/inst/ddiv_64ns_64ns_64_14_no_dsp_1_U7/md_kernel_ddiv_64ns_64ns_64_14_no_dsp_1_ip_u/inst/i_synth/DIV_OP.SPD.OP/MANT_DIV/RT[37].ADDSUB/ADDSUB/CHAIN_GEN[0].C_MUX.CARRY_MUX_CARRY4_CARRY8/CO[7]
                         net (fo=1, routed)           0.026     3.775    bd_0_i/hls_inst/inst/ddiv_64ns_64ns_64_14_no_dsp_1_U7/md_kernel_ddiv_64ns_64ns_64_14_no_dsp_1_ip_u/inst/i_synth/DIV_OP.SPD.OP/MANT_DIV/RT[37].ADDSUB/ADDSUB/CHAIN_GEN[7].C_MUX.CARRY_MUX_n_0
    SLICE_X43Y83         CARRY8 (Prop_CARRY8_SLICEL_CI_CO[7])
                                                      0.015     3.790 r  bd_0_i/hls_inst/inst/ddiv_64ns_64ns_64_14_no_dsp_1_U7/md_kernel_ddiv_64ns_64ns_64_14_no_dsp_1_ip_u/inst/i_synth/DIV_OP.SPD.OP/MANT_DIV/RT[37].ADDSUB/ADDSUB/CHAIN_GEN[8].C_MUX.CARRY_MUX_CARRY4_CARRY8/CO[7]
                         net (fo=1, routed)           0.026     3.816    bd_0_i/hls_inst/inst/ddiv_64ns_64ns_64_14_no_dsp_1_U7/md_kernel_ddiv_64ns_64ns_64_14_no_dsp_1_ip_u/inst/i_synth/DIV_OP.SPD.OP/MANT_DIV/RT[37].ADDSUB/ADDSUB/CHAIN_GEN[15].C_MUX.CARRY_MUX_n_0
    SLICE_X43Y84         CARRY8 (Prop_CARRY8_SLICEL_CI_CO[7])
                                                      0.015     3.831 r  bd_0_i/hls_inst/inst/ddiv_64ns_64ns_64_14_no_dsp_1_U7/md_kernel_ddiv_64ns_64ns_64_14_no_dsp_1_ip_u/inst/i_synth/DIV_OP.SPD.OP/MANT_DIV/RT[37].ADDSUB/ADDSUB/CHAIN_GEN[16].C_MUX.CARRY_MUX_CARRY4_CARRY8/CO[7]
                         net (fo=1, routed)           0.026     3.857    bd_0_i/hls_inst/inst/ddiv_64ns_64ns_64_14_no_dsp_1_U7/md_kernel_ddiv_64ns_64ns_64_14_no_dsp_1_ip_u/inst/i_synth/DIV_OP.SPD.OP/MANT_DIV/RT[37].ADDSUB/ADDSUB/CHAIN_GEN[23].C_MUX.CARRY_MUX_n_0
    SLICE_X43Y85         CARRY8 (Prop_CARRY8_SLICEL_CI_CO[7])
                                                      0.015     3.872 r  bd_0_i/hls_inst/inst/ddiv_64ns_64ns_64_14_no_dsp_1_U7/md_kernel_ddiv_64ns_64ns_64_14_no_dsp_1_ip_u/inst/i_synth/DIV_OP.SPD.OP/MANT_DIV/RT[37].ADDSUB/ADDSUB/CHAIN_GEN[24].C_MUX.CARRY_MUX_CARRY4_CARRY8/CO[7]
                         net (fo=1, routed)           0.026     3.898    bd_0_i/hls_inst/inst/ddiv_64ns_64ns_64_14_no_dsp_1_U7/md_kernel_ddiv_64ns_64ns_64_14_no_dsp_1_ip_u/inst/i_synth/DIV_OP.SPD.OP/MANT_DIV/RT[37].ADDSUB/ADDSUB/CHAIN_GEN[31].C_MUX.CARRY_MUX_n_0
    SLICE_X43Y86         CARRY8 (Prop_CARRY8_SLICEL_CI_CO[7])
                                                      0.015     3.913 r  bd_0_i/hls_inst/inst/ddiv_64ns_64ns_64_14_no_dsp_1_U7/md_kernel_ddiv_64ns_64ns_64_14_no_dsp_1_ip_u/inst/i_synth/DIV_OP.SPD.OP/MANT_DIV/RT[37].ADDSUB/ADDSUB/CHAIN_GEN[32].C_MUX.CARRY_MUX_CARRY4_CARRY8/CO[7]
                         net (fo=1, routed)           0.026     3.939    bd_0_i/hls_inst/inst/ddiv_64ns_64ns_64_14_no_dsp_1_U7/md_kernel_ddiv_64ns_64ns_64_14_no_dsp_1_ip_u/inst/i_synth/DIV_OP.SPD.OP/MANT_DIV/RT[37].ADDSUB/ADDSUB/CHAIN_GEN[39].C_MUX.CARRY_MUX_n_0
    SLICE_X43Y87         CARRY8 (Prop_CARRY8_SLICEL_CI_CO[7])
                                                      0.015     3.954 r  bd_0_i/hls_inst/inst/ddiv_64ns_64ns_64_14_no_dsp_1_U7/md_kernel_ddiv_64ns_64ns_64_14_no_dsp_1_ip_u/inst/i_synth/DIV_OP.SPD.OP/MANT_DIV/RT[37].ADDSUB/ADDSUB/CHAIN_GEN[40].C_MUX.CARRY_MUX_CARRY4_CARRY8/CO[7]
                         net (fo=1, routed)           0.026     3.980    bd_0_i/hls_inst/inst/ddiv_64ns_64ns_64_14_no_dsp_1_U7/md_kernel_ddiv_64ns_64ns_64_14_no_dsp_1_ip_u/inst/i_synth/DIV_OP.SPD.OP/MANT_DIV/RT[37].ADDSUB/ADDSUB/CHAIN_GEN[47].C_MUX.CARRY_MUX_n_0
    SLICE_X43Y88         CARRY8 (Prop_CARRY8_SLICEL_CI_O[5])
                                                      0.116     4.096 r  bd_0_i/hls_inst/inst/ddiv_64ns_64ns_64_14_no_dsp_1_U7/md_kernel_ddiv_64ns_64ns_64_14_no_dsp_1_ip_u/inst/i_synth/DIV_OP.SPD.OP/MANT_DIV/RT[37].ADDSUB/ADDSUB/CHAIN_GEN[48].C_MUX.CARRY_MUX_CARRY4_CARRY8/O[5]
                         net (fo=56, routed)          0.392     4.488    bd_0_i/hls_inst/inst/ddiv_64ns_64ns_64_14_no_dsp_1_U7/md_kernel_ddiv_64ns_64ns_64_14_no_dsp_1_ip_u/inst/i_synth/DIV_OP.SPD.OP/MANT_DIV/RT[37].ADDSUB/ADDSUB/Q[52]
    SLICE_X40Y81         LUT3 (Prop_F6LUT_SLICEL_I0_O)
                                                      0.148     4.636 r  bd_0_i/hls_inst/inst/ddiv_64ns_64ns_64_14_no_dsp_1_U7/md_kernel_ddiv_64ns_64ns_64_14_no_dsp_1_ip_u/inst/i_synth/DIV_OP.SPD.OP/MANT_DIV/RT[37].ADDSUB/ADDSUB/CHAIN_GEN[5].C_MUX.CARRY_MUX_i_1__37/O
                         net (fo=1, routed)           0.011     4.647    bd_0_i/hls_inst/inst/ddiv_64ns_64ns_64_14_no_dsp_1_U7/md_kernel_ddiv_64ns_64ns_64_14_no_dsp_1_ip_u/inst/i_synth/DIV_OP.SPD.OP/MANT_DIV/RT[38].ADDSUB/ADDSUB/A[5]
    SLICE_X40Y81         CARRY8 (Prop_CARRY8_SLICEL_S[5]_CO[7])
                                                      0.155     4.802 r  bd_0_i/hls_inst/inst/ddiv_64ns_64ns_64_14_no_dsp_1_U7/md_kernel_ddiv_64ns_64ns_64_14_no_dsp_1_ip_u/inst/i_synth/DIV_OP.SPD.OP/MANT_DIV/RT[38].ADDSUB/ADDSUB/CHAIN_GEN[0].C_MUX.CARRY_MUX_CARRY4_CARRY8/CO[7]
                         net (fo=1, routed)           0.026     4.828    bd_0_i/hls_inst/inst/ddiv_64ns_64ns_64_14_no_dsp_1_U7/md_kernel_ddiv_64ns_64ns_64_14_no_dsp_1_ip_u/inst/i_synth/DIV_OP.SPD.OP/MANT_DIV/RT[38].ADDSUB/ADDSUB/CHAIN_GEN[7].C_MUX.CARRY_MUX_n_0
    SLICE_X40Y82         CARRY8 (Prop_CARRY8_SLICEL_CI_CO[7])
                                                      0.015     4.843 r  bd_0_i/hls_inst/inst/ddiv_64ns_64ns_64_14_no_dsp_1_U7/md_kernel_ddiv_64ns_64ns_64_14_no_dsp_1_ip_u/inst/i_synth/DIV_OP.SPD.OP/MANT_DIV/RT[38].ADDSUB/ADDSUB/CHAIN_GEN[8].C_MUX.CARRY_MUX_CARRY4_CARRY8/CO[7]
                         net (fo=1, routed)           0.026     4.869    bd_0_i/hls_inst/inst/ddiv_64ns_64ns_64_14_no_dsp_1_U7/md_kernel_ddiv_64ns_64ns_64_14_no_dsp_1_ip_u/inst/i_synth/DIV_OP.SPD.OP/MANT_DIV/RT[38].ADDSUB/ADDSUB/CHAIN_GEN[15].C_MUX.CARRY_MUX_n_0
    SLICE_X40Y83         CARRY8 (Prop_CARRY8_SLICEL_CI_CO[7])
                                                      0.015     4.884 r  bd_0_i/hls_inst/inst/ddiv_64ns_64ns_64_14_no_dsp_1_U7/md_kernel_ddiv_64ns_64ns_64_14_no_dsp_1_ip_u/inst/i_synth/DIV_OP.SPD.OP/MANT_DIV/RT[38].ADDSUB/ADDSUB/CHAIN_GEN[16].C_MUX.CARRY_MUX_CARRY4_CARRY8/CO[7]
                         net (fo=1, routed)           0.026     4.910    bd_0_i/hls_inst/inst/ddiv_64ns_64ns_64_14_no_dsp_1_U7/md_kernel_ddiv_64ns_64ns_64_14_no_dsp_1_ip_u/inst/i_synth/DIV_OP.SPD.OP/MANT_DIV/RT[38].ADDSUB/ADDSUB/CHAIN_GEN[23].C_MUX.CARRY_MUX_n_0
    SLICE_X40Y84         CARRY8 (Prop_CARRY8_SLICEL_CI_CO[7])
                                                      0.015     4.925 r  bd_0_i/hls_inst/inst/ddiv_64ns_64ns_64_14_no_dsp_1_U7/md_kernel_ddiv_64ns_64ns_64_14_no_dsp_1_ip_u/inst/i_synth/DIV_OP.SPD.OP/MANT_DIV/RT[38].ADDSUB/ADDSUB/CHAIN_GEN[24].C_MUX.CARRY_MUX_CARRY4_CARRY8/CO[7]
                         net (fo=1, routed)           0.026     4.951    bd_0_i/hls_inst/inst/ddiv_64ns_64ns_64_14_no_dsp_1_U7/md_kernel_ddiv_64ns_64ns_64_14_no_dsp_1_ip_u/inst/i_synth/DIV_OP.SPD.OP/MANT_DIV/RT[38].ADDSUB/ADDSUB/CHAIN_GEN[31].C_MUX.CARRY_MUX_n_0
    SLICE_X40Y85         CARRY8 (Prop_CARRY8_SLICEL_CI_CO[7])
                                                      0.015     4.966 r  bd_0_i/hls_inst/inst/ddiv_64ns_64ns_64_14_no_dsp_1_U7/md_kernel_ddiv_64ns_64ns_64_14_no_dsp_1_ip_u/inst/i_synth/DIV_OP.SPD.OP/MANT_DIV/RT[38].ADDSUB/ADDSUB/CHAIN_GEN[32].C_MUX.CARRY_MUX_CARRY4_CARRY8/CO[7]
                         net (fo=1, routed)           0.026     4.992    bd_0_i/hls_inst/inst/ddiv_64ns_64ns_64_14_no_dsp_1_U7/md_kernel_ddiv_64ns_64ns_64_14_no_dsp_1_ip_u/inst/i_synth/DIV_OP.SPD.OP/MANT_DIV/RT[38].ADDSUB/ADDSUB/CHAIN_GEN[39].C_MUX.CARRY_MUX_n_0
    SLICE_X40Y86         CARRY8 (Prop_CARRY8_SLICEL_CI_CO[7])
                                                      0.015     5.007 r  bd_0_i/hls_inst/inst/ddiv_64ns_64ns_64_14_no_dsp_1_U7/md_kernel_ddiv_64ns_64ns_64_14_no_dsp_1_ip_u/inst/i_synth/DIV_OP.SPD.OP/MANT_DIV/RT[38].ADDSUB/ADDSUB/CHAIN_GEN[40].C_MUX.CARRY_MUX_CARRY4_CARRY8/CO[7]
                         net (fo=1, routed)           0.026     5.033    bd_0_i/hls_inst/inst/ddiv_64ns_64ns_64_14_no_dsp_1_U7/md_kernel_ddiv_64ns_64ns_64_14_no_dsp_1_ip_u/inst/i_synth/DIV_OP.SPD.OP/MANT_DIV/RT[38].ADDSUB/ADDSUB/CHAIN_GEN[47].C_MUX.CARRY_MUX_n_0
    SLICE_X40Y87         CARRY8 (Prop_CARRY8_SLICEL_CI_O[5])
                                                      0.116     5.149 r  bd_0_i/hls_inst/inst/ddiv_64ns_64ns_64_14_no_dsp_1_U7/md_kernel_ddiv_64ns_64ns_64_14_no_dsp_1_ip_u/inst/i_synth/DIV_OP.SPD.OP/MANT_DIV/RT[38].ADDSUB/ADDSUB/CHAIN_GEN[48].C_MUX.CARRY_MUX_CARRY4_CARRY8/O[5]
                         net (fo=56, routed)          0.622     5.771    bd_0_i/hls_inst/inst/ddiv_64ns_64ns_64_14_no_dsp_1_U7/md_kernel_ddiv_64ns_64ns_64_14_no_dsp_1_ip_u/inst/i_synth/DIV_OP.SPD.OP/MANT_DIV/RT[38].ADDSUB/ADDSUB/Q[52]
    SLICE_X39Y82         LUT3 (Prop_H6LUT_SLICEM_I0_O)
                                                      0.152     5.923 r  bd_0_i/hls_inst/inst/ddiv_64ns_64ns_64_14_no_dsp_1_U7/md_kernel_ddiv_64ns_64ns_64_14_no_dsp_1_ip_u/inst/i_synth/DIV_OP.SPD.OP/MANT_DIV/RT[38].ADDSUB/ADDSUB/CHAIN_GEN[7].C_MUX.CARRY_MUX_i_1__38/O
                         net (fo=1, routed)           0.015     5.938    bd_0_i/hls_inst/inst/ddiv_64ns_64ns_64_14_no_dsp_1_U7/md_kernel_ddiv_64ns_64ns_64_14_no_dsp_1_ip_u/inst/i_synth/DIV_OP.SPD.OP/MANT_DIV/RT[39].ADDSUB/ADDSUB/a_xor_b_sub[7]
    SLICE_X39Y82         CARRY8 (Prop_CARRY8_SLICEM_S[7]_CO[7])
                                                      0.117     6.055 r  bd_0_i/hls_inst/inst/ddiv_64ns_64ns_64_14_no_dsp_1_U7/md_kernel_ddiv_64ns_64ns_64_14_no_dsp_1_ip_u/inst/i_synth/DIV_OP.SPD.OP/MANT_DIV/RT[39].ADDSUB/ADDSUB/CHAIN_GEN[0].C_MUX.CARRY_MUX_CARRY4_CARRY8/CO[7]
                         net (fo=1, routed)           0.026     6.081    bd_0_i/hls_inst/inst/ddiv_64ns_64ns_64_14_no_dsp_1_U7/md_kernel_ddiv_64ns_64ns_64_14_no_dsp_1_ip_u/inst/i_synth/DIV_OP.SPD.OP/MANT_DIV/RT[39].ADDSUB/ADDSUB/CHAIN_GEN[7].C_MUX.CARRY_MUX_n_0
    SLICE_X39Y83         CARRY8 (Prop_CARRY8_SLICEM_CI_CO[7])
                                                      0.015     6.096 r  bd_0_i/hls_inst/inst/ddiv_64ns_64ns_64_14_no_dsp_1_U7/md_kernel_ddiv_64ns_64ns_64_14_no_dsp_1_ip_u/inst/i_synth/DIV_OP.SPD.OP/MANT_DIV/RT[39].ADDSUB/ADDSUB/CHAIN_GEN[8].C_MUX.CARRY_MUX_CARRY4_CARRY8/CO[7]
                         net (fo=1, routed)           0.026     6.122    bd_0_i/hls_inst/inst/ddiv_64ns_64ns_64_14_no_dsp_1_U7/md_kernel_ddiv_64ns_64ns_64_14_no_dsp_1_ip_u/inst/i_synth/DIV_OP.SPD.OP/MANT_DIV/RT[39].ADDSUB/ADDSUB/CHAIN_GEN[15].C_MUX.CARRY_MUX_n_0
    SLICE_X39Y84         CARRY8 (Prop_CARRY8_SLICEM_CI_CO[7])
                                                      0.015     6.137 r  bd_0_i/hls_inst/inst/ddiv_64ns_64ns_64_14_no_dsp_1_U7/md_kernel_ddiv_64ns_64ns_64_14_no_dsp_1_ip_u/inst/i_synth/DIV_OP.SPD.OP/MANT_DIV/RT[39].ADDSUB/ADDSUB/CHAIN_GEN[16].C_MUX.CARRY_MUX_CARRY4_CARRY8/CO[7]
                         net (fo=1, routed)           0.026     6.163    bd_0_i/hls_inst/inst/ddiv_64ns_64ns_64_14_no_dsp_1_U7/md_kernel_ddiv_64ns_64ns_64_14_no_dsp_1_ip_u/inst/i_synth/DIV_OP.SPD.OP/MANT_DIV/RT[39].ADDSUB/ADDSUB/CHAIN_GEN[23].C_MUX.CARRY_MUX_n_0
    SLICE_X39Y85         CARRY8 (Prop_CARRY8_SLICEM_CI_CO[7])
                                                      0.015     6.178 r  bd_0_i/hls_inst/inst/ddiv_64ns_64ns_64_14_no_dsp_1_U7/md_kernel_ddiv_64ns_64ns_64_14_no_dsp_1_ip_u/inst/i_synth/DIV_OP.SPD.OP/MANT_DIV/RT[39].ADDSUB/ADDSUB/CHAIN_GEN[24].C_MUX.CARRY_MUX_CARRY4_CARRY8/CO[7]
                         net (fo=1, routed)           0.026     6.204    bd_0_i/hls_inst/inst/ddiv_64ns_64ns_64_14_no_dsp_1_U7/md_kernel_ddiv_64ns_64ns_64_14_no_dsp_1_ip_u/inst/i_synth/DIV_OP.SPD.OP/MANT_DIV/RT[39].ADDSUB/ADDSUB/CHAIN_GEN[31].C_MUX.CARRY_MUX_n_0
    SLICE_X39Y86         CARRY8 (Prop_CARRY8_SLICEM_CI_CO[7])
                                                      0.015     6.219 r  bd_0_i/hls_inst/inst/ddiv_64ns_64ns_64_14_no_dsp_1_U7/md_kernel_ddiv_64ns_64ns_64_14_no_dsp_1_ip_u/inst/i_synth/DIV_OP.SPD.OP/MANT_DIV/RT[39].ADDSUB/ADDSUB/CHAIN_GEN[32].C_MUX.CARRY_MUX_CARRY4_CARRY8/CO[7]
                         net (fo=1, routed)           0.026     6.245    bd_0_i/hls_inst/inst/ddiv_64ns_64ns_64_14_no_dsp_1_U7/md_kernel_ddiv_64ns_64ns_64_14_no_dsp_1_ip_u/inst/i_synth/DIV_OP.SPD.OP/MANT_DIV/RT[39].ADDSUB/ADDSUB/CHAIN_GEN[39].C_MUX.CARRY_MUX_n_0
    SLICE_X39Y87         CARRY8 (Prop_CARRY8_SLICEM_CI_CO[7])
                                                      0.015     6.260 r  bd_0_i/hls_inst/inst/ddiv_64ns_64ns_64_14_no_dsp_1_U7/md_kernel_ddiv_64ns_64ns_64_14_no_dsp_1_ip_u/inst/i_synth/DIV_OP.SPD.OP/MANT_DIV/RT[39].ADDSUB/ADDSUB/CHAIN_GEN[40].C_MUX.CARRY_MUX_CARRY4_CARRY8/CO[7]
                         net (fo=1, routed)           0.026     6.286    bd_0_i/hls_inst/inst/ddiv_64ns_64ns_64_14_no_dsp_1_U7/md_kernel_ddiv_64ns_64ns_64_14_no_dsp_1_ip_u/inst/i_synth/DIV_OP.SPD.OP/MANT_DIV/RT[39].ADDSUB/ADDSUB/CHAIN_GEN[47].C_MUX.CARRY_MUX_n_0
    SLICE_X39Y88         CARRY8 (Prop_CARRY8_SLICEM_CI_O[4])
                                                      0.086     6.372 r  bd_0_i/hls_inst/inst/ddiv_64ns_64ns_64_14_no_dsp_1_U7/md_kernel_ddiv_64ns_64ns_64_14_no_dsp_1_ip_u/inst/i_synth/DIV_OP.SPD.OP/MANT_DIV/RT[39].ADDSUB/ADDSUB/CHAIN_GEN[48].C_MUX.CARRY_MUX_CARRY4_CARRY8/O[4]
                         net (fo=1, routed)           0.025     6.397    bd_0_i/hls_inst/inst/ddiv_64ns_64ns_64_14_no_dsp_1_U7/md_kernel_ddiv_64ns_64ns_64_14_no_dsp_1_ip_u/inst/i_synth/DIV_OP.SPD.OP/MANT_DIV/RT[39].ADDSUB/ADDSUB/Q_DEL/i_pipe/q_int[52]
    SLICE_X39Y88         FDRE                                         r  bd_0_i/hls_inst/inst/ddiv_64ns_64ns_64_14_no_dsp_1_U7/md_kernel_ddiv_64ns_64ns_64_14_no_dsp_1_ip_u/inst/i_synth/DIV_OP.SPD.OP/MANT_DIV/RT[39].ADDSUB/ADDSUB/Q_DEL/i_pipe/opt_has_pipe.first_q_reg[52]/D
  -------------------------------------------------------------------    -------------------

                         (clock ap_clk rise edge)     8.000     8.000 r  
                                                      0.000     8.000 r  ap_clk (IN)
                         net (fo=4330, unset)         0.021     8.021    bd_0_i/hls_inst/inst/ddiv_64ns_64ns_64_14_no_dsp_1_U7/md_kernel_ddiv_64ns_64ns_64_14_no_dsp_1_ip_u/inst/i_synth/DIV_OP.SPD.OP/MANT_DIV/RT[39].ADDSUB/ADDSUB/Q_DEL/i_pipe/aclk
    SLICE_X39Y88         FDRE                                         r  bd_0_i/hls_inst/inst/ddiv_64ns_64ns_64_14_no_dsp_1_U7/md_kernel_ddiv_64ns_64ns_64_14_no_dsp_1_ip_u/inst/i_synth/DIV_OP.SPD.OP/MANT_DIV/RT[39].ADDSUB/ADDSUB/Q_DEL/i_pipe/opt_has_pipe.first_q_reg[52]/C
                         clock pessimism              0.000     8.021    
                         clock uncertainty           -0.035     7.986    
    SLICE_X39Y88         FDRE (Setup_EFF_SLICEM_C_D)
                                                      0.025     8.011    bd_0_i/hls_inst/inst/ddiv_64ns_64ns_64_14_no_dsp_1_U7/md_kernel_ddiv_64ns_64ns_64_14_no_dsp_1_ip_u/inst/i_synth/DIV_OP.SPD.OP/MANT_DIV/RT[39].ADDSUB/ADDSUB/Q_DEL/i_pipe/opt_has_pipe.first_q_reg[52]
  -------------------------------------------------------------------
                         required time                          8.011    
                         arrival time                          -6.397    
  -------------------------------------------------------------------
                         slack                                  1.614    

Slack (MET) :             1.617ns  (required time - arrival time)
  Source:                 bd_0_i/hls_inst/inst/ddiv_64ns_64ns_64_14_no_dsp_1_U7/md_kernel_ddiv_64ns_64ns_64_14_no_dsp_1_ip_u/inst/i_synth/DIV_OP.SPD.OP/MANT_DIV/RT[34].ADDSUB/ADDSUB/Q_DEL/i_pipe/opt_has_pipe.first_q_reg[53]/C
                            (rising edge-triggered cell FDRE clocked by ap_clk  {rise@0.000ns fall@4.000ns period=8.000ns})
  Destination:            bd_0_i/hls_inst/inst/ddiv_64ns_64ns_64_14_no_dsp_1_U7/md_kernel_ddiv_64ns_64ns_64_14_no_dsp_1_ip_u/inst/i_synth/DIV_OP.SPD.OP/MANT_DIV/RT[39].ADDSUB/ADDSUB/Q_DEL/i_pipe/opt_has_pipe.first_q_reg[51]/D
                            (rising edge-triggered cell FDRE clocked by ap_clk  {rise@0.000ns fall@4.000ns period=8.000ns})
  Path Group:             ap_clk
  Path Type:              Setup (Max at Slow Process Corner)
  Requirement:            8.000ns  (ap_clk rise@8.000ns - ap_clk rise@0.000ns)
  Data Path Delay:        6.364ns  (logic 2.501ns (39.299%)  route 3.863ns (60.701%))
  Logic Levels:           40  (CARRY8=35 LUT2=2 LUT3=3)
  Clock Path Skew:        -0.009ns (DCD - SCD + CPR)
    Destination Clock Delay (DCD):    0.021ns = ( 8.021 - 8.000 ) 
    Source Clock Delay      (SCD):    0.030ns
    Clock Pessimism Removal (CPR):    0.000ns
  Clock Uncertainty:      0.035ns  ((TSJ^2 + TIJ^2)^1/2 + DJ) / 2 + PE
    Total System Jitter     (TSJ):    0.071ns
    Total Input Jitter      (TIJ):    0.000ns
    Discrete Jitter          (DJ):    0.000ns
    Phase Error              (PE):    0.000ns

    Location             Delay type                Incr(ns)  Path(ns)    Netlist Resource(s)
  -------------------------------------------------------------------    -------------------
                         (clock ap_clk rise edge)     0.000     0.000 r  
                                                      0.000     0.000 r  ap_clk (IN)
                         net (fo=4330, unset)         0.030     0.030    bd_0_i/hls_inst/inst/ddiv_64ns_64ns_64_14_no_dsp_1_U7/md_kernel_ddiv_64ns_64ns_64_14_no_dsp_1_ip_u/inst/i_synth/DIV_OP.SPD.OP/MANT_DIV/RT[34].ADDSUB/ADDSUB/Q_DEL/i_pipe/aclk
    SLICE_X41Y90         FDRE                                         r  bd_0_i/hls_inst/inst/ddiv_64ns_64ns_64_14_no_dsp_1_U7/md_kernel_ddiv_64ns_64ns_64_14_no_dsp_1_ip_u/inst/i_synth/DIV_OP.SPD.OP/MANT_DIV/RT[34].ADDSUB/ADDSUB/Q_DEL/i_pipe/opt_has_pipe.first_q_reg[53]/C
  -------------------------------------------------------------------    -------------------
    SLICE_X41Y90         FDRE (Prop_FFF_SLICEM_C_Q)
                                                      0.076     0.106 r  bd_0_i/hls_inst/inst/ddiv_64ns_64ns_64_14_no_dsp_1_U7/md_kernel_ddiv_64ns_64ns_64_14_no_dsp_1_ip_u/inst/i_synth/DIV_OP.SPD.OP/MANT_DIV/RT[34].ADDSUB/ADDSUB/Q_DEL/i_pipe/opt_has_pipe.first_q_reg[53]/Q
                         net (fo=56, routed)          0.842     0.948    bd_0_i/hls_inst/inst/ddiv_64ns_64ns_64_14_no_dsp_1_U7/md_kernel_ddiv_64ns_64ns_64_14_no_dsp_1_ip_u/inst/i_synth/DIV_OP.SPD.OP/MANT_DIV/RT[34].ADDSUB/ADDSUB/Q_DEL/i_pipe/opt_has_pipe.first_q[53]
    SLICE_X38Y82         LUT3 (Prop_B6LUT_SLICEL_I0_O)
                                                      0.124     1.072 r  bd_0_i/hls_inst/inst/ddiv_64ns_64ns_64_14_no_dsp_1_U7/md_kernel_ddiv_64ns_64ns_64_14_no_dsp_1_ip_u/inst/i_synth/DIV_OP.SPD.OP/MANT_DIV/RT[34].ADDSUB/ADDSUB/Q_DEL/i_pipe/CHAIN_GEN[1].C_MUX.CARRY_MUX_i_1__34/O
                         net (fo=1, routed)           0.009     1.081    bd_0_i/hls_inst/inst/ddiv_64ns_64ns_64_14_no_dsp_1_U7/md_kernel_ddiv_64ns_64ns_64_14_no_dsp_1_ip_u/inst/i_synth/DIV_OP.SPD.OP/MANT_DIV/RT[35].ADDSUB/ADDSUB/CHAIN_GEN[53].Q_XOR.SUM_XOR_0[1]
    SLICE_X38Y82         CARRY8 (Prop_CARRY8_SLICEL_S[1]_CO[7])
                                                      0.186     1.267 r  bd_0_i/hls_inst/inst/ddiv_64ns_64ns_64_14_no_dsp_1_U7/md_kernel_ddiv_64ns_64ns_64_14_no_dsp_1_ip_u/inst/i_synth/DIV_OP.SPD.OP/MANT_DIV/RT[35].ADDSUB/ADDSUB/CHAIN_GEN[0].C_MUX.CARRY_MUX_CARRY4_CARRY8/CO[7]
                         net (fo=1, routed)           0.026     1.293    bd_0_i/hls_inst/inst/ddiv_64ns_64ns_64_14_no_dsp_1_U7/md_kernel_ddiv_64ns_64ns_64_14_no_dsp_1_ip_u/inst/i_synth/DIV_OP.SPD.OP/MANT_DIV/RT[35].ADDSUB/ADDSUB/CHAIN_GEN[7].C_MUX.CARRY_MUX_n_0
    SLICE_X38Y83         CARRY8 (Prop_CARRY8_SLICEL_CI_CO[7])
                                                      0.015     1.308 r  bd_0_i/hls_inst/inst/ddiv_64ns_64ns_64_14_no_dsp_1_U7/md_kernel_ddiv_64ns_64ns_64_14_no_dsp_1_ip_u/inst/i_synth/DIV_OP.SPD.OP/MANT_DIV/RT[35].ADDSUB/ADDSUB/CHAIN_GEN[8].C_MUX.CARRY_MUX_CARRY4_CARRY8/CO[7]
                         net (fo=1, routed)           0.026     1.334    bd_0_i/hls_inst/inst/ddiv_64ns_64ns_64_14_no_dsp_1_U7/md_kernel_ddiv_64ns_64ns_64_14_no_dsp_1_ip_u/inst/i_synth/DIV_OP.SPD.OP/MANT_DIV/RT[35].ADDSUB/ADDSUB/CHAIN_GEN[15].C_MUX.CARRY_MUX_n_0
    SLICE_X38Y84         CARRY8 (Prop_CARRY8_SLICEL_CI_CO[7])
                                                      0.015     1.349 r  bd_0_i/hls_inst/inst/ddiv_64ns_64ns_64_14_no_dsp_1_U7/md_kernel_ddiv_64ns_64ns_64_14_no_dsp_1_ip_u/inst/i_synth/DIV_OP.SPD.OP/MANT_DIV/RT[35].ADDSUB/ADDSUB/CHAIN_GEN[16].C_MUX.CARRY_MUX_CARRY4_CARRY8/CO[7]
                         net (fo=1, routed)           0.026     1.375    bd_0_i/hls_inst/inst/ddiv_64ns_64ns_64_14_no_dsp_1_U7/md_kernel_ddiv_64ns_64ns_64_14_no_dsp_1_ip_u/inst/i_synth/DIV_OP.SPD.OP/MANT_DIV/RT[35].ADDSUB/ADDSUB/CHAIN_GEN[23].C_MUX.CARRY_MUX_n_0
    SLICE_X38Y85         CARRY8 (Prop_CARRY8_SLICEL_CI_CO[7])
                                                      0.015     1.390 r  bd_0_i/hls_inst/inst/ddiv_64ns_64ns_64_14_no_dsp_1_U7/md_kernel_ddiv_64ns_64ns_64_14_no_dsp_1_ip_u/inst/i_synth/DIV_OP.SPD.OP/MANT_DIV/RT[35].ADDSUB/ADDSUB/CHAIN_GEN[24].C_MUX.CARRY_MUX_CARRY4_CARRY8/CO[7]
                         net (fo=1, routed)           0.026     1.416    bd_0_i/hls_inst/inst/ddiv_64ns_64ns_64_14_no_dsp_1_U7/md_kernel_ddiv_64ns_64ns_64_14_no_dsp_1_ip_u/inst/i_synth/DIV_OP.SPD.OP/MANT_DIV/RT[35].ADDSUB/ADDSUB/CHAIN_GEN[31].C_MUX.CARRY_MUX_n_0
    SLICE_X38Y86         CARRY8 (Prop_CARRY8_SLICEL_CI_CO[7])
                                                      0.015     1.431 r  bd_0_i/hls_inst/inst/ddiv_64ns_64ns_64_14_no_dsp_1_U7/md_kernel_ddiv_64ns_64ns_64_14_no_dsp_1_ip_u/inst/i_synth/DIV_OP.SPD.OP/MANT_DIV/RT[35].ADDSUB/ADDSUB/CHAIN_GEN[32].C_MUX.CARRY_MUX_CARRY4_CARRY8/CO[7]
                         net (fo=1, routed)           0.026     1.457    bd_0_i/hls_inst/inst/ddiv_64ns_64ns_64_14_no_dsp_1_U7/md_kernel_ddiv_64ns_64ns_64_14_no_dsp_1_ip_u/inst/i_synth/DIV_OP.SPD.OP/MANT_DIV/RT[35].ADDSUB/ADDSUB/CHAIN_GEN[39].C_MUX.CARRY_MUX_n_0
    SLICE_X38Y87         CARRY8 (Prop_CARRY8_SLICEL_CI_CO[7])
                                                      0.015     1.472 r  bd_0_i/hls_inst/inst/ddiv_64ns_64ns_64_14_no_dsp_1_U7/md_kernel_ddiv_64ns_64ns_64_14_no_dsp_1_ip_u/inst/i_synth/DIV_OP.SPD.OP/MANT_DIV/RT[35].ADDSUB/ADDSUB/CHAIN_GEN[40].C_MUX.CARRY_MUX_CARRY4_CARRY8/CO[7]
                         net (fo=1, routed)           0.026     1.498    bd_0_i/hls_inst/inst/ddiv_64ns_64ns_64_14_no_dsp_1_U7/md_kernel_ddiv_64ns_64ns_64_14_no_dsp_1_ip_u/inst/i_synth/DIV_OP.SPD.OP/MANT_DIV/RT[35].ADDSUB/ADDSUB/CHAIN_GEN[47].C_MUX.CARRY_MUX_n_0
    SLICE_X38Y88         CARRY8 (Prop_CARRY8_SLICEL_CI_O[5])
                                                      0.116     1.614 r  bd_0_i/hls_inst/inst/ddiv_64ns_64ns_64_14_no_dsp_1_U7/md_kernel_ddiv_64ns_64ns_64_14_no_dsp_1_ip_u/inst/i_synth/DIV_OP.SPD.OP/MANT_DIV/RT[35].ADDSUB/ADDSUB/CHAIN_GEN[48].C_MUX.CARRY_MUX_CARRY4_CARRY8/O[5]
                         net (fo=56, routed)          0.772     2.387    bd_0_i/hls_inst/inst/ddiv_64ns_64ns_64_14_no_dsp_1_U7/md_kernel_ddiv_64ns_64ns_64_14_no_dsp_1_ip_u/inst/i_synth/DIV_OP.SPD.OP/MANT_DIV/RT[35].ADDSUB/ADDSUB/Q[52]
    SLICE_X42Y82         LUT2 (Prop_A6LUT_SLICEM_I0_O)
                                                      0.150     2.537 r  bd_0_i/hls_inst/inst/ddiv_64ns_64ns_64_14_no_dsp_1_U7/md_kernel_ddiv_64ns_64ns_64_14_no_dsp_1_ip_u/inst/i_synth/DIV_OP.SPD.OP/MANT_DIV/RT[35].ADDSUB/ADDSUB/CHAIN_GEN[0].C_MUX.CARRY_MUX_i_1__35/O
                         net (fo=1, routed)           0.013     2.550    bd_0_i/hls_inst/inst/ddiv_64ns_64ns_64_14_no_dsp_1_U7/md_kernel_ddiv_64ns_64ns_64_14_no_dsp_1_ip_u/inst/i_synth/DIV_OP.SPD.OP/MANT_DIV/RT[36].ADDSUB/ADDSUB/CHAIN_GEN[53].Q_XOR.SUM_XOR_0[0]
    SLICE_X42Y82         CARRY8 (Prop_CARRY8_SLICEM_S[0]_CO[7])
                                                      0.192     2.742 r  bd_0_i/hls_inst/inst/ddiv_64ns_64ns_64_14_no_dsp_1_U7/md_kernel_ddiv_64ns_64ns_64_14_no_dsp_1_ip_u/inst/i_synth/DIV_OP.SPD.OP/MANT_DIV/RT[36].ADDSUB/ADDSUB/CHAIN_GEN[0].C_MUX.CARRY_MUX_CARRY4_CARRY8/CO[7]
                         net (fo=1, routed)           0.026     2.768    bd_0_i/hls_inst/inst/ddiv_64ns_64ns_64_14_no_dsp_1_U7/md_kernel_ddiv_64ns_64ns_64_14_no_dsp_1_ip_u/inst/i_synth/DIV_OP.SPD.OP/MANT_DIV/RT[36].ADDSUB/ADDSUB/CHAIN_GEN[7].C_MUX.CARRY_MUX_n_0
    SLICE_X42Y83         CARRY8 (Prop_CARRY8_SLICEM_CI_CO[7])
                                                      0.015     2.783 r  bd_0_i/hls_inst/inst/ddiv_64ns_64ns_64_14_no_dsp_1_U7/md_kernel_ddiv_64ns_64ns_64_14_no_dsp_1_ip_u/inst/i_synth/DIV_OP.SPD.OP/MANT_DIV/RT[36].ADDSUB/ADDSUB/CHAIN_GEN[8].C_MUX.CARRY_MUX_CARRY4_CARRY8/CO[7]
                         net (fo=1, routed)           0.026     2.809    bd_0_i/hls_inst/inst/ddiv_64ns_64ns_64_14_no_dsp_1_U7/md_kernel_ddiv_64ns_64ns_64_14_no_dsp_1_ip_u/inst/i_synth/DIV_OP.SPD.OP/MANT_DIV/RT[36].ADDSUB/ADDSUB/CHAIN_GEN[15].C_MUX.CARRY_MUX_n_0
    SLICE_X42Y84         CARRY8 (Prop_CARRY8_SLICEM_CI_CO[7])
                                                      0.015     2.824 r  bd_0_i/hls_inst/inst/ddiv_64ns_64ns_64_14_no_dsp_1_U7/md_kernel_ddiv_64ns_64ns_64_14_no_dsp_1_ip_u/inst/i_synth/DIV_OP.SPD.OP/MANT_DIV/RT[36].ADDSUB/ADDSUB/CHAIN_GEN[16].C_MUX.CARRY_MUX_CARRY4_CARRY8/CO[7]
                         net (fo=1, routed)           0.026     2.850    bd_0_i/hls_inst/inst/ddiv_64ns_64ns_64_14_no_dsp_1_U7/md_kernel_ddiv_64ns_64ns_64_14_no_dsp_1_ip_u/inst/i_synth/DIV_OP.SPD.OP/MANT_DIV/RT[36].ADDSUB/ADDSUB/CHAIN_GEN[23].C_MUX.CARRY_MUX_n_0
    SLICE_X42Y85         CARRY8 (Prop_CARRY8_SLICEM_CI_CO[7])
                                                      0.015     2.865 r  bd_0_i/hls_inst/inst/ddiv_64ns_64ns_64_14_no_dsp_1_U7/md_kernel_ddiv_64ns_64ns_64_14_no_dsp_1_ip_u/inst/i_synth/DIV_OP.SPD.OP/MANT_DIV/RT[36].ADDSUB/ADDSUB/CHAIN_GEN[24].C_MUX.CARRY_MUX_CARRY4_CARRY8/CO[7]
                         net (fo=1, routed)           0.026     2.891    bd_0_i/hls_inst/inst/ddiv_64ns_64ns_64_14_no_dsp_1_U7/md_kernel_ddiv_64ns_64ns_64_14_no_dsp_1_ip_u/inst/i_synth/DIV_OP.SPD.OP/MANT_DIV/RT[36].ADDSUB/ADDSUB/CHAIN_GEN[31].C_MUX.CARRY_MUX_n_0
    SLICE_X42Y86         CARRY8 (Prop_CARRY8_SLICEM_CI_CO[7])
                                                      0.015     2.906 r  bd_0_i/hls_inst/inst/ddiv_64ns_64ns_64_14_no_dsp_1_U7/md_kernel_ddiv_64ns_64ns_64_14_no_dsp_1_ip_u/inst/i_synth/DIV_OP.SPD.OP/MANT_DIV/RT[36].ADDSUB/ADDSUB/CHAIN_GEN[32].C_MUX.CARRY_MUX_CARRY4_CARRY8/CO[7]
                         net (fo=1, routed)           0.026     2.932    bd_0_i/hls_inst/inst/ddiv_64ns_64ns_64_14_no_dsp_1_U7/md_kernel_ddiv_64ns_64ns_64_14_no_dsp_1_ip_u/inst/i_synth/DIV_OP.SPD.OP/MANT_DIV/RT[36].ADDSUB/ADDSUB/CHAIN_GEN[39].C_MUX.CARRY_MUX_n_0
    SLICE_X42Y87         CARRY8 (Prop_CARRY8_SLICEM_CI_CO[7])
                                                      0.015     2.947 r  bd_0_i/hls_inst/inst/ddiv_64ns_64ns_64_14_no_dsp_1_U7/md_kernel_ddiv_64ns_64ns_64_14_no_dsp_1_ip_u/inst/i_synth/DIV_OP.SPD.OP/MANT_DIV/RT[36].ADDSUB/ADDSUB/CHAIN_GEN[40].C_MUX.CARRY_MUX_CARRY4_CARRY8/CO[7]
                         net (fo=1, routed)           0.026     2.973    bd_0_i/hls_inst/inst/ddiv_64ns_64ns_64_14_no_dsp_1_U7/md_kernel_ddiv_64ns_64ns_64_14_no_dsp_1_ip_u/inst/i_synth/DIV_OP.SPD.OP/MANT_DIV/RT[36].ADDSUB/ADDSUB/CHAIN_GEN[47].C_MUX.CARRY_MUX_n_0
    SLICE_X42Y88         CARRY8 (Prop_CARRY8_SLICEM_CI_O[5])
                                                      0.116     3.089 r  bd_0_i/hls_inst/inst/ddiv_64ns_64ns_64_14_no_dsp_1_U7/md_kernel_ddiv_64ns_64ns_64_14_no_dsp_1_ip_u/inst/i_synth/DIV_OP.SPD.OP/MANT_DIV/RT[36].ADDSUB/ADDSUB/CHAIN_GEN[48].C_MUX.CARRY_MUX_CARRY4_CARRY8/O[5]
                         net (fo=56, routed)          0.371     3.460    bd_0_i/hls_inst/inst/ddiv_64ns_64ns_64_14_no_dsp_1_U7/md_kernel_ddiv_64ns_64ns_64_14_no_dsp_1_ip_u/inst/i_synth/DIV_OP.SPD.OP/MANT_DIV/RT[36].ADDSUB/ADDSUB/Q[52]
    SLICE_X43Y82         LUT2 (Prop_A6LUT_SLICEL_I0_O)
                                                      0.090     3.550 r  bd_0_i/hls_inst/inst/ddiv_64ns_64ns_64_14_no_dsp_1_U7/md_kernel_ddiv_64ns_64ns_64_14_no_dsp_1_ip_u/inst/i_synth/DIV_OP.SPD.OP/MANT_DIV/RT[36].ADDSUB/ADDSUB/CHAIN_GEN[0].C_MUX.CARRY_MUX_i_1__36/O
                         net (fo=1, routed)           0.009     3.559    bd_0_i/hls_inst/inst/ddiv_64ns_64ns_64_14_no_dsp_1_U7/md_kernel_ddiv_64ns_64ns_64_14_no_dsp_1_ip_u/inst/i_synth/DIV_OP.SPD.OP/MANT_DIV/RT[37].ADDSUB/ADDSUB/CHAIN_GEN[53].Q_XOR.SUM_XOR_0[0]
    SLICE_X43Y82         CARRY8 (Prop_CARRY8_SLICEL_S[0]_CO[7])
                                                      0.190     3.749 r  bd_0_i/hls_inst/inst/ddiv_64ns_64ns_64_14_no_dsp_1_U7/md_kernel_ddiv_64ns_64ns_64_14_no_dsp_1_ip_u/inst/i_synth/DIV_OP.SPD.OP/MANT_DIV/RT[37].ADDSUB/ADDSUB/CHAIN_GEN[0].C_MUX.CARRY_MUX_CARRY4_CARRY8/CO[7]
                         net (fo=1, routed)           0.026     3.775    bd_0_i/hls_inst/inst/ddiv_64ns_64ns_64_14_no_dsp_1_U7/md_kernel_ddiv_64ns_64ns_64_14_no_dsp_1_ip_u/inst/i_synth/DIV_OP.SPD.OP/MANT_DIV/RT[37].ADDSUB/ADDSUB/CHAIN_GEN[7].C_MUX.CARRY_MUX_n_0
    SLICE_X43Y83         CARRY8 (Prop_CARRY8_SLICEL_CI_CO[7])
                                                      0.015     3.790 r  bd_0_i/hls_inst/inst/ddiv_64ns_64ns_64_14_no_dsp_1_U7/md_kernel_ddiv_64ns_64ns_64_14_no_dsp_1_ip_u/inst/i_synth/DIV_OP.SPD.OP/MANT_DIV/RT[37].ADDSUB/ADDSUB/CHAIN_GEN[8].C_MUX.CARRY_MUX_CARRY4_CARRY8/CO[7]
                         net (fo=1, routed)           0.026     3.816    bd_0_i/hls_inst/inst/ddiv_64ns_64ns_64_14_no_dsp_1_U7/md_kernel_ddiv_64ns_64ns_64_14_no_dsp_1_ip_u/inst/i_synth/DIV_OP.SPD.OP/MANT_DIV/RT[37].ADDSUB/ADDSUB/CHAIN_GEN[15].C_MUX.CARRY_MUX_n_0
    SLICE_X43Y84         CARRY8 (Prop_CARRY8_SLICEL_CI_CO[7])
                                                      0.015     3.831 r  bd_0_i/hls_inst/inst/ddiv_64ns_64ns_64_14_no_dsp_1_U7/md_kernel_ddiv_64ns_64ns_64_14_no_dsp_1_ip_u/inst/i_synth/DIV_OP.SPD.OP/MANT_DIV/RT[37].ADDSUB/ADDSUB/CHAIN_GEN[16].C_MUX.CARRY_MUX_CARRY4_CARRY8/CO[7]
                         net (fo=1, routed)           0.026     3.857    bd_0_i/hls_inst/inst/ddiv_64ns_64ns_64_14_no_dsp_1_U7/md_kernel_ddiv_64ns_64ns_64_14_no_dsp_1_ip_u/inst/i_synth/DIV_OP.SPD.OP/MANT_DIV/RT[37].ADDSUB/ADDSUB/CHAIN_GEN[23].C_MUX.CARRY_MUX_n_0
    SLICE_X43Y85         CARRY8 (Prop_CARRY8_SLICEL_CI_CO[7])
                                                      0.015     3.872 r  bd_0_i/hls_inst/inst/ddiv_64ns_64ns_64_14_no_dsp_1_U7/md_kernel_ddiv_64ns_64ns_64_14_no_dsp_1_ip_u/inst/i_synth/DIV_OP.SPD.OP/MANT_DIV/RT[37].ADDSUB/ADDSUB/CHAIN_GEN[24].C_MUX.CARRY_MUX_CARRY4_CARRY8/CO[7]
                         net (fo=1, routed)           0.026     3.898    bd_0_i/hls_inst/inst/ddiv_64ns_64ns_64_14_no_dsp_1_U7/md_kernel_ddiv_64ns_64ns_64_14_no_dsp_1_ip_u/inst/i_synth/DIV_OP.SPD.OP/MANT_DIV/RT[37].ADDSUB/ADDSUB/CHAIN_GEN[31].C_MUX.CARRY_MUX_n_0
    SLICE_X43Y86         CARRY8 (Prop_CARRY8_SLICEL_CI_CO[7])
                                                      0.015     3.913 r  bd_0_i/hls_inst/inst/ddiv_64ns_64ns_64_14_no_dsp_1_U7/md_kernel_ddiv_64ns_64ns_64_14_no_dsp_1_ip_u/inst/i_synth/DIV_OP.SPD.OP/MANT_DIV/RT[37].ADDSUB/ADDSUB/CHAIN_GEN[32].C_MUX.CARRY_MUX_CARRY4_CARRY8/CO[7]
                         net (fo=1, routed)           0.026     3.939    bd_0_i/hls_inst/inst/ddiv_64ns_64ns_64_14_no_dsp_1_U7/md_kernel_ddiv_64ns_64ns_64_14_no_dsp_1_ip_u/inst/i_synth/DIV_OP.SPD.OP/MANT_DIV/RT[37].ADDSUB/ADDSUB/CHAIN_GEN[39].C_MUX.CARRY_MUX_n_0
    SLICE_X43Y87         CARRY8 (Prop_CARRY8_SLICEL_CI_CO[7])
                                                      0.015     3.954 r  bd_0_i/hls_inst/inst/ddiv_64ns_64ns_64_14_no_dsp_1_U7/md_kernel_ddiv_64ns_64ns_64_14_no_dsp_1_ip_u/inst/i_synth/DIV_OP.SPD.OP/MANT_DIV/RT[37].ADDSUB/ADDSUB/CHAIN_GEN[40].C_MUX.CARRY_MUX_CARRY4_CARRY8/CO[7]
                         net (fo=1, routed)           0.026     3.980    bd_0_i/hls_inst/inst/ddiv_64ns_64ns_64_14_no_dsp_1_U7/md_kernel_ddiv_64ns_64ns_64_14_no_dsp_1_ip_u/inst/i_synth/DIV_OP.SPD.OP/MANT_DIV/RT[37].ADDSUB/ADDSUB/CHAIN_GEN[47].C_MUX.CARRY_MUX_n_0
    SLICE_X43Y88         CARRY8 (Prop_CARRY8_SLICEL_CI_O[5])
                                                      0.116     4.096 r  bd_0_i/hls_inst/inst/ddiv_64ns_64ns_64_14_no_dsp_1_U7/md_kernel_ddiv_64ns_64ns_64_14_no_dsp_1_ip_u/inst/i_synth/DIV_OP.SPD.OP/MANT_DIV/RT[37].ADDSUB/ADDSUB/CHAIN_GEN[48].C_MUX.CARRY_MUX_CARRY4_CARRY8/O[5]
                         net (fo=56, routed)          0.392     4.488    bd_0_i/hls_inst/inst/ddiv_64ns_64ns_64_14_no_dsp_1_U7/md_kernel_ddiv_64ns_64ns_64_14_no_dsp_1_ip_u/inst/i_synth/DIV_OP.SPD.OP/MANT_DIV/RT[37].ADDSUB/ADDSUB/Q[52]
    SLICE_X40Y81         LUT3 (Prop_F6LUT_SLICEL_I0_O)
                                                      0.148     4.636 r  bd_0_i/hls_inst/inst/ddiv_64ns_64ns_64_14_no_dsp_1_U7/md_kernel_ddiv_64ns_64ns_64_14_no_dsp_1_ip_u/inst/i_synth/DIV_OP.SPD.OP/MANT_DIV/RT[37].ADDSUB/ADDSUB/CHAIN_GEN[5].C_MUX.CARRY_MUX_i_1__37/O
                         net (fo=1, routed)           0.011     4.647    bd_0_i/hls_inst/inst/ddiv_64ns_64ns_64_14_no_dsp_1_U7/md_kernel_ddiv_64ns_64ns_64_14_no_dsp_1_ip_u/inst/i_synth/DIV_OP.SPD.OP/MANT_DIV/RT[38].ADDSUB/ADDSUB/A[5]
    SLICE_X40Y81         CARRY8 (Prop_CARRY8_SLICEL_S[5]_CO[7])
                                                      0.155     4.802 r  bd_0_i/hls_inst/inst/ddiv_64ns_64ns_64_14_no_dsp_1_U7/md_kernel_ddiv_64ns_64ns_64_14_no_dsp_1_ip_u/inst/i_synth/DIV_OP.SPD.OP/MANT_DIV/RT[38].ADDSUB/ADDSUB/CHAIN_GEN[0].C_MUX.CARRY_MUX_CARRY4_CARRY8/CO[7]
                         net (fo=1, routed)           0.026     4.828    bd_0_i/hls_inst/inst/ddiv_64ns_64ns_64_14_no_dsp_1_U7/md_kernel_ddiv_64ns_64ns_64_14_no_dsp_1_ip_u/inst/i_synth/DIV_OP.SPD.OP/MANT_DIV/RT[38].ADDSUB/ADDSUB/CHAIN_GEN[7].C_MUX.CARRY_MUX_n_0
    SLICE_X40Y82         CARRY8 (Prop_CARRY8_SLICEL_CI_CO[7])
                                                      0.015     4.843 r  bd_0_i/hls_inst/inst/ddiv_64ns_64ns_64_14_no_dsp_1_U7/md_kernel_ddiv_64ns_64ns_64_14_no_dsp_1_ip_u/inst/i_synth/DIV_OP.SPD.OP/MANT_DIV/RT[38].ADDSUB/ADDSUB/CHAIN_GEN[8].C_MUX.CARRY_MUX_CARRY4_CARRY8/CO[7]
                         net (fo=1, routed)           0.026     4.869    bd_0_i/hls_inst/inst/ddiv_64ns_64ns_64_14_no_dsp_1_U7/md_kernel_ddiv_64ns_64ns_64_14_no_dsp_1_ip_u/inst/i_synth/DIV_OP.SPD.OP/MANT_DIV/RT[38].ADDSUB/ADDSUB/CHAIN_GEN[15].C_MUX.CARRY_MUX_n_0
    SLICE_X40Y83         CARRY8 (Prop_CARRY8_SLICEL_CI_CO[7])
                                                      0.015     4.884 r  bd_0_i/hls_inst/inst/ddiv_64ns_64ns_64_14_no_dsp_1_U7/md_kernel_ddiv_64ns_64ns_64_14_no_dsp_1_ip_u/inst/i_synth/DIV_OP.SPD.OP/MANT_DIV/RT[38].ADDSUB/ADDSUB/CHAIN_GEN[16].C_MUX.CARRY_MUX_CARRY4_CARRY8/CO[7]
                         net (fo=1, routed)           0.026     4.910    bd_0_i/hls_inst/inst/ddiv_64ns_64ns_64_14_no_dsp_1_U7/md_kernel_ddiv_64ns_64ns_64_14_no_dsp_1_ip_u/inst/i_synth/DIV_OP.SPD.OP/MANT_DIV/RT[38].ADDSUB/ADDSUB/CHAIN_GEN[23].C_MUX.CARRY_MUX_n_0
    SLICE_X40Y84         CARRY8 (Prop_CARRY8_SLICEL_CI_CO[7])
                                                      0.015     4.925 r  bd_0_i/hls_inst/inst/ddiv_64ns_64ns_64_14_no_dsp_1_U7/md_kernel_ddiv_64ns_64ns_64_14_no_dsp_1_ip_u/inst/i_synth/DIV_OP.SPD.OP/MANT_DIV/RT[38].ADDSUB/ADDSUB/CHAIN_GEN[24].C_MUX.CARRY_MUX_CARRY4_CARRY8/CO[7]
                         net (fo=1, routed)           0.026     4.951    bd_0_i/hls_inst/inst/ddiv_64ns_64ns_64_14_no_dsp_1_U7/md_kernel_ddiv_64ns_64ns_64_14_no_dsp_1_ip_u/inst/i_synth/DIV_OP.SPD.OP/MANT_DIV/RT[38].ADDSUB/ADDSUB/CHAIN_GEN[31].C_MUX.CARRY_MUX_n_0
    SLICE_X40Y85         CARRY8 (Prop_CARRY8_SLICEL_CI_CO[7])
                                                      0.015     4.966 r  bd_0_i/hls_inst/inst/ddiv_64ns_64ns_64_14_no_dsp_1_U7/md_kernel_ddiv_64ns_64ns_64_14_no_dsp_1_ip_u/inst/i_synth/DIV_OP.SPD.OP/MANT_DIV/RT[38].ADDSUB/ADDSUB/CHAIN_GEN[32].C_MUX.CARRY_MUX_CARRY4_CARRY8/CO[7]
                         net (fo=1, routed)           0.026     4.992    bd_0_i/hls_inst/inst/ddiv_64ns_64ns_64_14_no_dsp_1_U7/md_kernel_ddiv_64ns_64ns_64_14_no_dsp_1_ip_u/inst/i_synth/DIV_OP.SPD.OP/MANT_DIV/RT[38].ADDSUB/ADDSUB/CHAIN_GEN[39].C_MUX.CARRY_MUX_n_0
    SLICE_X40Y86         CARRY8 (Prop_CARRY8_SLICEL_CI_CO[7])
                                                      0.015     5.007 r  bd_0_i/hls_inst/inst/ddiv_64ns_64ns_64_14_no_dsp_1_U7/md_kernel_ddiv_64ns_64ns_64_14_no_dsp_1_ip_u/inst/i_synth/DIV_OP.SPD.OP/MANT_DIV/RT[38].ADDSUB/ADDSUB/CHAIN_GEN[40].C_MUX.CARRY_MUX_CARRY4_CARRY8/CO[7]
                         net (fo=1, routed)           0.026     5.033    bd_0_i/hls_inst/inst/ddiv_64ns_64ns_64_14_no_dsp_1_U7/md_kernel_ddiv_64ns_64ns_64_14_no_dsp_1_ip_u/inst/i_synth/DIV_OP.SPD.OP/MANT_DIV/RT[38].ADDSUB/ADDSUB/CHAIN_GEN[47].C_MUX.CARRY_MUX_n_0
    SLICE_X40Y87         CARRY8 (Prop_CARRY8_SLICEL_CI_O[5])
                                                      0.116     5.149 r  bd_0_i/hls_inst/inst/ddiv_64ns_64ns_64_14_no_dsp_1_U7/md_kernel_ddiv_64ns_64ns_64_14_no_dsp_1_ip_u/inst/i_synth/DIV_OP.SPD.OP/MANT_DIV/RT[38].ADDSUB/ADDSUB/CHAIN_GEN[48].C_MUX.CARRY_MUX_CARRY4_CARRY8/O[5]
                         net (fo=56, routed)          0.622     5.771    bd_0_i/hls_inst/inst/ddiv_64ns_64ns_64_14_no_dsp_1_U7/md_kernel_ddiv_64ns_64ns_64_14_no_dsp_1_ip_u/inst/i_synth/DIV_OP.SPD.OP/MANT_DIV/RT[38].ADDSUB/ADDSUB/Q[52]
    SLICE_X39Y82         LUT3 (Prop_H6LUT_SLICEM_I0_O)
                                                      0.152     5.923 r  bd_0_i/hls_inst/inst/ddiv_64ns_64ns_64_14_no_dsp_1_U7/md_kernel_ddiv_64ns_64ns_64_14_no_dsp_1_ip_u/inst/i_synth/DIV_OP.SPD.OP/MANT_DIV/RT[38].ADDSUB/ADDSUB/CHAIN_GEN[7].C_MUX.CARRY_MUX_i_1__38/O
                         net (fo=1, routed)           0.015     5.938    bd_0_i/hls_inst/inst/ddiv_64ns_64ns_64_14_no_dsp_1_U7/md_kernel_ddiv_64ns_64ns_64_14_no_dsp_1_ip_u/inst/i_synth/DIV_OP.SPD.OP/MANT_DIV/RT[39].ADDSUB/ADDSUB/a_xor_b_sub[7]
    SLICE_X39Y82         CARRY8 (Prop_CARRY8_SLICEM_S[7]_CO[7])
                                                      0.117     6.055 r  bd_0_i/hls_inst/inst/ddiv_64ns_64ns_64_14_no_dsp_1_U7/md_kernel_ddiv_64ns_64ns_64_14_no_dsp_1_ip_u/inst/i_synth/DIV_OP.SPD.OP/MANT_DIV/RT[39].ADDSUB/ADDSUB/CHAIN_GEN[0].C_MUX.CARRY_MUX_CARRY4_CARRY8/CO[7]
                         net (fo=1, routed)           0.026     6.081    bd_0_i/hls_inst/inst/ddiv_64ns_64ns_64_14_no_dsp_1_U7/md_kernel_ddiv_64ns_64ns_64_14_no_dsp_1_ip_u/inst/i_synth/DIV_OP.SPD.OP/MANT_DIV/RT[39].ADDSUB/ADDSUB/CHAIN_GEN[7].C_MUX.CARRY_MUX_n_0
    SLICE_X39Y83         CARRY8 (Prop_CARRY8_SLICEM_CI_CO[7])
                                                      0.015     6.096 r  bd_0_i/hls_inst/inst/ddiv_64ns_64ns_64_14_no_dsp_1_U7/md_kernel_ddiv_64ns_64ns_64_14_no_dsp_1_ip_u/inst/i_synth/DIV_OP.SPD.OP/MANT_DIV/RT[39].ADDSUB/ADDSUB/CHAIN_GEN[8].C_MUX.CARRY_MUX_CARRY4_CARRY8/CO[7]
                         net (fo=1, routed)           0.026     6.122    bd_0_i/hls_inst/inst/ddiv_64ns_64ns_64_14_no_dsp_1_U7/md_kernel_ddiv_64ns_64ns_64_14_no_dsp_1_ip_u/inst/i_synth/DIV_OP.SPD.OP/MANT_DIV/RT[39].ADDSUB/ADDSUB/CHAIN_GEN[15].C_MUX.CARRY_MUX_n_0
    SLICE_X39Y84         CARRY8 (Prop_CARRY8_SLICEM_CI_CO[7])
                                                      0.015     6.137 r  bd_0_i/hls_inst/inst/ddiv_64ns_64ns_64_14_no_dsp_1_U7/md_kernel_ddiv_64ns_64ns_64_14_no_dsp_1_ip_u/inst/i_synth/DIV_OP.SPD.OP/MANT_DIV/RT[39].ADDSUB/ADDSUB/CHAIN_GEN[16].C_MUX.CARRY_MUX_CARRY4_CARRY8/CO[7]
                         net (fo=1, routed)           0.026     6.163    bd_0_i/hls_inst/inst/ddiv_64ns_64ns_64_14_no_dsp_1_U7/md_kernel_ddiv_64ns_64ns_64_14_no_dsp_1_ip_u/inst/i_synth/DIV_OP.SPD.OP/MANT_DIV/RT[39].ADDSUB/ADDSUB/CHAIN_GEN[23].C_MUX.CARRY_MUX_n_0
    SLICE_X39Y85         CARRY8 (Prop_CARRY8_SLICEM_CI_CO[7])
                                                      0.015     6.178 r  bd_0_i/hls_inst/inst/ddiv_64ns_64ns_64_14_no_dsp_1_U7/md_kernel_ddiv_64ns_64ns_64_14_no_dsp_1_ip_u/inst/i_synth/DIV_OP.SPD.OP/MANT_DIV/RT[39].ADDSUB/ADDSUB/CHAIN_GEN[24].C_MUX.CARRY_MUX_CARRY4_CARRY8/CO[7]
                         net (fo=1, routed)           0.026     6.204    bd_0_i/hls_inst/inst/ddiv_64ns_64ns_64_14_no_dsp_1_U7/md_kernel_ddiv_64ns_64ns_64_14_no_dsp_1_ip_u/inst/i_synth/DIV_OP.SPD.OP/MANT_DIV/RT[39].ADDSUB/ADDSUB/CHAIN_GEN[31].C_MUX.CARRY_MUX_n_0
    SLICE_X39Y86         CARRY8 (Prop_CARRY8_SLICEM_CI_CO[7])
                                                      0.015     6.219 r  bd_0_i/hls_inst/inst/ddiv_64ns_64ns_64_14_no_dsp_1_U7/md_kernel_ddiv_64ns_64ns_64_14_no_dsp_1_ip_u/inst/i_synth/DIV_OP.SPD.OP/MANT_DIV/RT[39].ADDSUB/ADDSUB/CHAIN_GEN[32].C_MUX.CARRY_MUX_CARRY4_CARRY8/CO[7]
                         net (fo=1, routed)           0.026     6.245    bd_0_i/hls_inst/inst/ddiv_64ns_64ns_64_14_no_dsp_1_U7/md_kernel_ddiv_64ns_64ns_64_14_no_dsp_1_ip_u/inst/i_synth/DIV_OP.SPD.OP/MANT_DIV/RT[39].ADDSUB/ADDSUB/CHAIN_GEN[39].C_MUX.CARRY_MUX_n_0
    SLICE_X39Y87         CARRY8 (Prop_CARRY8_SLICEM_CI_CO[7])
                                                      0.015     6.260 r  bd_0_i/hls_inst/inst/ddiv_64ns_64ns_64_14_no_dsp_1_U7/md_kernel_ddiv_64ns_64ns_64_14_no_dsp_1_ip_u/inst/i_synth/DIV_OP.SPD.OP/MANT_DIV/RT[39].ADDSUB/ADDSUB/CHAIN_GEN[40].C_MUX.CARRY_MUX_CARRY4_CARRY8/CO[7]
                         net (fo=1, routed)           0.026     6.286    bd_0_i/hls_inst/inst/ddiv_64ns_64ns_64_14_no_dsp_1_U7/md_kernel_ddiv_64ns_64ns_64_14_no_dsp_1_ip_u/inst/i_synth/DIV_OP.SPD.OP/MANT_DIV/RT[39].ADDSUB/ADDSUB/CHAIN_GEN[47].C_MUX.CARRY_MUX_n_0
    SLICE_X39Y88         CARRY8 (Prop_CARRY8_SLICEM_CI_O[3])
                                                      0.082     6.368 r  bd_0_i/hls_inst/inst/ddiv_64ns_64ns_64_14_no_dsp_1_U7/md_kernel_ddiv_64ns_64ns_64_14_no_dsp_1_ip_u/inst/i_synth/DIV_OP.SPD.OP/MANT_DIV/RT[39].ADDSUB/ADDSUB/CHAIN_GEN[48].C_MUX.CARRY_MUX_CARRY4_CARRY8/O[3]
                         net (fo=1, routed)           0.026     6.394    bd_0_i/hls_inst/inst/ddiv_64ns_64ns_64_14_no_dsp_1_U7/md_kernel_ddiv_64ns_64ns_64_14_no_dsp_1_ip_u/inst/i_synth/DIV_OP.SPD.OP/MANT_DIV/RT[39].ADDSUB/ADDSUB/Q_DEL/i_pipe/q_int[51]
    SLICE_X39Y88         FDRE                                         r  bd_0_i/hls_inst/inst/ddiv_64ns_64ns_64_14_no_dsp_1_U7/md_kernel_ddiv_64ns_64ns_64_14_no_dsp_1_ip_u/inst/i_synth/DIV_OP.SPD.OP/MANT_DIV/RT[39].ADDSUB/ADDSUB/Q_DEL/i_pipe/opt_has_pipe.first_q_reg[51]/D
  -------------------------------------------------------------------    -------------------

                         (clock ap_clk rise edge)     8.000     8.000 r  
                                                      0.000     8.000 r  ap_clk (IN)
                         net (fo=4330, unset)         0.021     8.021    bd_0_i/hls_inst/inst/ddiv_64ns_64ns_64_14_no_dsp_1_U7/md_kernel_ddiv_64ns_64ns_64_14_no_dsp_1_ip_u/inst/i_synth/DIV_OP.SPD.OP/MANT_DIV/RT[39].ADDSUB/ADDSUB/Q_DEL/i_pipe/aclk
    SLICE_X39Y88         FDRE                                         r  bd_0_i/hls_inst/inst/ddiv_64ns_64ns_64_14_no_dsp_1_U7/md_kernel_ddiv_64ns_64ns_64_14_no_dsp_1_ip_u/inst/i_synth/DIV_OP.SPD.OP/MANT_DIV/RT[39].ADDSUB/ADDSUB/Q_DEL/i_pipe/opt_has_pipe.first_q_reg[51]/C
                         clock pessimism              0.000     8.021    
                         clock uncertainty           -0.035     7.986    
    SLICE_X39Y88         FDRE (Setup_DFF_SLICEM_C_D)
                                                      0.025     8.011    bd_0_i/hls_inst/inst/ddiv_64ns_64ns_64_14_no_dsp_1_U7/md_kernel_ddiv_64ns_64ns_64_14_no_dsp_1_ip_u/inst/i_synth/DIV_OP.SPD.OP/MANT_DIV/RT[39].ADDSUB/ADDSUB/Q_DEL/i_pipe/opt_has_pipe.first_q_reg[51]
  -------------------------------------------------------------------
                         required time                          8.011    
                         arrival time                          -6.394    
  -------------------------------------------------------------------
                         slack                                  1.617    

Slack (MET) :             1.624ns  (required time - arrival time)
  Source:                 bd_0_i/hls_inst/inst/ddiv_64ns_64ns_64_14_no_dsp_1_U7/md_kernel_ddiv_64ns_64ns_64_14_no_dsp_1_ip_u/inst/i_synth/DIV_OP.SPD.OP/MANT_DIV/RT[34].ADDSUB/ADDSUB/Q_DEL/i_pipe/opt_has_pipe.first_q_reg[53]/C
                            (rising edge-triggered cell FDRE clocked by ap_clk  {rise@0.000ns fall@4.000ns period=8.000ns})
  Destination:            bd_0_i/hls_inst/inst/ddiv_64ns_64ns_64_14_no_dsp_1_U7/md_kernel_ddiv_64ns_64ns_64_14_no_dsp_1_ip_u/inst/i_synth/DIV_OP.SPD.OP/MANT_DIV/RT[39].ADDSUB/ADDSUB/Q_DEL/i_pipe/opt_has_pipe.first_q_reg[47]/D
                            (rising edge-triggered cell FDRE clocked by ap_clk  {rise@0.000ns fall@4.000ns period=8.000ns})
  Path Group:             ap_clk
  Path Type:              Setup (Max at Slow Process Corner)
  Requirement:            8.000ns  (ap_clk rise@8.000ns - ap_clk rise@0.000ns)
  Data Path Delay:        6.357ns  (logic 2.520ns (39.642%)  route 3.837ns (60.358%))
  Logic Levels:           39  (CARRY8=34 LUT2=2 LUT3=3)
  Clock Path Skew:        -0.009ns (DCD - SCD + CPR)
    Destination Clock Delay (DCD):    0.021ns = ( 8.021 - 8.000 ) 
    Source Clock Delay      (SCD):    0.030ns
    Clock Pessimism Removal (CPR):    0.000ns
  Clock Uncertainty:      0.035ns  ((TSJ^2 + TIJ^2)^1/2 + DJ) / 2 + PE
    Total System Jitter     (TSJ):    0.071ns
    Total Input Jitter      (TIJ):    0.000ns
    Discrete Jitter          (DJ):    0.000ns
    Phase Error              (PE):    0.000ns

    Location             Delay type                Incr(ns)  Path(ns)    Netlist Resource(s)
  -------------------------------------------------------------------    -------------------
                         (clock ap_clk rise edge)     0.000     0.000 r  
                                                      0.000     0.000 r  ap_clk (IN)
                         net (fo=4330, unset)         0.030     0.030    bd_0_i/hls_inst/inst/ddiv_64ns_64ns_64_14_no_dsp_1_U7/md_kernel_ddiv_64ns_64ns_64_14_no_dsp_1_ip_u/inst/i_synth/DIV_OP.SPD.OP/MANT_DIV/RT[34].ADDSUB/ADDSUB/Q_DEL/i_pipe/aclk
    SLICE_X41Y90         FDRE                                         r  bd_0_i/hls_inst/inst/ddiv_64ns_64ns_64_14_no_dsp_1_U7/md_kernel_ddiv_64ns_64ns_64_14_no_dsp_1_ip_u/inst/i_synth/DIV_OP.SPD.OP/MANT_DIV/RT[34].ADDSUB/ADDSUB/Q_DEL/i_pipe/opt_has_pipe.first_q_reg[53]/C
  -------------------------------------------------------------------    -------------------
    SLICE_X41Y90         FDRE (Prop_FFF_SLICEM_C_Q)
                                                      0.076     0.106 r  bd_0_i/hls_inst/inst/ddiv_64ns_64ns_64_14_no_dsp_1_U7/md_kernel_ddiv_64ns_64ns_64_14_no_dsp_1_ip_u/inst/i_synth/DIV_OP.SPD.OP/MANT_DIV/RT[34].ADDSUB/ADDSUB/Q_DEL/i_pipe/opt_has_pipe.first_q_reg[53]/Q
                         net (fo=56, routed)          0.842     0.948    bd_0_i/hls_inst/inst/ddiv_64ns_64ns_64_14_no_dsp_1_U7/md_kernel_ddiv_64ns_64ns_64_14_no_dsp_1_ip_u/inst/i_synth/DIV_OP.SPD.OP/MANT_DIV/RT[34].ADDSUB/ADDSUB/Q_DEL/i_pipe/opt_has_pipe.first_q[53]
    SLICE_X38Y82         LUT3 (Prop_B6LUT_SLICEL_I0_O)
                                                      0.124     1.072 r  bd_0_i/hls_inst/inst/ddiv_64ns_64ns_64_14_no_dsp_1_U7/md_kernel_ddiv_64ns_64ns_64_14_no_dsp_1_ip_u/inst/i_synth/DIV_OP.SPD.OP/MANT_DIV/RT[34].ADDSUB/ADDSUB/Q_DEL/i_pipe/CHAIN_GEN[1].C_MUX.CARRY_MUX_i_1__34/O
                         net (fo=1, routed)           0.009     1.081    bd_0_i/hls_inst/inst/ddiv_64ns_64ns_64_14_no_dsp_1_U7/md_kernel_ddiv_64ns_64ns_64_14_no_dsp_1_ip_u/inst/i_synth/DIV_OP.SPD.OP/MANT_DIV/RT[35].ADDSUB/ADDSUB/CHAIN_GEN[53].Q_XOR.SUM_XOR_0[1]
    SLICE_X38Y82         CARRY8 (Prop_CARRY8_SLICEL_S[1]_CO[7])
                                                      0.186     1.267 r  bd_0_i/hls_inst/inst/ddiv_64ns_64ns_64_14_no_dsp_1_U7/md_kernel_ddiv_64ns_64ns_64_14_no_dsp_1_ip_u/inst/i_synth/DIV_OP.SPD.OP/MANT_DIV/RT[35].ADDSUB/ADDSUB/CHAIN_GEN[0].C_MUX.CARRY_MUX_CARRY4_CARRY8/CO[7]
                         net (fo=1, routed)           0.026     1.293    bd_0_i/hls_inst/inst/ddiv_64ns_64ns_64_14_no_dsp_1_U7/md_kernel_ddiv_64ns_64ns_64_14_no_dsp_1_ip_u/inst/i_synth/DIV_OP.SPD.OP/MANT_DIV/RT[35].ADDSUB/ADDSUB/CHAIN_GEN[7].C_MUX.CARRY_MUX_n_0
    SLICE_X38Y83         CARRY8 (Prop_CARRY8_SLICEL_CI_CO[7])
                                                      0.015     1.308 r  bd_0_i/hls_inst/inst/ddiv_64ns_64ns_64_14_no_dsp_1_U7/md_kernel_ddiv_64ns_64ns_64_14_no_dsp_1_ip_u/inst/i_synth/DIV_OP.SPD.OP/MANT_DIV/RT[35].ADDSUB/ADDSUB/CHAIN_GEN[8].C_MUX.CARRY_MUX_CARRY4_CARRY8/CO[7]
                         net (fo=1, routed)           0.026     1.334    bd_0_i/hls_inst/inst/ddiv_64ns_64ns_64_14_no_dsp_1_U7/md_kernel_ddiv_64ns_64ns_64_14_no_dsp_1_ip_u/inst/i_synth/DIV_OP.SPD.OP/MANT_DIV/RT[35].ADDSUB/ADDSUB/CHAIN_GEN[15].C_MUX.CARRY_MUX_n_0
    SLICE_X38Y84         CARRY8 (Prop_CARRY8_SLICEL_CI_CO[7])
                                                      0.015     1.349 r  bd_0_i/hls_inst/inst/ddiv_64ns_64ns_64_14_no_dsp_1_U7/md_kernel_ddiv_64ns_64ns_64_14_no_dsp_1_ip_u/inst/i_synth/DIV_OP.SPD.OP/MANT_DIV/RT[35].ADDSUB/ADDSUB/CHAIN_GEN[16].C_MUX.CARRY_MUX_CARRY4_CARRY8/CO[7]
                         net (fo=1, routed)           0.026     1.375    bd_0_i/hls_inst/inst/ddiv_64ns_64ns_64_14_no_dsp_1_U7/md_kernel_ddiv_64ns_64ns_64_14_no_dsp_1_ip_u/inst/i_synth/DIV_OP.SPD.OP/MANT_DIV/RT[35].ADDSUB/ADDSUB/CHAIN_GEN[23].C_MUX.CARRY_MUX_n_0
    SLICE_X38Y85         CARRY8 (Prop_CARRY8_SLICEL_CI_CO[7])
                                                      0.015     1.390 r  bd_0_i/hls_inst/inst/ddiv_64ns_64ns_64_14_no_dsp_1_U7/md_kernel_ddiv_64ns_64ns_64_14_no_dsp_1_ip_u/inst/i_synth/DIV_OP.SPD.OP/MANT_DIV/RT[35].ADDSUB/ADDSUB/CHAIN_GEN[24].C_MUX.CARRY_MUX_CARRY4_CARRY8/CO[7]
                         net (fo=1, routed)           0.026     1.416    bd_0_i/hls_inst/inst/ddiv_64ns_64ns_64_14_no_dsp_1_U7/md_kernel_ddiv_64ns_64ns_64_14_no_dsp_1_ip_u/inst/i_synth/DIV_OP.SPD.OP/MANT_DIV/RT[35].ADDSUB/ADDSUB/CHAIN_GEN[31].C_MUX.CARRY_MUX_n_0
    SLICE_X38Y86         CARRY8 (Prop_CARRY8_SLICEL_CI_CO[7])
                                                      0.015     1.431 r  bd_0_i/hls_inst/inst/ddiv_64ns_64ns_64_14_no_dsp_1_U7/md_kernel_ddiv_64ns_64ns_64_14_no_dsp_1_ip_u/inst/i_synth/DIV_OP.SPD.OP/MANT_DIV/RT[35].ADDSUB/ADDSUB/CHAIN_GEN[32].C_MUX.CARRY_MUX_CARRY4_CARRY8/CO[7]
                         net (fo=1, routed)           0.026     1.457    bd_0_i/hls_inst/inst/ddiv_64ns_64ns_64_14_no_dsp_1_U7/md_kernel_ddiv_64ns_64ns_64_14_no_dsp_1_ip_u/inst/i_synth/DIV_OP.SPD.OP/MANT_DIV/RT[35].ADDSUB/ADDSUB/CHAIN_GEN[39].C_MUX.CARRY_MUX_n_0
    SLICE_X38Y87         CARRY8 (Prop_CARRY8_SLICEL_CI_CO[7])
                                                      0.015     1.472 r  bd_0_i/hls_inst/inst/ddiv_64ns_64ns_64_14_no_dsp_1_U7/md_kernel_ddiv_64ns_64ns_64_14_no_dsp_1_ip_u/inst/i_synth/DIV_OP.SPD.OP/MANT_DIV/RT[35].ADDSUB/ADDSUB/CHAIN_GEN[40].C_MUX.CARRY_MUX_CARRY4_CARRY8/CO[7]
                         net (fo=1, routed)           0.026     1.498    bd_0_i/hls_inst/inst/ddiv_64ns_64ns_64_14_no_dsp_1_U7/md_kernel_ddiv_64ns_64ns_64_14_no_dsp_1_ip_u/inst/i_synth/DIV_OP.SPD.OP/MANT_DIV/RT[35].ADDSUB/ADDSUB/CHAIN_GEN[47].C_MUX.CARRY_MUX_n_0
    SLICE_X38Y88         CARRY8 (Prop_CARRY8_SLICEL_CI_O[5])
                                                      0.116     1.614 r  bd_0_i/hls_inst/inst/ddiv_64ns_64ns_64_14_no_dsp_1_U7/md_kernel_ddiv_64ns_64ns_64_14_no_dsp_1_ip_u/inst/i_synth/DIV_OP.SPD.OP/MANT_DIV/RT[35].ADDSUB/ADDSUB/CHAIN_GEN[48].C_MUX.CARRY_MUX_CARRY4_CARRY8/O[5]
                         net (fo=56, routed)          0.772     2.387    bd_0_i/hls_inst/inst/ddiv_64ns_64ns_64_14_no_dsp_1_U7/md_kernel_ddiv_64ns_64ns_64_14_no_dsp_1_ip_u/inst/i_synth/DIV_OP.SPD.OP/MANT_DIV/RT[35].ADDSUB/ADDSUB/Q[52]
    SLICE_X42Y82         LUT2 (Prop_A6LUT_SLICEM_I0_O)
                                                      0.150     2.537 r  bd_0_i/hls_inst/inst/ddiv_64ns_64ns_64_14_no_dsp_1_U7/md_kernel_ddiv_64ns_64ns_64_14_no_dsp_1_ip_u/inst/i_synth/DIV_OP.SPD.OP/MANT_DIV/RT[35].ADDSUB/ADDSUB/CHAIN_GEN[0].C_MUX.CARRY_MUX_i_1__35/O
                         net (fo=1, routed)           0.013     2.550    bd_0_i/hls_inst/inst/ddiv_64ns_64ns_64_14_no_dsp_1_U7/md_kernel_ddiv_64ns_64ns_64_14_no_dsp_1_ip_u/inst/i_synth/DIV_OP.SPD.OP/MANT_DIV/RT[36].ADDSUB/ADDSUB/CHAIN_GEN[53].Q_XOR.SUM_XOR_0[0]
    SLICE_X42Y82         CARRY8 (Prop_CARRY8_SLICEM_S[0]_CO[7])
                                                      0.192     2.742 r  bd_0_i/hls_inst/inst/ddiv_64ns_64ns_64_14_no_dsp_1_U7/md_kernel_ddiv_64ns_64ns_64_14_no_dsp_1_ip_u/inst/i_synth/DIV_OP.SPD.OP/MANT_DIV/RT[36].ADDSUB/ADDSUB/CHAIN_GEN[0].C_MUX.CARRY_MUX_CARRY4_CARRY8/CO[7]
                         net (fo=1, routed)           0.026     2.768    bd_0_i/hls_inst/inst/ddiv_64ns_64ns_64_14_no_dsp_1_U7/md_kernel_ddiv_64ns_64ns_64_14_no_dsp_1_ip_u/inst/i_synth/DIV_OP.SPD.OP/MANT_DIV/RT[36].ADDSUB/ADDSUB/CHAIN_GEN[7].C_MUX.CARRY_MUX_n_0
    SLICE_X42Y83         CARRY8 (Prop_CARRY8_SLICEM_CI_CO[7])
                                                      0.015     2.783 r  bd_0_i/hls_inst/inst/ddiv_64ns_64ns_64_14_no_dsp_1_U7/md_kernel_ddiv_64ns_64ns_64_14_no_dsp_1_ip_u/inst/i_synth/DIV_OP.SPD.OP/MANT_DIV/RT[36].ADDSUB/ADDSUB/CHAIN_GEN[8].C_MUX.CARRY_MUX_CARRY4_CARRY8/CO[7]
                         net (fo=1, routed)           0.026     2.809    bd_0_i/hls_inst/inst/ddiv_64ns_64ns_64_14_no_dsp_1_U7/md_kernel_ddiv_64ns_64ns_64_14_no_dsp_1_ip_u/inst/i_synth/DIV_OP.SPD.OP/MANT_DIV/RT[36].ADDSUB/ADDSUB/CHAIN_GEN[15].C_MUX.CARRY_MUX_n_0
    SLICE_X42Y84         CARRY8 (Prop_CARRY8_SLICEM_CI_CO[7])
                                                      0.015     2.824 r  bd_0_i/hls_inst/inst/ddiv_64ns_64ns_64_14_no_dsp_1_U7/md_kernel_ddiv_64ns_64ns_64_14_no_dsp_1_ip_u/inst/i_synth/DIV_OP.SPD.OP/MANT_DIV/RT[36].ADDSUB/ADDSUB/CHAIN_GEN[16].C_MUX.CARRY_MUX_CARRY4_CARRY8/CO[7]
                         net (fo=1, routed)           0.026     2.850    bd_0_i/hls_inst/inst/ddiv_64ns_64ns_64_14_no_dsp_1_U7/md_kernel_ddiv_64ns_64ns_64_14_no_dsp_1_ip_u/inst/i_synth/DIV_OP.SPD.OP/MANT_DIV/RT[36].ADDSUB/ADDSUB/CHAIN_GEN[23].C_MUX.CARRY_MUX_n_0
    SLICE_X42Y85         CARRY8 (Prop_CARRY8_SLICEM_CI_CO[7])
                                                      0.015     2.865 r  bd_0_i/hls_inst/inst/ddiv_64ns_64ns_64_14_no_dsp_1_U7/md_kernel_ddiv_64ns_64ns_64_14_no_dsp_1_ip_u/inst/i_synth/DIV_OP.SPD.OP/MANT_DIV/RT[36].ADDSUB/ADDSUB/CHAIN_GEN[24].C_MUX.CARRY_MUX_CARRY4_CARRY8/CO[7]
                         net (fo=1, routed)           0.026     2.891    bd_0_i/hls_inst/inst/ddiv_64ns_64ns_64_14_no_dsp_1_U7/md_kernel_ddiv_64ns_64ns_64_14_no_dsp_1_ip_u/inst/i_synth/DIV_OP.SPD.OP/MANT_DIV/RT[36].ADDSUB/ADDSUB/CHAIN_GEN[31].C_MUX.CARRY_MUX_n_0
    SLICE_X42Y86         CARRY8 (Prop_CARRY8_SLICEM_CI_CO[7])
                                                      0.015     2.906 r  bd_0_i/hls_inst/inst/ddiv_64ns_64ns_64_14_no_dsp_1_U7/md_kernel_ddiv_64ns_64ns_64_14_no_dsp_1_ip_u/inst/i_synth/DIV_OP.SPD.OP/MANT_DIV/RT[36].ADDSUB/ADDSUB/CHAIN_GEN[32].C_MUX.CARRY_MUX_CARRY4_CARRY8/CO[7]
                         net (fo=1, routed)           0.026     2.932    bd_0_i/hls_inst/inst/ddiv_64ns_64ns_64_14_no_dsp_1_U7/md_kernel_ddiv_64ns_64ns_64_14_no_dsp_1_ip_u/inst/i_synth/DIV_OP.SPD.OP/MANT_DIV/RT[36].ADDSUB/ADDSUB/CHAIN_GEN[39].C_MUX.CARRY_MUX_n_0
    SLICE_X42Y87         CARRY8 (Prop_CARRY8_SLICEM_CI_CO[7])
                                                      0.015     2.947 r  bd_0_i/hls_inst/inst/ddiv_64ns_64ns_64_14_no_dsp_1_U7/md_kernel_ddiv_64ns_64ns_64_14_no_dsp_1_ip_u/inst/i_synth/DIV_OP.SPD.OP/MANT_DIV/RT[36].ADDSUB/ADDSUB/CHAIN_GEN[40].C_MUX.CARRY_MUX_CARRY4_CARRY8/CO[7]
                         net (fo=1, routed)           0.026     2.973    bd_0_i/hls_inst/inst/ddiv_64ns_64ns_64_14_no_dsp_1_U7/md_kernel_ddiv_64ns_64ns_64_14_no_dsp_1_ip_u/inst/i_synth/DIV_OP.SPD.OP/MANT_DIV/RT[36].ADDSUB/ADDSUB/CHAIN_GEN[47].C_MUX.CARRY_MUX_n_0
    SLICE_X42Y88         CARRY8 (Prop_CARRY8_SLICEM_CI_O[5])
                                                      0.116     3.089 r  bd_0_i/hls_inst/inst/ddiv_64ns_64ns_64_14_no_dsp_1_U7/md_kernel_ddiv_64ns_64ns_64_14_no_dsp_1_ip_u/inst/i_synth/DIV_OP.SPD.OP/MANT_DIV/RT[36].ADDSUB/ADDSUB/CHAIN_GEN[48].C_MUX.CARRY_MUX_CARRY4_CARRY8/O[5]
                         net (fo=56, routed)          0.371     3.460    bd_0_i/hls_inst/inst/ddiv_64ns_64ns_64_14_no_dsp_1_U7/md_kernel_ddiv_64ns_64ns_64_14_no_dsp_1_ip_u/inst/i_synth/DIV_OP.SPD.OP/MANT_DIV/RT[36].ADDSUB/ADDSUB/Q[52]
    SLICE_X43Y82         LUT2 (Prop_A6LUT_SLICEL_I0_O)
                                                      0.090     3.550 r  bd_0_i/hls_inst/inst/ddiv_64ns_64ns_64_14_no_dsp_1_U7/md_kernel_ddiv_64ns_64ns_64_14_no_dsp_1_ip_u/inst/i_synth/DIV_OP.SPD.OP/MANT_DIV/RT[36].ADDSUB/ADDSUB/CHAIN_GEN[0].C_MUX.CARRY_MUX_i_1__36/O
                         net (fo=1, routed)           0.009     3.559    bd_0_i/hls_inst/inst/ddiv_64ns_64ns_64_14_no_dsp_1_U7/md_kernel_ddiv_64ns_64ns_64_14_no_dsp_1_ip_u/inst/i_synth/DIV_OP.SPD.OP/MANT_DIV/RT[37].ADDSUB/ADDSUB/CHAIN_GEN[53].Q_XOR.SUM_XOR_0[0]
    SLICE_X43Y82         CARRY8 (Prop_CARRY8_SLICEL_S[0]_CO[7])
                                                      0.190     3.749 r  bd_0_i/hls_inst/inst/ddiv_64ns_64ns_64_14_no_dsp_1_U7/md_kernel_ddiv_64ns_64ns_64_14_no_dsp_1_ip_u/inst/i_synth/DIV_OP.SPD.OP/MANT_DIV/RT[37].ADDSUB/ADDSUB/CHAIN_GEN[0].C_MUX.CARRY_MUX_CARRY4_CARRY8/CO[7]
                         net (fo=1, routed)           0.026     3.775    bd_0_i/hls_inst/inst/ddiv_64ns_64ns_64_14_no_dsp_1_U7/md_kernel_ddiv_64ns_64ns_64_14_no_dsp_1_ip_u/inst/i_synth/DIV_OP.SPD.OP/MANT_DIV/RT[37].ADDSUB/ADDSUB/CHAIN_GEN[7].C_MUX.CARRY_MUX_n_0
    SLICE_X43Y83         CARRY8 (Prop_CARRY8_SLICEL_CI_CO[7])
                                                      0.015     3.790 r  bd_0_i/hls_inst/inst/ddiv_64ns_64ns_64_14_no_dsp_1_U7/md_kernel_ddiv_64ns_64ns_64_14_no_dsp_1_ip_u/inst/i_synth/DIV_OP.SPD.OP/MANT_DIV/RT[37].ADDSUB/ADDSUB/CHAIN_GEN[8].C_MUX.CARRY_MUX_CARRY4_CARRY8/CO[7]
                         net (fo=1, routed)           0.026     3.816    bd_0_i/hls_inst/inst/ddiv_64ns_64ns_64_14_no_dsp_1_U7/md_kernel_ddiv_64ns_64ns_64_14_no_dsp_1_ip_u/inst/i_synth/DIV_OP.SPD.OP/MANT_DIV/RT[37].ADDSUB/ADDSUB/CHAIN_GEN[15].C_MUX.CARRY_MUX_n_0
    SLICE_X43Y84         CARRY8 (Prop_CARRY8_SLICEL_CI_CO[7])
                                                      0.015     3.831 r  bd_0_i/hls_inst/inst/ddiv_64ns_64ns_64_14_no_dsp_1_U7/md_kernel_ddiv_64ns_64ns_64_14_no_dsp_1_ip_u/inst/i_synth/DIV_OP.SPD.OP/MANT_DIV/RT[37].ADDSUB/ADDSUB/CHAIN_GEN[16].C_MUX.CARRY_MUX_CARRY4_CARRY8/CO[7]
                         net (fo=1, routed)           0.026     3.857    bd_0_i/hls_inst/inst/ddiv_64ns_64ns_64_14_no_dsp_1_U7/md_kernel_ddiv_64ns_64ns_64_14_no_dsp_1_ip_u/inst/i_synth/DIV_OP.SPD.OP/MANT_DIV/RT[37].ADDSUB/ADDSUB/CHAIN_GEN[23].C_MUX.CARRY_MUX_n_0
    SLICE_X43Y85         CARRY8 (Prop_CARRY8_SLICEL_CI_CO[7])
                                                      0.015     3.872 r  bd_0_i/hls_inst/inst/ddiv_64ns_64ns_64_14_no_dsp_1_U7/md_kernel_ddiv_64ns_64ns_64_14_no_dsp_1_ip_u/inst/i_synth/DIV_OP.SPD.OP/MANT_DIV/RT[37].ADDSUB/ADDSUB/CHAIN_GEN[24].C_MUX.CARRY_MUX_CARRY4_CARRY8/CO[7]
                         net (fo=1, routed)           0.026     3.898    bd_0_i/hls_inst/inst/ddiv_64ns_64ns_64_14_no_dsp_1_U7/md_kernel_ddiv_64ns_64ns_64_14_no_dsp_1_ip_u/inst/i_synth/DIV_OP.SPD.OP/MANT_DIV/RT[37].ADDSUB/ADDSUB/CHAIN_GEN[31].C_MUX.CARRY_MUX_n_0
    SLICE_X43Y86         CARRY8 (Prop_CARRY8_SLICEL_CI_CO[7])
                                                      0.015     3.913 r  bd_0_i/hls_inst/inst/ddiv_64ns_64ns_64_14_no_dsp_1_U7/md_kernel_ddiv_64ns_64ns_64_14_no_dsp_1_ip_u/inst/i_synth/DIV_OP.SPD.OP/MANT_DIV/RT[37].ADDSUB/ADDSUB/CHAIN_GEN[32].C_MUX.CARRY_MUX_CARRY4_CARRY8/CO[7]
                         net (fo=1, routed)           0.026     3.939    bd_0_i/hls_inst/inst/ddiv_64ns_64ns_64_14_no_dsp_1_U7/md_kernel_ddiv_64ns_64ns_64_14_no_dsp_1_ip_u/inst/i_synth/DIV_OP.SPD.OP/MANT_DIV/RT[37].ADDSUB/ADDSUB/CHAIN_GEN[39].C_MUX.CARRY_MUX_n_0
    SLICE_X43Y87         CARRY8 (Prop_CARRY8_SLICEL_CI_CO[7])
                                                      0.015     3.954 r  bd_0_i/hls_inst/inst/ddiv_64ns_64ns_64_14_no_dsp_1_U7/md_kernel_ddiv_64ns_64ns_64_14_no_dsp_1_ip_u/inst/i_synth/DIV_OP.SPD.OP/MANT_DIV/RT[37].ADDSUB/ADDSUB/CHAIN_GEN[40].C_MUX.CARRY_MUX_CARRY4_CARRY8/CO[7]
                         net (fo=1, routed)           0.026     3.980    bd_0_i/hls_inst/inst/ddiv_64ns_64ns_64_14_no_dsp_1_U7/md_kernel_ddiv_64ns_64ns_64_14_no_dsp_1_ip_u/inst/i_synth/DIV_OP.SPD.OP/MANT_DIV/RT[37].ADDSUB/ADDSUB/CHAIN_GEN[47].C_MUX.CARRY_MUX_n_0
    SLICE_X43Y88         CARRY8 (Prop_CARRY8_SLICEL_CI_O[5])
                                                      0.116     4.096 r  bd_0_i/hls_inst/inst/ddiv_64ns_64ns_64_14_no_dsp_1_U7/md_kernel_ddiv_64ns_64ns_64_14_no_dsp_1_ip_u/inst/i_synth/DIV_OP.SPD.OP/MANT_DIV/RT[37].ADDSUB/ADDSUB/CHAIN_GEN[48].C_MUX.CARRY_MUX_CARRY4_CARRY8/O[5]
                         net (fo=56, routed)          0.392     4.488    bd_0_i/hls_inst/inst/ddiv_64ns_64ns_64_14_no_dsp_1_U7/md_kernel_ddiv_64ns_64ns_64_14_no_dsp_1_ip_u/inst/i_synth/DIV_OP.SPD.OP/MANT_DIV/RT[37].ADDSUB/ADDSUB/Q[52]
    SLICE_X40Y81         LUT3 (Prop_F6LUT_SLICEL_I0_O)
                                                      0.148     4.636 r  bd_0_i/hls_inst/inst/ddiv_64ns_64ns_64_14_no_dsp_1_U7/md_kernel_ddiv_64ns_64ns_64_14_no_dsp_1_ip_u/inst/i_synth/DIV_OP.SPD.OP/MANT_DIV/RT[37].ADDSUB/ADDSUB/CHAIN_GEN[5].C_MUX.CARRY_MUX_i_1__37/O
                         net (fo=1, routed)           0.011     4.647    bd_0_i/hls_inst/inst/ddiv_64ns_64ns_64_14_no_dsp_1_U7/md_kernel_ddiv_64ns_64ns_64_14_no_dsp_1_ip_u/inst/i_synth/DIV_OP.SPD.OP/MANT_DIV/RT[38].ADDSUB/ADDSUB/A[5]
    SLICE_X40Y81         CARRY8 (Prop_CARRY8_SLICEL_S[5]_CO[7])
                                                      0.155     4.802 r  bd_0_i/hls_inst/inst/ddiv_64ns_64ns_64_14_no_dsp_1_U7/md_kernel_ddiv_64ns_64ns_64_14_no_dsp_1_ip_u/inst/i_synth/DIV_OP.SPD.OP/MANT_DIV/RT[38].ADDSUB/ADDSUB/CHAIN_GEN[0].C_MUX.CARRY_MUX_CARRY4_CARRY8/CO[7]
                         net (fo=1, routed)           0.026     4.828    bd_0_i/hls_inst/inst/ddiv_64ns_64ns_64_14_no_dsp_1_U7/md_kernel_ddiv_64ns_64ns_64_14_no_dsp_1_ip_u/inst/i_synth/DIV_OP.SPD.OP/MANT_DIV/RT[38].ADDSUB/ADDSUB/CHAIN_GEN[7].C_MUX.CARRY_MUX_n_0
    SLICE_X40Y82         CARRY8 (Prop_CARRY8_SLICEL_CI_CO[7])
                                                      0.015     4.843 r  bd_0_i/hls_inst/inst/ddiv_64ns_64ns_64_14_no_dsp_1_U7/md_kernel_ddiv_64ns_64ns_64_14_no_dsp_1_ip_u/inst/i_synth/DIV_OP.SPD.OP/MANT_DIV/RT[38].ADDSUB/ADDSUB/CHAIN_GEN[8].C_MUX.CARRY_MUX_CARRY4_CARRY8/CO[7]
                         net (fo=1, routed)           0.026     4.869    bd_0_i/hls_inst/inst/ddiv_64ns_64ns_64_14_no_dsp_1_U7/md_kernel_ddiv_64ns_64ns_64_14_no_dsp_1_ip_u/inst/i_synth/DIV_OP.SPD.OP/MANT_DIV/RT[38].ADDSUB/ADDSUB/CHAIN_GEN[15].C_MUX.CARRY_MUX_n_0
    SLICE_X40Y83         CARRY8 (Prop_CARRY8_SLICEL_CI_CO[7])
                                                      0.015     4.884 r  bd_0_i/hls_inst/inst/ddiv_64ns_64ns_64_14_no_dsp_1_U7/md_kernel_ddiv_64ns_64ns_64_14_no_dsp_1_ip_u/inst/i_synth/DIV_OP.SPD.OP/MANT_DIV/RT[38].ADDSUB/ADDSUB/CHAIN_GEN[16].C_MUX.CARRY_MUX_CARRY4_CARRY8/CO[7]
                         net (fo=1, routed)           0.026     4.910    bd_0_i/hls_inst/inst/ddiv_64ns_64ns_64_14_no_dsp_1_U7/md_kernel_ddiv_64ns_64ns_64_14_no_dsp_1_ip_u/inst/i_synth/DIV_OP.SPD.OP/MANT_DIV/RT[38].ADDSUB/ADDSUB/CHAIN_GEN[23].C_MUX.CARRY_MUX_n_0
    SLICE_X40Y84         CARRY8 (Prop_CARRY8_SLICEL_CI_CO[7])
                                                      0.015     4.925 r  bd_0_i/hls_inst/inst/ddiv_64ns_64ns_64_14_no_dsp_1_U7/md_kernel_ddiv_64ns_64ns_64_14_no_dsp_1_ip_u/inst/i_synth/DIV_OP.SPD.OP/MANT_DIV/RT[38].ADDSUB/ADDSUB/CHAIN_GEN[24].C_MUX.CARRY_MUX_CARRY4_CARRY8/CO[7]
                         net (fo=1, routed)           0.026     4.951    bd_0_i/hls_inst/inst/ddiv_64ns_64ns_64_14_no_dsp_1_U7/md_kernel_ddiv_64ns_64ns_64_14_no_dsp_1_ip_u/inst/i_synth/DIV_OP.SPD.OP/MANT_DIV/RT[38].ADDSUB/ADDSUB/CHAIN_GEN[31].C_MUX.CARRY_MUX_n_0
    SLICE_X40Y85         CARRY8 (Prop_CARRY8_SLICEL_CI_CO[7])
                                                      0.015     4.966 r  bd_0_i/hls_inst/inst/ddiv_64ns_64ns_64_14_no_dsp_1_U7/md_kernel_ddiv_64ns_64ns_64_14_no_dsp_1_ip_u/inst/i_synth/DIV_OP.SPD.OP/MANT_DIV/RT[38].ADDSUB/ADDSUB/CHAIN_GEN[32].C_MUX.CARRY_MUX_CARRY4_CARRY8/CO[7]
                         net (fo=1, routed)           0.026     4.992    bd_0_i/hls_inst/inst/ddiv_64ns_64ns_64_14_no_dsp_1_U7/md_kernel_ddiv_64ns_64ns_64_14_no_dsp_1_ip_u/inst/i_synth/DIV_OP.SPD.OP/MANT_DIV/RT[38].ADDSUB/ADDSUB/CHAIN_GEN[39].C_MUX.CARRY_MUX_n_0
    SLICE_X40Y86         CARRY8 (Prop_CARRY8_SLICEL_CI_CO[7])
                                                      0.015     5.007 r  bd_0_i/hls_inst/inst/ddiv_64ns_64ns_64_14_no_dsp_1_U7/md_kernel_ddiv_64ns_64ns_64_14_no_dsp_1_ip_u/inst/i_synth/DIV_OP.SPD.OP/MANT_DIV/RT[38].ADDSUB/ADDSUB/CHAIN_GEN[40].C_MUX.CARRY_MUX_CARRY4_CARRY8/CO[7]
                         net (fo=1, routed)           0.026     5.033    bd_0_i/hls_inst/inst/ddiv_64ns_64ns_64_14_no_dsp_1_U7/md_kernel_ddiv_64ns_64ns_64_14_no_dsp_1_ip_u/inst/i_synth/DIV_OP.SPD.OP/MANT_DIV/RT[38].ADDSUB/ADDSUB/CHAIN_GEN[47].C_MUX.CARRY_MUX_n_0
    SLICE_X40Y87         CARRY8 (Prop_CARRY8_SLICEL_CI_O[5])
                                                      0.116     5.149 r  bd_0_i/hls_inst/inst/ddiv_64ns_64ns_64_14_no_dsp_1_U7/md_kernel_ddiv_64ns_64ns_64_14_no_dsp_1_ip_u/inst/i_synth/DIV_OP.SPD.OP/MANT_DIV/RT[38].ADDSUB/ADDSUB/CHAIN_GEN[48].C_MUX.CARRY_MUX_CARRY4_CARRY8/O[5]
                         net (fo=56, routed)          0.622     5.771    bd_0_i/hls_inst/inst/ddiv_64ns_64ns_64_14_no_dsp_1_U7/md_kernel_ddiv_64ns_64ns_64_14_no_dsp_1_ip_u/inst/i_synth/DIV_OP.SPD.OP/MANT_DIV/RT[38].ADDSUB/ADDSUB/Q[52]
    SLICE_X39Y82         LUT3 (Prop_H6LUT_SLICEM_I0_O)
                                                      0.152     5.923 r  bd_0_i/hls_inst/inst/ddiv_64ns_64ns_64_14_no_dsp_1_U7/md_kernel_ddiv_64ns_64ns_64_14_no_dsp_1_ip_u/inst/i_synth/DIV_OP.SPD.OP/MANT_DIV/RT[38].ADDSUB/ADDSUB/CHAIN_GEN[7].C_MUX.CARRY_MUX_i_1__38/O
                         net (fo=1, routed)           0.015     5.938    bd_0_i/hls_inst/inst/ddiv_64ns_64ns_64_14_no_dsp_1_U7/md_kernel_ddiv_64ns_64ns_64_14_no_dsp_1_ip_u/inst/i_synth/DIV_OP.SPD.OP/MANT_DIV/RT[39].ADDSUB/ADDSUB/a_xor_b_sub[7]
    SLICE_X39Y82         CARRY8 (Prop_CARRY8_SLICEM_S[7]_CO[7])
                                                      0.117     6.055 r  bd_0_i/hls_inst/inst/ddiv_64ns_64ns_64_14_no_dsp_1_U7/md_kernel_ddiv_64ns_64ns_64_14_no_dsp_1_ip_u/inst/i_synth/DIV_OP.SPD.OP/MANT_DIV/RT[39].ADDSUB/ADDSUB/CHAIN_GEN[0].C_MUX.CARRY_MUX_CARRY4_CARRY8/CO[7]
                         net (fo=1, routed)           0.026     6.081    bd_0_i/hls_inst/inst/ddiv_64ns_64ns_64_14_no_dsp_1_U7/md_kernel_ddiv_64ns_64ns_64_14_no_dsp_1_ip_u/inst/i_synth/DIV_OP.SPD.OP/MANT_DIV/RT[39].ADDSUB/ADDSUB/CHAIN_GEN[7].C_MUX.CARRY_MUX_n_0
    SLICE_X39Y83         CARRY8 (Prop_CARRY8_SLICEM_CI_CO[7])
                                                      0.015     6.096 r  bd_0_i/hls_inst/inst/ddiv_64ns_64ns_64_14_no_dsp_1_U7/md_kernel_ddiv_64ns_64ns_64_14_no_dsp_1_ip_u/inst/i_synth/DIV_OP.SPD.OP/MANT_DIV/RT[39].ADDSUB/ADDSUB/CHAIN_GEN[8].C_MUX.CARRY_MUX_CARRY4_CARRY8/CO[7]
                         net (fo=1, routed)           0.026     6.122    bd_0_i/hls_inst/inst/ddiv_64ns_64ns_64_14_no_dsp_1_U7/md_kernel_ddiv_64ns_64ns_64_14_no_dsp_1_ip_u/inst/i_synth/DIV_OP.SPD.OP/MANT_DIV/RT[39].ADDSUB/ADDSUB/CHAIN_GEN[15].C_MUX.CARRY_MUX_n_0
    SLICE_X39Y84         CARRY8 (Prop_CARRY8_SLICEM_CI_CO[7])
                                                      0.015     6.137 r  bd_0_i/hls_inst/inst/ddiv_64ns_64ns_64_14_no_dsp_1_U7/md_kernel_ddiv_64ns_64ns_64_14_no_dsp_1_ip_u/inst/i_synth/DIV_OP.SPD.OP/MANT_DIV/RT[39].ADDSUB/ADDSUB/CHAIN_GEN[16].C_MUX.CARRY_MUX_CARRY4_CARRY8/CO[7]
                         net (fo=1, routed)           0.026     6.163    bd_0_i/hls_inst/inst/ddiv_64ns_64ns_64_14_no_dsp_1_U7/md_kernel_ddiv_64ns_64ns_64_14_no_dsp_1_ip_u/inst/i_synth/DIV_OP.SPD.OP/MANT_DIV/RT[39].ADDSUB/ADDSUB/CHAIN_GEN[23].C_MUX.CARRY_MUX_n_0
    SLICE_X39Y85         CARRY8 (Prop_CARRY8_SLICEM_CI_CO[7])
                                                      0.015     6.178 r  bd_0_i/hls_inst/inst/ddiv_64ns_64ns_64_14_no_dsp_1_U7/md_kernel_ddiv_64ns_64ns_64_14_no_dsp_1_ip_u/inst/i_synth/DIV_OP.SPD.OP/MANT_DIV/RT[39].ADDSUB/ADDSUB/CHAIN_GEN[24].C_MUX.CARRY_MUX_CARRY4_CARRY8/CO[7]
                         net (fo=1, routed)           0.026     6.204    bd_0_i/hls_inst/inst/ddiv_64ns_64ns_64_14_no_dsp_1_U7/md_kernel_ddiv_64ns_64ns_64_14_no_dsp_1_ip_u/inst/i_synth/DIV_OP.SPD.OP/MANT_DIV/RT[39].ADDSUB/ADDSUB/CHAIN_GEN[31].C_MUX.CARRY_MUX_n_0
    SLICE_X39Y86         CARRY8 (Prop_CARRY8_SLICEM_CI_CO[7])
                                                      0.015     6.219 r  bd_0_i/hls_inst/inst/ddiv_64ns_64ns_64_14_no_dsp_1_U7/md_kernel_ddiv_64ns_64ns_64_14_no_dsp_1_ip_u/inst/i_synth/DIV_OP.SPD.OP/MANT_DIV/RT[39].ADDSUB/ADDSUB/CHAIN_GEN[32].C_MUX.CARRY_MUX_CARRY4_CARRY8/CO[7]
                         net (fo=1, routed)           0.026     6.245    bd_0_i/hls_inst/inst/ddiv_64ns_64ns_64_14_no_dsp_1_U7/md_kernel_ddiv_64ns_64ns_64_14_no_dsp_1_ip_u/inst/i_synth/DIV_OP.SPD.OP/MANT_DIV/RT[39].ADDSUB/ADDSUB/CHAIN_GEN[39].C_MUX.CARRY_MUX_n_0
    SLICE_X39Y87         CARRY8 (Prop_CARRY8_SLICEM_CI_O[7])
                                                      0.116     6.361 r  bd_0_i/hls_inst/inst/ddiv_64ns_64ns_64_14_no_dsp_1_U7/md_kernel_ddiv_64ns_64ns_64_14_no_dsp_1_ip_u/inst/i_synth/DIV_OP.SPD.OP/MANT_DIV/RT[39].ADDSUB/ADDSUB/CHAIN_GEN[40].C_MUX.CARRY_MUX_CARRY4_CARRY8/O[7]
                         net (fo=1, routed)           0.026     6.387    bd_0_i/hls_inst/inst/ddiv_64ns_64ns_64_14_no_dsp_1_U7/md_kernel_ddiv_64ns_64ns_64_14_no_dsp_1_ip_u/inst/i_synth/DIV_OP.SPD.OP/MANT_DIV/RT[39].ADDSUB/ADDSUB/Q_DEL/i_pipe/q_int[47]
    SLICE_X39Y87         FDRE                                         r  bd_0_i/hls_inst/inst/ddiv_64ns_64ns_64_14_no_dsp_1_U7/md_kernel_ddiv_64ns_64ns_64_14_no_dsp_1_ip_u/inst/i_synth/DIV_OP.SPD.OP/MANT_DIV/RT[39].ADDSUB/ADDSUB/Q_DEL/i_pipe/opt_has_pipe.first_q_reg[47]/D
  -------------------------------------------------------------------    -------------------

                         (clock ap_clk rise edge)     8.000     8.000 r  
                                                      0.000     8.000 r  ap_clk (IN)
                         net (fo=4330, unset)         0.021     8.021    bd_0_i/hls_inst/inst/ddiv_64ns_64ns_64_14_no_dsp_1_U7/md_kernel_ddiv_64ns_64ns_64_14_no_dsp_1_ip_u/inst/i_synth/DIV_OP.SPD.OP/MANT_DIV/RT[39].ADDSUB/ADDSUB/Q_DEL/i_pipe/aclk
    SLICE_X39Y87         FDRE                                         r  bd_0_i/hls_inst/inst/ddiv_64ns_64ns_64_14_no_dsp_1_U7/md_kernel_ddiv_64ns_64ns_64_14_no_dsp_1_ip_u/inst/i_synth/DIV_OP.SPD.OP/MANT_DIV/RT[39].ADDSUB/ADDSUB/Q_DEL/i_pipe/opt_has_pipe.first_q_reg[47]/C
                         clock pessimism              0.000     8.021    
                         clock uncertainty           -0.035     7.986    
    SLICE_X39Y87         FDRE (Setup_HFF_SLICEM_C_D)
                                                      0.025     8.011    bd_0_i/hls_inst/inst/ddiv_64ns_64ns_64_14_no_dsp_1_U7/md_kernel_ddiv_64ns_64ns_64_14_no_dsp_1_ip_u/inst/i_synth/DIV_OP.SPD.OP/MANT_DIV/RT[39].ADDSUB/ADDSUB/Q_DEL/i_pipe/opt_has_pipe.first_q_reg[47]
  -------------------------------------------------------------------
                         required time                          8.011    
                         arrival time                          -6.387    
  -------------------------------------------------------------------
                         slack                                  1.624    

Slack (MET) :             1.624ns  (required time - arrival time)
  Source:                 bd_0_i/hls_inst/inst/ddiv_64ns_64ns_64_14_no_dsp_1_U7/md_kernel_ddiv_64ns_64ns_64_14_no_dsp_1_ip_u/inst/i_synth/DIV_OP.SPD.OP/MANT_DIV/RT[34].ADDSUB/ADDSUB/Q_DEL/i_pipe/opt_has_pipe.first_q_reg[53]/C
                            (rising edge-triggered cell FDRE clocked by ap_clk  {rise@0.000ns fall@4.000ns period=8.000ns})
  Destination:            bd_0_i/hls_inst/inst/ddiv_64ns_64ns_64_14_no_dsp_1_U7/md_kernel_ddiv_64ns_64ns_64_14_no_dsp_1_ip_u/inst/i_synth/DIV_OP.SPD.OP/MANT_DIV/RT[39].ADDSUB/ADDSUB/Q_DEL/i_pipe/opt_has_pipe.first_q_reg[49]/D
                            (rising edge-triggered cell FDRE clocked by ap_clk  {rise@0.000ns fall@4.000ns period=8.000ns})
  Path Group:             ap_clk
  Path Type:              Setup (Max at Slow Process Corner)
  Requirement:            8.000ns  (ap_clk rise@8.000ns - ap_clk rise@0.000ns)
  Data Path Delay:        6.357ns  (logic 2.495ns (39.248%)  route 3.862ns (60.752%))
  Logic Levels:           40  (CARRY8=35 LUT2=2 LUT3=3)
  Clock Path Skew:        -0.009ns (DCD - SCD + CPR)
    Destination Clock Delay (DCD):    0.021ns = ( 8.021 - 8.000 ) 
    Source Clock Delay      (SCD):    0.030ns
    Clock Pessimism Removal (CPR):    0.000ns
  Clock Uncertainty:      0.035ns  ((TSJ^2 + TIJ^2)^1/2 + DJ) / 2 + PE
    Total System Jitter     (TSJ):    0.071ns
    Total Input Jitter      (TIJ):    0.000ns
    Discrete Jitter          (DJ):    0.000ns
    Phase Error              (PE):    0.000ns

    Location             Delay type                Incr(ns)  Path(ns)    Netlist Resource(s)
  -------------------------------------------------------------------    -------------------
                         (clock ap_clk rise edge)     0.000     0.000 r  
                                                      0.000     0.000 r  ap_clk (IN)
                         net (fo=4330, unset)         0.030     0.030    bd_0_i/hls_inst/inst/ddiv_64ns_64ns_64_14_no_dsp_1_U7/md_kernel_ddiv_64ns_64ns_64_14_no_dsp_1_ip_u/inst/i_synth/DIV_OP.SPD.OP/MANT_DIV/RT[34].ADDSUB/ADDSUB/Q_DEL/i_pipe/aclk
    SLICE_X41Y90         FDRE                                         r  bd_0_i/hls_inst/inst/ddiv_64ns_64ns_64_14_no_dsp_1_U7/md_kernel_ddiv_64ns_64ns_64_14_no_dsp_1_ip_u/inst/i_synth/DIV_OP.SPD.OP/MANT_DIV/RT[34].ADDSUB/ADDSUB/Q_DEL/i_pipe/opt_has_pipe.first_q_reg[53]/C
  -------------------------------------------------------------------    -------------------
    SLICE_X41Y90         FDRE (Prop_FFF_SLICEM_C_Q)
                                                      0.076     0.106 r  bd_0_i/hls_inst/inst/ddiv_64ns_64ns_64_14_no_dsp_1_U7/md_kernel_ddiv_64ns_64ns_64_14_no_dsp_1_ip_u/inst/i_synth/DIV_OP.SPD.OP/MANT_DIV/RT[34].ADDSUB/ADDSUB/Q_DEL/i_pipe/opt_has_pipe.first_q_reg[53]/Q
                         net (fo=56, routed)          0.842     0.948    bd_0_i/hls_inst/inst/ddiv_64ns_64ns_64_14_no_dsp_1_U7/md_kernel_ddiv_64ns_64ns_64_14_no_dsp_1_ip_u/inst/i_synth/DIV_OP.SPD.OP/MANT_DIV/RT[34].ADDSUB/ADDSUB/Q_DEL/i_pipe/opt_has_pipe.first_q[53]
    SLICE_X38Y82         LUT3 (Prop_B6LUT_SLICEL_I0_O)
                                                      0.124     1.072 r  bd_0_i/hls_inst/inst/ddiv_64ns_64ns_64_14_no_dsp_1_U7/md_kernel_ddiv_64ns_64ns_64_14_no_dsp_1_ip_u/inst/i_synth/DIV_OP.SPD.OP/MANT_DIV/RT[34].ADDSUB/ADDSUB/Q_DEL/i_pipe/CHAIN_GEN[1].C_MUX.CARRY_MUX_i_1__34/O
                         net (fo=1, routed)           0.009     1.081    bd_0_i/hls_inst/inst/ddiv_64ns_64ns_64_14_no_dsp_1_U7/md_kernel_ddiv_64ns_64ns_64_14_no_dsp_1_ip_u/inst/i_synth/DIV_OP.SPD.OP/MANT_DIV/RT[35].ADDSUB/ADDSUB/CHAIN_GEN[53].Q_XOR.SUM_XOR_0[1]
    SLICE_X38Y82         CARRY8 (Prop_CARRY8_SLICEL_S[1]_CO[7])
                                                      0.186     1.267 r  bd_0_i/hls_inst/inst/ddiv_64ns_64ns_64_14_no_dsp_1_U7/md_kernel_ddiv_64ns_64ns_64_14_no_dsp_1_ip_u/inst/i_synth/DIV_OP.SPD.OP/MANT_DIV/RT[35].ADDSUB/ADDSUB/CHAIN_GEN[0].C_MUX.CARRY_MUX_CARRY4_CARRY8/CO[7]
                         net (fo=1, routed)           0.026     1.293    bd_0_i/hls_inst/inst/ddiv_64ns_64ns_64_14_no_dsp_1_U7/md_kernel_ddiv_64ns_64ns_64_14_no_dsp_1_ip_u/inst/i_synth/DIV_OP.SPD.OP/MANT_DIV/RT[35].ADDSUB/ADDSUB/CHAIN_GEN[7].C_MUX.CARRY_MUX_n_0
    SLICE_X38Y83         CARRY8 (Prop_CARRY8_SLICEL_CI_CO[7])
                                                      0.015     1.308 r  bd_0_i/hls_inst/inst/ddiv_64ns_64ns_64_14_no_dsp_1_U7/md_kernel_ddiv_64ns_64ns_64_14_no_dsp_1_ip_u/inst/i_synth/DIV_OP.SPD.OP/MANT_DIV/RT[35].ADDSUB/ADDSUB/CHAIN_GEN[8].C_MUX.CARRY_MUX_CARRY4_CARRY8/CO[7]
                         net (fo=1, routed)           0.026     1.334    bd_0_i/hls_inst/inst/ddiv_64ns_64ns_64_14_no_dsp_1_U7/md_kernel_ddiv_64ns_64ns_64_14_no_dsp_1_ip_u/inst/i_synth/DIV_OP.SPD.OP/MANT_DIV/RT[35].ADDSUB/ADDSUB/CHAIN_GEN[15].C_MUX.CARRY_MUX_n_0
    SLICE_X38Y84         CARRY8 (Prop_CARRY8_SLICEL_CI_CO[7])
                                                      0.015     1.349 r  bd_0_i/hls_inst/inst/ddiv_64ns_64ns_64_14_no_dsp_1_U7/md_kernel_ddiv_64ns_64ns_64_14_no_dsp_1_ip_u/inst/i_synth/DIV_OP.SPD.OP/MANT_DIV/RT[35].ADDSUB/ADDSUB/CHAIN_GEN[16].C_MUX.CARRY_MUX_CARRY4_CARRY8/CO[7]
                         net (fo=1, routed)           0.026     1.375    bd_0_i/hls_inst/inst/ddiv_64ns_64ns_64_14_no_dsp_1_U7/md_kernel_ddiv_64ns_64ns_64_14_no_dsp_1_ip_u/inst/i_synth/DIV_OP.SPD.OP/MANT_DIV/RT[35].ADDSUB/ADDSUB/CHAIN_GEN[23].C_MUX.CARRY_MUX_n_0
    SLICE_X38Y85         CARRY8 (Prop_CARRY8_SLICEL_CI_CO[7])
                                                      0.015     1.390 r  bd_0_i/hls_inst/inst/ddiv_64ns_64ns_64_14_no_dsp_1_U7/md_kernel_ddiv_64ns_64ns_64_14_no_dsp_1_ip_u/inst/i_synth/DIV_OP.SPD.OP/MANT_DIV/RT[35].ADDSUB/ADDSUB/CHAIN_GEN[24].C_MUX.CARRY_MUX_CARRY4_CARRY8/CO[7]
                         net (fo=1, routed)           0.026     1.416    bd_0_i/hls_inst/inst/ddiv_64ns_64ns_64_14_no_dsp_1_U7/md_kernel_ddiv_64ns_64ns_64_14_no_dsp_1_ip_u/inst/i_synth/DIV_OP.SPD.OP/MANT_DIV/RT[35].ADDSUB/ADDSUB/CHAIN_GEN[31].C_MUX.CARRY_MUX_n_0
    SLICE_X38Y86         CARRY8 (Prop_CARRY8_SLICEL_CI_CO[7])
                                                      0.015     1.431 r  bd_0_i/hls_inst/inst/ddiv_64ns_64ns_64_14_no_dsp_1_U7/md_kernel_ddiv_64ns_64ns_64_14_no_dsp_1_ip_u/inst/i_synth/DIV_OP.SPD.OP/MANT_DIV/RT[35].ADDSUB/ADDSUB/CHAIN_GEN[32].C_MUX.CARRY_MUX_CARRY4_CARRY8/CO[7]
                         net (fo=1, routed)           0.026     1.457    bd_0_i/hls_inst/inst/ddiv_64ns_64ns_64_14_no_dsp_1_U7/md_kernel_ddiv_64ns_64ns_64_14_no_dsp_1_ip_u/inst/i_synth/DIV_OP.SPD.OP/MANT_DIV/RT[35].ADDSUB/ADDSUB/CHAIN_GEN[39].C_MUX.CARRY_MUX_n_0
    SLICE_X38Y87         CARRY8 (Prop_CARRY8_SLICEL_CI_CO[7])
                                                      0.015     1.472 r  bd_0_i/hls_inst/inst/ddiv_64ns_64ns_64_14_no_dsp_1_U7/md_kernel_ddiv_64ns_64ns_64_14_no_dsp_1_ip_u/inst/i_synth/DIV_OP.SPD.OP/MANT_DIV/RT[35].ADDSUB/ADDSUB/CHAIN_GEN[40].C_MUX.CARRY_MUX_CARRY4_CARRY8/CO[7]
                         net (fo=1, routed)           0.026     1.498    bd_0_i/hls_inst/inst/ddiv_64ns_64ns_64_14_no_dsp_1_U7/md_kernel_ddiv_64ns_64ns_64_14_no_dsp_1_ip_u/inst/i_synth/DIV_OP.SPD.OP/MANT_DIV/RT[35].ADDSUB/ADDSUB/CHAIN_GEN[47].C_MUX.CARRY_MUX_n_0
    SLICE_X38Y88         CARRY8 (Prop_CARRY8_SLICEL_CI_O[5])
                                                      0.116     1.614 r  bd_0_i/hls_inst/inst/ddiv_64ns_64ns_64_14_no_dsp_1_U7/md_kernel_ddiv_64ns_64ns_64_14_no_dsp_1_ip_u/inst/i_synth/DIV_OP.SPD.OP/MANT_DIV/RT[35].ADDSUB/ADDSUB/CHAIN_GEN[48].C_MUX.CARRY_MUX_CARRY4_CARRY8/O[5]
                         net (fo=56, routed)          0.772     2.387    bd_0_i/hls_inst/inst/ddiv_64ns_64ns_64_14_no_dsp_1_U7/md_kernel_ddiv_64ns_64ns_64_14_no_dsp_1_ip_u/inst/i_synth/DIV_OP.SPD.OP/MANT_DIV/RT[35].ADDSUB/ADDSUB/Q[52]
    SLICE_X42Y82         LUT2 (Prop_A6LUT_SLICEM_I0_O)
                                                      0.150     2.537 r  bd_0_i/hls_inst/inst/ddiv_64ns_64ns_64_14_no_dsp_1_U7/md_kernel_ddiv_64ns_64ns_64_14_no_dsp_1_ip_u/inst/i_synth/DIV_OP.SPD.OP/MANT_DIV/RT[35].ADDSUB/ADDSUB/CHAIN_GEN[0].C_MUX.CARRY_MUX_i_1__35/O
                         net (fo=1, routed)           0.013     2.550    bd_0_i/hls_inst/inst/ddiv_64ns_64ns_64_14_no_dsp_1_U7/md_kernel_ddiv_64ns_64ns_64_14_no_dsp_1_ip_u/inst/i_synth/DIV_OP.SPD.OP/MANT_DIV/RT[36].ADDSUB/ADDSUB/CHAIN_GEN[53].Q_XOR.SUM_XOR_0[0]
    SLICE_X42Y82         CARRY8 (Prop_CARRY8_SLICEM_S[0]_CO[7])
                                                      0.192     2.742 r  bd_0_i/hls_inst/inst/ddiv_64ns_64ns_64_14_no_dsp_1_U7/md_kernel_ddiv_64ns_64ns_64_14_no_dsp_1_ip_u/inst/i_synth/DIV_OP.SPD.OP/MANT_DIV/RT[36].ADDSUB/ADDSUB/CHAIN_GEN[0].C_MUX.CARRY_MUX_CARRY4_CARRY8/CO[7]
                         net (fo=1, routed)           0.026     2.768    bd_0_i/hls_inst/inst/ddiv_64ns_64ns_64_14_no_dsp_1_U7/md_kernel_ddiv_64ns_64ns_64_14_no_dsp_1_ip_u/inst/i_synth/DIV_OP.SPD.OP/MANT_DIV/RT[36].ADDSUB/ADDSUB/CHAIN_GEN[7].C_MUX.CARRY_MUX_n_0
    SLICE_X42Y83         CARRY8 (Prop_CARRY8_SLICEM_CI_CO[7])
                                                      0.015     2.783 r  bd_0_i/hls_inst/inst/ddiv_64ns_64ns_64_14_no_dsp_1_U7/md_kernel_ddiv_64ns_64ns_64_14_no_dsp_1_ip_u/inst/i_synth/DIV_OP.SPD.OP/MANT_DIV/RT[36].ADDSUB/ADDSUB/CHAIN_GEN[8].C_MUX.CARRY_MUX_CARRY4_CARRY8/CO[7]
                         net (fo=1, routed)           0.026     2.809    bd_0_i/hls_inst/inst/ddiv_64ns_64ns_64_14_no_dsp_1_U7/md_kernel_ddiv_64ns_64ns_64_14_no_dsp_1_ip_u/inst/i_synth/DIV_OP.SPD.OP/MANT_DIV/RT[36].ADDSUB/ADDSUB/CHAIN_GEN[15].C_MUX.CARRY_MUX_n_0
    SLICE_X42Y84         CARRY8 (Prop_CARRY8_SLICEM_CI_CO[7])
                                                      0.015     2.824 r  bd_0_i/hls_inst/inst/ddiv_64ns_64ns_64_14_no_dsp_1_U7/md_kernel_ddiv_64ns_64ns_64_14_no_dsp_1_ip_u/inst/i_synth/DIV_OP.SPD.OP/MANT_DIV/RT[36].ADDSUB/ADDSUB/CHAIN_GEN[16].C_MUX.CARRY_MUX_CARRY4_CARRY8/CO[7]
                         net (fo=1, routed)           0.026     2.850    bd_0_i/hls_inst/inst/ddiv_64ns_64ns_64_14_no_dsp_1_U7/md_kernel_ddiv_64ns_64ns_64_14_no_dsp_1_ip_u/inst/i_synth/DIV_OP.SPD.OP/MANT_DIV/RT[36].ADDSUB/ADDSUB/CHAIN_GEN[23].C_MUX.CARRY_MUX_n_0
    SLICE_X42Y85         CARRY8 (Prop_CARRY8_SLICEM_CI_CO[7])
                                                      0.015     2.865 r  bd_0_i/hls_inst/inst/ddiv_64ns_64ns_64_14_no_dsp_1_U7/md_kernel_ddiv_64ns_64ns_64_14_no_dsp_1_ip_u/inst/i_synth/DIV_OP.SPD.OP/MANT_DIV/RT[36].ADDSUB/ADDSUB/CHAIN_GEN[24].C_MUX.CARRY_MUX_CARRY4_CARRY8/CO[7]
                         net (fo=1, routed)           0.026     2.891    bd_0_i/hls_inst/inst/ddiv_64ns_64ns_64_14_no_dsp_1_U7/md_kernel_ddiv_64ns_64ns_64_14_no_dsp_1_ip_u/inst/i_synth/DIV_OP.SPD.OP/MANT_DIV/RT[36].ADDSUB/ADDSUB/CHAIN_GEN[31].C_MUX.CARRY_MUX_n_0
    SLICE_X42Y86         CARRY8 (Prop_CARRY8_SLICEM_CI_CO[7])
                                                      0.015     2.906 r  bd_0_i/hls_inst/inst/ddiv_64ns_64ns_64_14_no_dsp_1_U7/md_kernel_ddiv_64ns_64ns_64_14_no_dsp_1_ip_u/inst/i_synth/DIV_OP.SPD.OP/MANT_DIV/RT[36].ADDSUB/ADDSUB/CHAIN_GEN[32].C_MUX.CARRY_MUX_CARRY4_CARRY8/CO[7]
                         net (fo=1, routed)           0.026     2.932    bd_0_i/hls_inst/inst/ddiv_64ns_64ns_64_14_no_dsp_1_U7/md_kernel_ddiv_64ns_64ns_64_14_no_dsp_1_ip_u/inst/i_synth/DIV_OP.SPD.OP/MANT_DIV/RT[36].ADDSUB/ADDSUB/CHAIN_GEN[39].C_MUX.CARRY_MUX_n_0
    SLICE_X42Y87         CARRY8 (Prop_CARRY8_SLICEM_CI_CO[7])
                                                      0.015     2.947 r  bd_0_i/hls_inst/inst/ddiv_64ns_64ns_64_14_no_dsp_1_U7/md_kernel_ddiv_64ns_64ns_64_14_no_dsp_1_ip_u/inst/i_synth/DIV_OP.SPD.OP/MANT_DIV/RT[36].ADDSUB/ADDSUB/CHAIN_GEN[40].C_MUX.CARRY_MUX_CARRY4_CARRY8/CO[7]
                         net (fo=1, routed)           0.026     2.973    bd_0_i/hls_inst/inst/ddiv_64ns_64ns_64_14_no_dsp_1_U7/md_kernel_ddiv_64ns_64ns_64_14_no_dsp_1_ip_u/inst/i_synth/DIV_OP.SPD.OP/MANT_DIV/RT[36].ADDSUB/ADDSUB/CHAIN_GEN[47].C_MUX.CARRY_MUX_n_0
    SLICE_X42Y88         CARRY8 (Prop_CARRY8_SLICEM_CI_O[5])
                                                      0.116     3.089 r  bd_0_i/hls_inst/inst/ddiv_64ns_64ns_64_14_no_dsp_1_U7/md_kernel_ddiv_64ns_64ns_64_14_no_dsp_1_ip_u/inst/i_synth/DIV_OP.SPD.OP/MANT_DIV/RT[36].ADDSUB/ADDSUB/CHAIN_GEN[48].C_MUX.CARRY_MUX_CARRY4_CARRY8/O[5]
                         net (fo=56, routed)          0.371     3.460    bd_0_i/hls_inst/inst/ddiv_64ns_64ns_64_14_no_dsp_1_U7/md_kernel_ddiv_64ns_64ns_64_14_no_dsp_1_ip_u/inst/i_synth/DIV_OP.SPD.OP/MANT_DIV/RT[36].ADDSUB/ADDSUB/Q[52]
    SLICE_X43Y82         LUT2 (Prop_A6LUT_SLICEL_I0_O)
                                                      0.090     3.550 r  bd_0_i/hls_inst/inst/ddiv_64ns_64ns_64_14_no_dsp_1_U7/md_kernel_ddiv_64ns_64ns_64_14_no_dsp_1_ip_u/inst/i_synth/DIV_OP.SPD.OP/MANT_DIV/RT[36].ADDSUB/ADDSUB/CHAIN_GEN[0].C_MUX.CARRY_MUX_i_1__36/O
                         net (fo=1, routed)           0.009     3.559    bd_0_i/hls_inst/inst/ddiv_64ns_64ns_64_14_no_dsp_1_U7/md_kernel_ddiv_64ns_64ns_64_14_no_dsp_1_ip_u/inst/i_synth/DIV_OP.SPD.OP/MANT_DIV/RT[37].ADDSUB/ADDSUB/CHAIN_GEN[53].Q_XOR.SUM_XOR_0[0]
    SLICE_X43Y82         CARRY8 (Prop_CARRY8_SLICEL_S[0]_CO[7])
                                                      0.190     3.749 r  bd_0_i/hls_inst/inst/ddiv_64ns_64ns_64_14_no_dsp_1_U7/md_kernel_ddiv_64ns_64ns_64_14_no_dsp_1_ip_u/inst/i_synth/DIV_OP.SPD.OP/MANT_DIV/RT[37].ADDSUB/ADDSUB/CHAIN_GEN[0].C_MUX.CARRY_MUX_CARRY4_CARRY8/CO[7]
                         net (fo=1, routed)           0.026     3.775    bd_0_i/hls_inst/inst/ddiv_64ns_64ns_64_14_no_dsp_1_U7/md_kernel_ddiv_64ns_64ns_64_14_no_dsp_1_ip_u/inst/i_synth/DIV_OP.SPD.OP/MANT_DIV/RT[37].ADDSUB/ADDSUB/CHAIN_GEN[7].C_MUX.CARRY_MUX_n_0
    SLICE_X43Y83         CARRY8 (Prop_CARRY8_SLICEL_CI_CO[7])
                                                      0.015     3.790 r  bd_0_i/hls_inst/inst/ddiv_64ns_64ns_64_14_no_dsp_1_U7/md_kernel_ddiv_64ns_64ns_64_14_no_dsp_1_ip_u/inst/i_synth/DIV_OP.SPD.OP/MANT_DIV/RT[37].ADDSUB/ADDSUB/CHAIN_GEN[8].C_MUX.CARRY_MUX_CARRY4_CARRY8/CO[7]
                         net (fo=1, routed)           0.026     3.816    bd_0_i/hls_inst/inst/ddiv_64ns_64ns_64_14_no_dsp_1_U7/md_kernel_ddiv_64ns_64ns_64_14_no_dsp_1_ip_u/inst/i_synth/DIV_OP.SPD.OP/MANT_DIV/RT[37].ADDSUB/ADDSUB/CHAIN_GEN[15].C_MUX.CARRY_MUX_n_0
    SLICE_X43Y84         CARRY8 (Prop_CARRY8_SLICEL_CI_CO[7])
                                                      0.015     3.831 r  bd_0_i/hls_inst/inst/ddiv_64ns_64ns_64_14_no_dsp_1_U7/md_kernel_ddiv_64ns_64ns_64_14_no_dsp_1_ip_u/inst/i_synth/DIV_OP.SPD.OP/MANT_DIV/RT[37].ADDSUB/ADDSUB/CHAIN_GEN[16].C_MUX.CARRY_MUX_CARRY4_CARRY8/CO[7]
                         net (fo=1, routed)           0.026     3.857    bd_0_i/hls_inst/inst/ddiv_64ns_64ns_64_14_no_dsp_1_U7/md_kernel_ddiv_64ns_64ns_64_14_no_dsp_1_ip_u/inst/i_synth/DIV_OP.SPD.OP/MANT_DIV/RT[37].ADDSUB/ADDSUB/CHAIN_GEN[23].C_MUX.CARRY_MUX_n_0
    SLICE_X43Y85         CARRY8 (Prop_CARRY8_SLICEL_CI_CO[7])
                                                      0.015     3.872 r  bd_0_i/hls_inst/inst/ddiv_64ns_64ns_64_14_no_dsp_1_U7/md_kernel_ddiv_64ns_64ns_64_14_no_dsp_1_ip_u/inst/i_synth/DIV_OP.SPD.OP/MANT_DIV/RT[37].ADDSUB/ADDSUB/CHAIN_GEN[24].C_MUX.CARRY_MUX_CARRY4_CARRY8/CO[7]
                         net (fo=1, routed)           0.026     3.898    bd_0_i/hls_inst/inst/ddiv_64ns_64ns_64_14_no_dsp_1_U7/md_kernel_ddiv_64ns_64ns_64_14_no_dsp_1_ip_u/inst/i_synth/DIV_OP.SPD.OP/MANT_DIV/RT[37].ADDSUB/ADDSUB/CHAIN_GEN[31].C_MUX.CARRY_MUX_n_0
    SLICE_X43Y86         CARRY8 (Prop_CARRY8_SLICEL_CI_CO[7])
                                                      0.015     3.913 r  bd_0_i/hls_inst/inst/ddiv_64ns_64ns_64_14_no_dsp_1_U7/md_kernel_ddiv_64ns_64ns_64_14_no_dsp_1_ip_u/inst/i_synth/DIV_OP.SPD.OP/MANT_DIV/RT[37].ADDSUB/ADDSUB/CHAIN_GEN[32].C_MUX.CARRY_MUX_CARRY4_CARRY8/CO[7]
                         net (fo=1, routed)           0.026     3.939    bd_0_i/hls_inst/inst/ddiv_64ns_64ns_64_14_no_dsp_1_U7/md_kernel_ddiv_64ns_64ns_64_14_no_dsp_1_ip_u/inst/i_synth/DIV_OP.SPD.OP/MANT_DIV/RT[37].ADDSUB/ADDSUB/CHAIN_GEN[39].C_MUX.CARRY_MUX_n_0
    SLICE_X43Y87         CARRY8 (Prop_CARRY8_SLICEL_CI_CO[7])
                                                      0.015     3.954 r  bd_0_i/hls_inst/inst/ddiv_64ns_64ns_64_14_no_dsp_1_U7/md_kernel_ddiv_64ns_64ns_64_14_no_dsp_1_ip_u/inst/i_synth/DIV_OP.SPD.OP/MANT_DIV/RT[37].ADDSUB/ADDSUB/CHAIN_GEN[40].C_MUX.CARRY_MUX_CARRY4_CARRY8/CO[7]
                         net (fo=1, routed)           0.026     3.980    bd_0_i/hls_inst/inst/ddiv_64ns_64ns_64_14_no_dsp_1_U7/md_kernel_ddiv_64ns_64ns_64_14_no_dsp_1_ip_u/inst/i_synth/DIV_OP.SPD.OP/MANT_DIV/RT[37].ADDSUB/ADDSUB/CHAIN_GEN[47].C_MUX.CARRY_MUX_n_0
    SLICE_X43Y88         CARRY8 (Prop_CARRY8_SLICEL_CI_O[5])
                                                      0.116     4.096 r  bd_0_i/hls_inst/inst/ddiv_64ns_64ns_64_14_no_dsp_1_U7/md_kernel_ddiv_64ns_64ns_64_14_no_dsp_1_ip_u/inst/i_synth/DIV_OP.SPD.OP/MANT_DIV/RT[37].ADDSUB/ADDSUB/CHAIN_GEN[48].C_MUX.CARRY_MUX_CARRY4_CARRY8/O[5]
                         net (fo=56, routed)          0.392     4.488    bd_0_i/hls_inst/inst/ddiv_64ns_64ns_64_14_no_dsp_1_U7/md_kernel_ddiv_64ns_64ns_64_14_no_dsp_1_ip_u/inst/i_synth/DIV_OP.SPD.OP/MANT_DIV/RT[37].ADDSUB/ADDSUB/Q[52]
    SLICE_X40Y81         LUT3 (Prop_F6LUT_SLICEL_I0_O)
                                                      0.148     4.636 r  bd_0_i/hls_inst/inst/ddiv_64ns_64ns_64_14_no_dsp_1_U7/md_kernel_ddiv_64ns_64ns_64_14_no_dsp_1_ip_u/inst/i_synth/DIV_OP.SPD.OP/MANT_DIV/RT[37].ADDSUB/ADDSUB/CHAIN_GEN[5].C_MUX.CARRY_MUX_i_1__37/O
                         net (fo=1, routed)           0.011     4.647    bd_0_i/hls_inst/inst/ddiv_64ns_64ns_64_14_no_dsp_1_U7/md_kernel_ddiv_64ns_64ns_64_14_no_dsp_1_ip_u/inst/i_synth/DIV_OP.SPD.OP/MANT_DIV/RT[38].ADDSUB/ADDSUB/A[5]
    SLICE_X40Y81         CARRY8 (Prop_CARRY8_SLICEL_S[5]_CO[7])
                                                      0.155     4.802 r  bd_0_i/hls_inst/inst/ddiv_64ns_64ns_64_14_no_dsp_1_U7/md_kernel_ddiv_64ns_64ns_64_14_no_dsp_1_ip_u/inst/i_synth/DIV_OP.SPD.OP/MANT_DIV/RT[38].ADDSUB/ADDSUB/CHAIN_GEN[0].C_MUX.CARRY_MUX_CARRY4_CARRY8/CO[7]
                         net (fo=1, routed)           0.026     4.828    bd_0_i/hls_inst/inst/ddiv_64ns_64ns_64_14_no_dsp_1_U7/md_kernel_ddiv_64ns_64ns_64_14_no_dsp_1_ip_u/inst/i_synth/DIV_OP.SPD.OP/MANT_DIV/RT[38].ADDSUB/ADDSUB/CHAIN_GEN[7].C_MUX.CARRY_MUX_n_0
    SLICE_X40Y82         CARRY8 (Prop_CARRY8_SLICEL_CI_CO[7])
                                                      0.015     4.843 r  bd_0_i/hls_inst/inst/ddiv_64ns_64ns_64_14_no_dsp_1_U7/md_kernel_ddiv_64ns_64ns_64_14_no_dsp_1_ip_u/inst/i_synth/DIV_OP.SPD.OP/MANT_DIV/RT[38].ADDSUB/ADDSUB/CHAIN_GEN[8].C_MUX.CARRY_MUX_CARRY4_CARRY8/CO[7]
                         net (fo=1, routed)           0.026     4.869    bd_0_i/hls_inst/inst/ddiv_64ns_64ns_64_14_no_dsp_1_U7/md_kernel_ddiv_64ns_64ns_64_14_no_dsp_1_ip_u/inst/i_synth/DIV_OP.SPD.OP/MANT_DIV/RT[38].ADDSUB/ADDSUB/CHAIN_GEN[15].C_MUX.CARRY_MUX_n_0
    SLICE_X40Y83         CARRY8 (Prop_CARRY8_SLICEL_CI_CO[7])
                                                      0.015     4.884 r  bd_0_i/hls_inst/inst/ddiv_64ns_64ns_64_14_no_dsp_1_U7/md_kernel_ddiv_64ns_64ns_64_14_no_dsp_1_ip_u/inst/i_synth/DIV_OP.SPD.OP/MANT_DIV/RT[38].ADDSUB/ADDSUB/CHAIN_GEN[16].C_MUX.CARRY_MUX_CARRY4_CARRY8/CO[7]
                         net (fo=1, routed)           0.026     4.910    bd_0_i/hls_inst/inst/ddiv_64ns_64ns_64_14_no_dsp_1_U7/md_kernel_ddiv_64ns_64ns_64_14_no_dsp_1_ip_u/inst/i_synth/DIV_OP.SPD.OP/MANT_DIV/RT[38].ADDSUB/ADDSUB/CHAIN_GEN[23].C_MUX.CARRY_MUX_n_0
    SLICE_X40Y84         CARRY8 (Prop_CARRY8_SLICEL_CI_CO[7])
                                                      0.015     4.925 r  bd_0_i/hls_inst/inst/ddiv_64ns_64ns_64_14_no_dsp_1_U7/md_kernel_ddiv_64ns_64ns_64_14_no_dsp_1_ip_u/inst/i_synth/DIV_OP.SPD.OP/MANT_DIV/RT[38].ADDSUB/ADDSUB/CHAIN_GEN[24].C_MUX.CARRY_MUX_CARRY4_CARRY8/CO[7]
                         net (fo=1, routed)           0.026     4.951    bd_0_i/hls_inst/inst/ddiv_64ns_64ns_64_14_no_dsp_1_U7/md_kernel_ddiv_64ns_64ns_64_14_no_dsp_1_ip_u/inst/i_synth/DIV_OP.SPD.OP/MANT_DIV/RT[38].ADDSUB/ADDSUB/CHAIN_GEN[31].C_MUX.CARRY_MUX_n_0
    SLICE_X40Y85         CARRY8 (Prop_CARRY8_SLICEL_CI_CO[7])
                                                      0.015     4.966 r  bd_0_i/hls_inst/inst/ddiv_64ns_64ns_64_14_no_dsp_1_U7/md_kernel_ddiv_64ns_64ns_64_14_no_dsp_1_ip_u/inst/i_synth/DIV_OP.SPD.OP/MANT_DIV/RT[38].ADDSUB/ADDSUB/CHAIN_GEN[32].C_MUX.CARRY_MUX_CARRY4_CARRY8/CO[7]
                         net (fo=1, routed)           0.026     4.992    bd_0_i/hls_inst/inst/ddiv_64ns_64ns_64_14_no_dsp_1_U7/md_kernel_ddiv_64ns_64ns_64_14_no_dsp_1_ip_u/inst/i_synth/DIV_OP.SPD.OP/MANT_DIV/RT[38].ADDSUB/ADDSUB/CHAIN_GEN[39].C_MUX.CARRY_MUX_n_0
    SLICE_X40Y86         CARRY8 (Prop_CARRY8_SLICEL_CI_CO[7])
                                                      0.015     5.007 r  bd_0_i/hls_inst/inst/ddiv_64ns_64ns_64_14_no_dsp_1_U7/md_kernel_ddiv_64ns_64ns_64_14_no_dsp_1_ip_u/inst/i_synth/DIV_OP.SPD.OP/MANT_DIV/RT[38].ADDSUB/ADDSUB/CHAIN_GEN[40].C_MUX.CARRY_MUX_CARRY4_CARRY8/CO[7]
                         net (fo=1, routed)           0.026     5.033    bd_0_i/hls_inst/inst/ddiv_64ns_64ns_64_14_no_dsp_1_U7/md_kernel_ddiv_64ns_64ns_64_14_no_dsp_1_ip_u/inst/i_synth/DIV_OP.SPD.OP/MANT_DIV/RT[38].ADDSUB/ADDSUB/CHAIN_GEN[47].C_MUX.CARRY_MUX_n_0
    SLICE_X40Y87         CARRY8 (Prop_CARRY8_SLICEL_CI_O[5])
                                                      0.116     5.149 r  bd_0_i/hls_inst/inst/ddiv_64ns_64ns_64_14_no_dsp_1_U7/md_kernel_ddiv_64ns_64ns_64_14_no_dsp_1_ip_u/inst/i_synth/DIV_OP.SPD.OP/MANT_DIV/RT[38].ADDSUB/ADDSUB/CHAIN_GEN[48].C_MUX.CARRY_MUX_CARRY4_CARRY8/O[5]
                         net (fo=56, routed)          0.622     5.771    bd_0_i/hls_inst/inst/ddiv_64ns_64ns_64_14_no_dsp_1_U7/md_kernel_ddiv_64ns_64ns_64_14_no_dsp_1_ip_u/inst/i_synth/DIV_OP.SPD.OP/MANT_DIV/RT[38].ADDSUB/ADDSUB/Q[52]
    SLICE_X39Y82         LUT3 (Prop_H6LUT_SLICEM_I0_O)
                                                      0.152     5.923 r  bd_0_i/hls_inst/inst/ddiv_64ns_64ns_64_14_no_dsp_1_U7/md_kernel_ddiv_64ns_64ns_64_14_no_dsp_1_ip_u/inst/i_synth/DIV_OP.SPD.OP/MANT_DIV/RT[38].ADDSUB/ADDSUB/CHAIN_GEN[7].C_MUX.CARRY_MUX_i_1__38/O
                         net (fo=1, routed)           0.015     5.938    bd_0_i/hls_inst/inst/ddiv_64ns_64ns_64_14_no_dsp_1_U7/md_kernel_ddiv_64ns_64ns_64_14_no_dsp_1_ip_u/inst/i_synth/DIV_OP.SPD.OP/MANT_DIV/RT[39].ADDSUB/ADDSUB/a_xor_b_sub[7]
    SLICE_X39Y82         CARRY8 (Prop_CARRY8_SLICEM_S[7]_CO[7])
                                                      0.117     6.055 r  bd_0_i/hls_inst/inst/ddiv_64ns_64ns_64_14_no_dsp_1_U7/md_kernel_ddiv_64ns_64ns_64_14_no_dsp_1_ip_u/inst/i_synth/DIV_OP.SPD.OP/MANT_DIV/RT[39].ADDSUB/ADDSUB/CHAIN_GEN[0].C_MUX.CARRY_MUX_CARRY4_CARRY8/CO[7]
                         net (fo=1, routed)           0.026     6.081    bd_0_i/hls_inst/inst/ddiv_64ns_64ns_64_14_no_dsp_1_U7/md_kernel_ddiv_64ns_64ns_64_14_no_dsp_1_ip_u/inst/i_synth/DIV_OP.SPD.OP/MANT_DIV/RT[39].ADDSUB/ADDSUB/CHAIN_GEN[7].C_MUX.CARRY_MUX_n_0
    SLICE_X39Y83         CARRY8 (Prop_CARRY8_SLICEM_CI_CO[7])
                                                      0.015     6.096 r  bd_0_i/hls_inst/inst/ddiv_64ns_64ns_64_14_no_dsp_1_U7/md_kernel_ddiv_64ns_64ns_64_14_no_dsp_1_ip_u/inst/i_synth/DIV_OP.SPD.OP/MANT_DIV/RT[39].ADDSUB/ADDSUB/CHAIN_GEN[8].C_MUX.CARRY_MUX_CARRY4_CARRY8/CO[7]
                         net (fo=1, routed)           0.026     6.122    bd_0_i/hls_inst/inst/ddiv_64ns_64ns_64_14_no_dsp_1_U7/md_kernel_ddiv_64ns_64ns_64_14_no_dsp_1_ip_u/inst/i_synth/DIV_OP.SPD.OP/MANT_DIV/RT[39].ADDSUB/ADDSUB/CHAIN_GEN[15].C_MUX.CARRY_MUX_n_0
    SLICE_X39Y84         CARRY8 (Prop_CARRY8_SLICEM_CI_CO[7])
                                                      0.015     6.137 r  bd_0_i/hls_inst/inst/ddiv_64ns_64ns_64_14_no_dsp_1_U7/md_kernel_ddiv_64ns_64ns_64_14_no_dsp_1_ip_u/inst/i_synth/DIV_OP.SPD.OP/MANT_DIV/RT[39].ADDSUB/ADDSUB/CHAIN_GEN[16].C_MUX.CARRY_MUX_CARRY4_CARRY8/CO[7]
                         net (fo=1, routed)           0.026     6.163    bd_0_i/hls_inst/inst/ddiv_64ns_64ns_64_14_no_dsp_1_U7/md_kernel_ddiv_64ns_64ns_64_14_no_dsp_1_ip_u/inst/i_synth/DIV_OP.SPD.OP/MANT_DIV/RT[39].ADDSUB/ADDSUB/CHAIN_GEN[23].C_MUX.CARRY_MUX_n_0
    SLICE_X39Y85         CARRY8 (Prop_CARRY8_SLICEM_CI_CO[7])
                                                      0.015     6.178 r  bd_0_i/hls_inst/inst/ddiv_64ns_64ns_64_14_no_dsp_1_U7/md_kernel_ddiv_64ns_64ns_64_14_no_dsp_1_ip_u/inst/i_synth/DIV_OP.SPD.OP/MANT_DIV/RT[39].ADDSUB/ADDSUB/CHAIN_GEN[24].C_MUX.CARRY_MUX_CARRY4_CARRY8/CO[7]
                         net (fo=1, routed)           0.026     6.204    bd_0_i/hls_inst/inst/ddiv_64ns_64ns_64_14_no_dsp_1_U7/md_kernel_ddiv_64ns_64ns_64_14_no_dsp_1_ip_u/inst/i_synth/DIV_OP.SPD.OP/MANT_DIV/RT[39].ADDSUB/ADDSUB/CHAIN_GEN[31].C_MUX.CARRY_MUX_n_0
    SLICE_X39Y86         CARRY8 (Prop_CARRY8_SLICEM_CI_CO[7])
                                                      0.015     6.219 r  bd_0_i/hls_inst/inst/ddiv_64ns_64ns_64_14_no_dsp_1_U7/md_kernel_ddiv_64ns_64ns_64_14_no_dsp_1_ip_u/inst/i_synth/DIV_OP.SPD.OP/MANT_DIV/RT[39].ADDSUB/ADDSUB/CHAIN_GEN[32].C_MUX.CARRY_MUX_CARRY4_CARRY8/CO[7]
                         net (fo=1, routed)           0.026     6.245    bd_0_i/hls_inst/inst/ddiv_64ns_64ns_64_14_no_dsp_1_U7/md_kernel_ddiv_64ns_64ns_64_14_no_dsp_1_ip_u/inst/i_synth/DIV_OP.SPD.OP/MANT_DIV/RT[39].ADDSUB/ADDSUB/CHAIN_GEN[39].C_MUX.CARRY_MUX_n_0
    SLICE_X39Y87         CARRY8 (Prop_CARRY8_SLICEM_CI_CO[7])
                                                      0.015     6.260 r  bd_0_i/hls_inst/inst/ddiv_64ns_64ns_64_14_no_dsp_1_U7/md_kernel_ddiv_64ns_64ns_64_14_no_dsp_1_ip_u/inst/i_synth/DIV_OP.SPD.OP/MANT_DIV/RT[39].ADDSUB/ADDSUB/CHAIN_GEN[40].C_MUX.CARRY_MUX_CARRY4_CARRY8/CO[7]
                         net (fo=1, routed)           0.026     6.286    bd_0_i/hls_inst/inst/ddiv_64ns_64ns_64_14_no_dsp_1_U7/md_kernel_ddiv_64ns_64ns_64_14_no_dsp_1_ip_u/inst/i_synth/DIV_OP.SPD.OP/MANT_DIV/RT[39].ADDSUB/ADDSUB/CHAIN_GEN[47].C_MUX.CARRY_MUX_n_0
    SLICE_X39Y88         CARRY8 (Prop_CARRY8_SLICEM_CI_O[1])
                                                      0.076     6.362 r  bd_0_i/hls_inst/inst/ddiv_64ns_64ns_64_14_no_dsp_1_U7/md_kernel_ddiv_64ns_64ns_64_14_no_dsp_1_ip_u/inst/i_synth/DIV_OP.SPD.OP/MANT_DIV/RT[39].ADDSUB/ADDSUB/CHAIN_GEN[48].C_MUX.CARRY_MUX_CARRY4_CARRY8/O[1]
                         net (fo=1, routed)           0.025     6.387    bd_0_i/hls_inst/inst/ddiv_64ns_64ns_64_14_no_dsp_1_U7/md_kernel_ddiv_64ns_64ns_64_14_no_dsp_1_ip_u/inst/i_synth/DIV_OP.SPD.OP/MANT_DIV/RT[39].ADDSUB/ADDSUB/Q_DEL/i_pipe/q_int[49]
    SLICE_X39Y88         FDRE                                         r  bd_0_i/hls_inst/inst/ddiv_64ns_64ns_64_14_no_dsp_1_U7/md_kernel_ddiv_64ns_64ns_64_14_no_dsp_1_ip_u/inst/i_synth/DIV_OP.SPD.OP/MANT_DIV/RT[39].ADDSUB/ADDSUB/Q_DEL/i_pipe/opt_has_pipe.first_q_reg[49]/D
  -------------------------------------------------------------------    -------------------

                         (clock ap_clk rise edge)     8.000     8.000 r  
                                                      0.000     8.000 r  ap_clk (IN)
                         net (fo=4330, unset)         0.021     8.021    bd_0_i/hls_inst/inst/ddiv_64ns_64ns_64_14_no_dsp_1_U7/md_kernel_ddiv_64ns_64ns_64_14_no_dsp_1_ip_u/inst/i_synth/DIV_OP.SPD.OP/MANT_DIV/RT[39].ADDSUB/ADDSUB/Q_DEL/i_pipe/aclk
    SLICE_X39Y88         FDRE                                         r  bd_0_i/hls_inst/inst/ddiv_64ns_64ns_64_14_no_dsp_1_U7/md_kernel_ddiv_64ns_64ns_64_14_no_dsp_1_ip_u/inst/i_synth/DIV_OP.SPD.OP/MANT_DIV/RT[39].ADDSUB/ADDSUB/Q_DEL/i_pipe/opt_has_pipe.first_q_reg[49]/C
                         clock pessimism              0.000     8.021    
                         clock uncertainty           -0.035     7.986    
    SLICE_X39Y88         FDRE (Setup_BFF_SLICEM_C_D)
                                                      0.025     8.011    bd_0_i/hls_inst/inst/ddiv_64ns_64ns_64_14_no_dsp_1_U7/md_kernel_ddiv_64ns_64ns_64_14_no_dsp_1_ip_u/inst/i_synth/DIV_OP.SPD.OP/MANT_DIV/RT[39].ADDSUB/ADDSUB/Q_DEL/i_pipe/opt_has_pipe.first_q_reg[49]
  -------------------------------------------------------------------
                         required time                          8.011    
                         arrival time                          -6.387    
  -------------------------------------------------------------------
                         slack                                  1.624    

Slack (MET) :             1.625ns  (required time - arrival time)
  Source:                 bd_0_i/hls_inst/inst/ddiv_64ns_64ns_64_14_no_dsp_1_U7/md_kernel_ddiv_64ns_64ns_64_14_no_dsp_1_ip_u/inst/i_synth/DIV_OP.SPD.OP/MANT_DIV/RT[34].ADDSUB/ADDSUB/Q_DEL/i_pipe/opt_has_pipe.first_q_reg[53]/C
                            (rising edge-triggered cell FDRE clocked by ap_clk  {rise@0.000ns fall@4.000ns period=8.000ns})
  Destination:            bd_0_i/hls_inst/inst/ddiv_64ns_64ns_64_14_no_dsp_1_U7/md_kernel_ddiv_64ns_64ns_64_14_no_dsp_1_ip_u/inst/i_synth/DIV_OP.SPD.OP/MANT_DIV/RT[39].ADDSUB/ADDSUB/Q_DEL/i_pipe/opt_has_pipe.first_q_reg[45]/D
                            (rising edge-triggered cell FDRE clocked by ap_clk  {rise@0.000ns fall@4.000ns period=8.000ns})
  Path Group:             ap_clk
  Path Type:              Setup (Max at Slow Process Corner)
  Requirement:            8.000ns  (ap_clk rise@8.000ns - ap_clk rise@0.000ns)
  Data Path Delay:        6.356ns  (logic 2.520ns (39.648%)  route 3.836ns (60.352%))
  Logic Levels:           39  (CARRY8=34 LUT2=2 LUT3=3)
  Clock Path Skew:        -0.009ns (DCD - SCD + CPR)
    Destination Clock Delay (DCD):    0.021ns = ( 8.021 - 8.000 ) 
    Source Clock Delay      (SCD):    0.030ns
    Clock Pessimism Removal (CPR):    0.000ns
  Clock Uncertainty:      0.035ns  ((TSJ^2 + TIJ^2)^1/2 + DJ) / 2 + PE
    Total System Jitter     (TSJ):    0.071ns
    Total Input Jitter      (TIJ):    0.000ns
    Discrete Jitter          (DJ):    0.000ns
    Phase Error              (PE):    0.000ns

    Location             Delay type                Incr(ns)  Path(ns)    Netlist Resource(s)
  -------------------------------------------------------------------    -------------------
                         (clock ap_clk rise edge)     0.000     0.000 r  
                                                      0.000     0.000 r  ap_clk (IN)
                         net (fo=4330, unset)         0.030     0.030    bd_0_i/hls_inst/inst/ddiv_64ns_64ns_64_14_no_dsp_1_U7/md_kernel_ddiv_64ns_64ns_64_14_no_dsp_1_ip_u/inst/i_synth/DIV_OP.SPD.OP/MANT_DIV/RT[34].ADDSUB/ADDSUB/Q_DEL/i_pipe/aclk
    SLICE_X41Y90         FDRE                                         r  bd_0_i/hls_inst/inst/ddiv_64ns_64ns_64_14_no_dsp_1_U7/md_kernel_ddiv_64ns_64ns_64_14_no_dsp_1_ip_u/inst/i_synth/DIV_OP.SPD.OP/MANT_DIV/RT[34].ADDSUB/ADDSUB/Q_DEL/i_pipe/opt_has_pipe.first_q_reg[53]/C
  -------------------------------------------------------------------    -------------------
    SLICE_X41Y90         FDRE (Prop_FFF_SLICEM_C_Q)
                                                      0.076     0.106 r  bd_0_i/hls_inst/inst/ddiv_64ns_64ns_64_14_no_dsp_1_U7/md_kernel_ddiv_64ns_64ns_64_14_no_dsp_1_ip_u/inst/i_synth/DIV_OP.SPD.OP/MANT_DIV/RT[34].ADDSUB/ADDSUB/Q_DEL/i_pipe/opt_has_pipe.first_q_reg[53]/Q
                         net (fo=56, routed)          0.842     0.948    bd_0_i/hls_inst/inst/ddiv_64ns_64ns_64_14_no_dsp_1_U7/md_kernel_ddiv_64ns_64ns_64_14_no_dsp_1_ip_u/inst/i_synth/DIV_OP.SPD.OP/MANT_DIV/RT[34].ADDSUB/ADDSUB/Q_DEL/i_pipe/opt_has_pipe.first_q[53]
    SLICE_X38Y82         LUT3 (Prop_B6LUT_SLICEL_I0_O)
                                                      0.124     1.072 r  bd_0_i/hls_inst/inst/ddiv_64ns_64ns_64_14_no_dsp_1_U7/md_kernel_ddiv_64ns_64ns_64_14_no_dsp_1_ip_u/inst/i_synth/DIV_OP.SPD.OP/MANT_DIV/RT[34].ADDSUB/ADDSUB/Q_DEL/i_pipe/CHAIN_GEN[1].C_MUX.CARRY_MUX_i_1__34/O
                         net (fo=1, routed)           0.009     1.081    bd_0_i/hls_inst/inst/ddiv_64ns_64ns_64_14_no_dsp_1_U7/md_kernel_ddiv_64ns_64ns_64_14_no_dsp_1_ip_u/inst/i_synth/DIV_OP.SPD.OP/MANT_DIV/RT[35].ADDSUB/ADDSUB/CHAIN_GEN[53].Q_XOR.SUM_XOR_0[1]
    SLICE_X38Y82         CARRY8 (Prop_CARRY8_SLICEL_S[1]_CO[7])
                                                      0.186     1.267 r  bd_0_i/hls_inst/inst/ddiv_64ns_64ns_64_14_no_dsp_1_U7/md_kernel_ddiv_64ns_64ns_64_14_no_dsp_1_ip_u/inst/i_synth/DIV_OP.SPD.OP/MANT_DIV/RT[35].ADDSUB/ADDSUB/CHAIN_GEN[0].C_MUX.CARRY_MUX_CARRY4_CARRY8/CO[7]
                         net (fo=1, routed)           0.026     1.293    bd_0_i/hls_inst/inst/ddiv_64ns_64ns_64_14_no_dsp_1_U7/md_kernel_ddiv_64ns_64ns_64_14_no_dsp_1_ip_u/inst/i_synth/DIV_OP.SPD.OP/MANT_DIV/RT[35].ADDSUB/ADDSUB/CHAIN_GEN[7].C_MUX.CARRY_MUX_n_0
    SLICE_X38Y83         CARRY8 (Prop_CARRY8_SLICEL_CI_CO[7])
                                                      0.015     1.308 r  bd_0_i/hls_inst/inst/ddiv_64ns_64ns_64_14_no_dsp_1_U7/md_kernel_ddiv_64ns_64ns_64_14_no_dsp_1_ip_u/inst/i_synth/DIV_OP.SPD.OP/MANT_DIV/RT[35].ADDSUB/ADDSUB/CHAIN_GEN[8].C_MUX.CARRY_MUX_CARRY4_CARRY8/CO[7]
                         net (fo=1, routed)           0.026     1.334    bd_0_i/hls_inst/inst/ddiv_64ns_64ns_64_14_no_dsp_1_U7/md_kernel_ddiv_64ns_64ns_64_14_no_dsp_1_ip_u/inst/i_synth/DIV_OP.SPD.OP/MANT_DIV/RT[35].ADDSUB/ADDSUB/CHAIN_GEN[15].C_MUX.CARRY_MUX_n_0
    SLICE_X38Y84         CARRY8 (Prop_CARRY8_SLICEL_CI_CO[7])
                                                      0.015     1.349 r  bd_0_i/hls_inst/inst/ddiv_64ns_64ns_64_14_no_dsp_1_U7/md_kernel_ddiv_64ns_64ns_64_14_no_dsp_1_ip_u/inst/i_synth/DIV_OP.SPD.OP/MANT_DIV/RT[35].ADDSUB/ADDSUB/CHAIN_GEN[16].C_MUX.CARRY_MUX_CARRY4_CARRY8/CO[7]
                         net (fo=1, routed)           0.026     1.375    bd_0_i/hls_inst/inst/ddiv_64ns_64ns_64_14_no_dsp_1_U7/md_kernel_ddiv_64ns_64ns_64_14_no_dsp_1_ip_u/inst/i_synth/DIV_OP.SPD.OP/MANT_DIV/RT[35].ADDSUB/ADDSUB/CHAIN_GEN[23].C_MUX.CARRY_MUX_n_0
    SLICE_X38Y85         CARRY8 (Prop_CARRY8_SLICEL_CI_CO[7])
                                                      0.015     1.390 r  bd_0_i/hls_inst/inst/ddiv_64ns_64ns_64_14_no_dsp_1_U7/md_kernel_ddiv_64ns_64ns_64_14_no_dsp_1_ip_u/inst/i_synth/DIV_OP.SPD.OP/MANT_DIV/RT[35].ADDSUB/ADDSUB/CHAIN_GEN[24].C_MUX.CARRY_MUX_CARRY4_CARRY8/CO[7]
                         net (fo=1, routed)           0.026     1.416    bd_0_i/hls_inst/inst/ddiv_64ns_64ns_64_14_no_dsp_1_U7/md_kernel_ddiv_64ns_64ns_64_14_no_dsp_1_ip_u/inst/i_synth/DIV_OP.SPD.OP/MANT_DIV/RT[35].ADDSUB/ADDSUB/CHAIN_GEN[31].C_MUX.CARRY_MUX_n_0
    SLICE_X38Y86         CARRY8 (Prop_CARRY8_SLICEL_CI_CO[7])
                                                      0.015     1.431 r  bd_0_i/hls_inst/inst/ddiv_64ns_64ns_64_14_no_dsp_1_U7/md_kernel_ddiv_64ns_64ns_64_14_no_dsp_1_ip_u/inst/i_synth/DIV_OP.SPD.OP/MANT_DIV/RT[35].ADDSUB/ADDSUB/CHAIN_GEN[32].C_MUX.CARRY_MUX_CARRY4_CARRY8/CO[7]
                         net (fo=1, routed)           0.026     1.457    bd_0_i/hls_inst/inst/ddiv_64ns_64ns_64_14_no_dsp_1_U7/md_kernel_ddiv_64ns_64ns_64_14_no_dsp_1_ip_u/inst/i_synth/DIV_OP.SPD.OP/MANT_DIV/RT[35].ADDSUB/ADDSUB/CHAIN_GEN[39].C_MUX.CARRY_MUX_n_0
    SLICE_X38Y87         CARRY8 (Prop_CARRY8_SLICEL_CI_CO[7])
                                                      0.015     1.472 r  bd_0_i/hls_inst/inst/ddiv_64ns_64ns_64_14_no_dsp_1_U7/md_kernel_ddiv_64ns_64ns_64_14_no_dsp_1_ip_u/inst/i_synth/DIV_OP.SPD.OP/MANT_DIV/RT[35].ADDSUB/ADDSUB/CHAIN_GEN[40].C_MUX.CARRY_MUX_CARRY4_CARRY8/CO[7]
                         net (fo=1, routed)           0.026     1.498    bd_0_i/hls_inst/inst/ddiv_64ns_64ns_64_14_no_dsp_1_U7/md_kernel_ddiv_64ns_64ns_64_14_no_dsp_1_ip_u/inst/i_synth/DIV_OP.SPD.OP/MANT_DIV/RT[35].ADDSUB/ADDSUB/CHAIN_GEN[47].C_MUX.CARRY_MUX_n_0
    SLICE_X38Y88         CARRY8 (Prop_CARRY8_SLICEL_CI_O[5])
                                                      0.116     1.614 r  bd_0_i/hls_inst/inst/ddiv_64ns_64ns_64_14_no_dsp_1_U7/md_kernel_ddiv_64ns_64ns_64_14_no_dsp_1_ip_u/inst/i_synth/DIV_OP.SPD.OP/MANT_DIV/RT[35].ADDSUB/ADDSUB/CHAIN_GEN[48].C_MUX.CARRY_MUX_CARRY4_CARRY8/O[5]
                         net (fo=56, routed)          0.772     2.387    bd_0_i/hls_inst/inst/ddiv_64ns_64ns_64_14_no_dsp_1_U7/md_kernel_ddiv_64ns_64ns_64_14_no_dsp_1_ip_u/inst/i_synth/DIV_OP.SPD.OP/MANT_DIV/RT[35].ADDSUB/ADDSUB/Q[52]
    SLICE_X42Y82         LUT2 (Prop_A6LUT_SLICEM_I0_O)
                                                      0.150     2.537 r  bd_0_i/hls_inst/inst/ddiv_64ns_64ns_64_14_no_dsp_1_U7/md_kernel_ddiv_64ns_64ns_64_14_no_dsp_1_ip_u/inst/i_synth/DIV_OP.SPD.OP/MANT_DIV/RT[35].ADDSUB/ADDSUB/CHAIN_GEN[0].C_MUX.CARRY_MUX_i_1__35/O
                         net (fo=1, routed)           0.013     2.550    bd_0_i/hls_inst/inst/ddiv_64ns_64ns_64_14_no_dsp_1_U7/md_kernel_ddiv_64ns_64ns_64_14_no_dsp_1_ip_u/inst/i_synth/DIV_OP.SPD.OP/MANT_DIV/RT[36].ADDSUB/ADDSUB/CHAIN_GEN[53].Q_XOR.SUM_XOR_0[0]
    SLICE_X42Y82         CARRY8 (Prop_CARRY8_SLICEM_S[0]_CO[7])
                                                      0.192     2.742 r  bd_0_i/hls_inst/inst/ddiv_64ns_64ns_64_14_no_dsp_1_U7/md_kernel_ddiv_64ns_64ns_64_14_no_dsp_1_ip_u/inst/i_synth/DIV_OP.SPD.OP/MANT_DIV/RT[36].ADDSUB/ADDSUB/CHAIN_GEN[0].C_MUX.CARRY_MUX_CARRY4_CARRY8/CO[7]
                         net (fo=1, routed)           0.026     2.768    bd_0_i/hls_inst/inst/ddiv_64ns_64ns_64_14_no_dsp_1_U7/md_kernel_ddiv_64ns_64ns_64_14_no_dsp_1_ip_u/inst/i_synth/DIV_OP.SPD.OP/MANT_DIV/RT[36].ADDSUB/ADDSUB/CHAIN_GEN[7].C_MUX.CARRY_MUX_n_0
    SLICE_X42Y83         CARRY8 (Prop_CARRY8_SLICEM_CI_CO[7])
                                                      0.015     2.783 r  bd_0_i/hls_inst/inst/ddiv_64ns_64ns_64_14_no_dsp_1_U7/md_kernel_ddiv_64ns_64ns_64_14_no_dsp_1_ip_u/inst/i_synth/DIV_OP.SPD.OP/MANT_DIV/RT[36].ADDSUB/ADDSUB/CHAIN_GEN[8].C_MUX.CARRY_MUX_CARRY4_CARRY8/CO[7]
                         net (fo=1, routed)           0.026     2.809    bd_0_i/hls_inst/inst/ddiv_64ns_64ns_64_14_no_dsp_1_U7/md_kernel_ddiv_64ns_64ns_64_14_no_dsp_1_ip_u/inst/i_synth/DIV_OP.SPD.OP/MANT_DIV/RT[36].ADDSUB/ADDSUB/CHAIN_GEN[15].C_MUX.CARRY_MUX_n_0
    SLICE_X42Y84         CARRY8 (Prop_CARRY8_SLICEM_CI_CO[7])
                                                      0.015     2.824 r  bd_0_i/hls_inst/inst/ddiv_64ns_64ns_64_14_no_dsp_1_U7/md_kernel_ddiv_64ns_64ns_64_14_no_dsp_1_ip_u/inst/i_synth/DIV_OP.SPD.OP/MANT_DIV/RT[36].ADDSUB/ADDSUB/CHAIN_GEN[16].C_MUX.CARRY_MUX_CARRY4_CARRY8/CO[7]
                         net (fo=1, routed)           0.026     2.850    bd_0_i/hls_inst/inst/ddiv_64ns_64ns_64_14_no_dsp_1_U7/md_kernel_ddiv_64ns_64ns_64_14_no_dsp_1_ip_u/inst/i_synth/DIV_OP.SPD.OP/MANT_DIV/RT[36].ADDSUB/ADDSUB/CHAIN_GEN[23].C_MUX.CARRY_MUX_n_0
    SLICE_X42Y85         CARRY8 (Prop_CARRY8_SLICEM_CI_CO[7])
                                                      0.015     2.865 r  bd_0_i/hls_inst/inst/ddiv_64ns_64ns_64_14_no_dsp_1_U7/md_kernel_ddiv_64ns_64ns_64_14_no_dsp_1_ip_u/inst/i_synth/DIV_OP.SPD.OP/MANT_DIV/RT[36].ADDSUB/ADDSUB/CHAIN_GEN[24].C_MUX.CARRY_MUX_CARRY4_CARRY8/CO[7]
                         net (fo=1, routed)           0.026     2.891    bd_0_i/hls_inst/inst/ddiv_64ns_64ns_64_14_no_dsp_1_U7/md_kernel_ddiv_64ns_64ns_64_14_no_dsp_1_ip_u/inst/i_synth/DIV_OP.SPD.OP/MANT_DIV/RT[36].ADDSUB/ADDSUB/CHAIN_GEN[31].C_MUX.CARRY_MUX_n_0
    SLICE_X42Y86         CARRY8 (Prop_CARRY8_SLICEM_CI_CO[7])
                                                      0.015     2.906 r  bd_0_i/hls_inst/inst/ddiv_64ns_64ns_64_14_no_dsp_1_U7/md_kernel_ddiv_64ns_64ns_64_14_no_dsp_1_ip_u/inst/i_synth/DIV_OP.SPD.OP/MANT_DIV/RT[36].ADDSUB/ADDSUB/CHAIN_GEN[32].C_MUX.CARRY_MUX_CARRY4_CARRY8/CO[7]
                         net (fo=1, routed)           0.026     2.932    bd_0_i/hls_inst/inst/ddiv_64ns_64ns_64_14_no_dsp_1_U7/md_kernel_ddiv_64ns_64ns_64_14_no_dsp_1_ip_u/inst/i_synth/DIV_OP.SPD.OP/MANT_DIV/RT[36].ADDSUB/ADDSUB/CHAIN_GEN[39].C_MUX.CARRY_MUX_n_0
    SLICE_X42Y87         CARRY8 (Prop_CARRY8_SLICEM_CI_CO[7])
                                                      0.015     2.947 r  bd_0_i/hls_inst/inst/ddiv_64ns_64ns_64_14_no_dsp_1_U7/md_kernel_ddiv_64ns_64ns_64_14_no_dsp_1_ip_u/inst/i_synth/DIV_OP.SPD.OP/MANT_DIV/RT[36].ADDSUB/ADDSUB/CHAIN_GEN[40].C_MUX.CARRY_MUX_CARRY4_CARRY8/CO[7]
                         net (fo=1, routed)           0.026     2.973    bd_0_i/hls_inst/inst/ddiv_64ns_64ns_64_14_no_dsp_1_U7/md_kernel_ddiv_64ns_64ns_64_14_no_dsp_1_ip_u/inst/i_synth/DIV_OP.SPD.OP/MANT_DIV/RT[36].ADDSUB/ADDSUB/CHAIN_GEN[47].C_MUX.CARRY_MUX_n_0
    SLICE_X42Y88         CARRY8 (Prop_CARRY8_SLICEM_CI_O[5])
                                                      0.116     3.089 r  bd_0_i/hls_inst/inst/ddiv_64ns_64ns_64_14_no_dsp_1_U7/md_kernel_ddiv_64ns_64ns_64_14_no_dsp_1_ip_u/inst/i_synth/DIV_OP.SPD.OP/MANT_DIV/RT[36].ADDSUB/ADDSUB/CHAIN_GEN[48].C_MUX.CARRY_MUX_CARRY4_CARRY8/O[5]
                         net (fo=56, routed)          0.371     3.460    bd_0_i/hls_inst/inst/ddiv_64ns_64ns_64_14_no_dsp_1_U7/md_kernel_ddiv_64ns_64ns_64_14_no_dsp_1_ip_u/inst/i_synth/DIV_OP.SPD.OP/MANT_DIV/RT[36].ADDSUB/ADDSUB/Q[52]
    SLICE_X43Y82         LUT2 (Prop_A6LUT_SLICEL_I0_O)
                                                      0.090     3.550 r  bd_0_i/hls_inst/inst/ddiv_64ns_64ns_64_14_no_dsp_1_U7/md_kernel_ddiv_64ns_64ns_64_14_no_dsp_1_ip_u/inst/i_synth/DIV_OP.SPD.OP/MANT_DIV/RT[36].ADDSUB/ADDSUB/CHAIN_GEN[0].C_MUX.CARRY_MUX_i_1__36/O
                         net (fo=1, routed)           0.009     3.559    bd_0_i/hls_inst/inst/ddiv_64ns_64ns_64_14_no_dsp_1_U7/md_kernel_ddiv_64ns_64ns_64_14_no_dsp_1_ip_u/inst/i_synth/DIV_OP.SPD.OP/MANT_DIV/RT[37].ADDSUB/ADDSUB/CHAIN_GEN[53].Q_XOR.SUM_XOR_0[0]
    SLICE_X43Y82         CARRY8 (Prop_CARRY8_SLICEL_S[0]_CO[7])
                                                      0.190     3.749 r  bd_0_i/hls_inst/inst/ddiv_64ns_64ns_64_14_no_dsp_1_U7/md_kernel_ddiv_64ns_64ns_64_14_no_dsp_1_ip_u/inst/i_synth/DIV_OP.SPD.OP/MANT_DIV/RT[37].ADDSUB/ADDSUB/CHAIN_GEN[0].C_MUX.CARRY_MUX_CARRY4_CARRY8/CO[7]
                         net (fo=1, routed)           0.026     3.775    bd_0_i/hls_inst/inst/ddiv_64ns_64ns_64_14_no_dsp_1_U7/md_kernel_ddiv_64ns_64ns_64_14_no_dsp_1_ip_u/inst/i_synth/DIV_OP.SPD.OP/MANT_DIV/RT[37].ADDSUB/ADDSUB/CHAIN_GEN[7].C_MUX.CARRY_MUX_n_0
    SLICE_X43Y83         CARRY8 (Prop_CARRY8_SLICEL_CI_CO[7])
                                                      0.015     3.790 r  bd_0_i/hls_inst/inst/ddiv_64ns_64ns_64_14_no_dsp_1_U7/md_kernel_ddiv_64ns_64ns_64_14_no_dsp_1_ip_u/inst/i_synth/DIV_OP.SPD.OP/MANT_DIV/RT[37].ADDSUB/ADDSUB/CHAIN_GEN[8].C_MUX.CARRY_MUX_CARRY4_CARRY8/CO[7]
                         net (fo=1, routed)           0.026     3.816    bd_0_i/hls_inst/inst/ddiv_64ns_64ns_64_14_no_dsp_1_U7/md_kernel_ddiv_64ns_64ns_64_14_no_dsp_1_ip_u/inst/i_synth/DIV_OP.SPD.OP/MANT_DIV/RT[37].ADDSUB/ADDSUB/CHAIN_GEN[15].C_MUX.CARRY_MUX_n_0
    SLICE_X43Y84         CARRY8 (Prop_CARRY8_SLICEL_CI_CO[7])
                                                      0.015     3.831 r  bd_0_i/hls_inst/inst/ddiv_64ns_64ns_64_14_no_dsp_1_U7/md_kernel_ddiv_64ns_64ns_64_14_no_dsp_1_ip_u/inst/i_synth/DIV_OP.SPD.OP/MANT_DIV/RT[37].ADDSUB/ADDSUB/CHAIN_GEN[16].C_MUX.CARRY_MUX_CARRY4_CARRY8/CO[7]
                         net (fo=1, routed)           0.026     3.857    bd_0_i/hls_inst/inst/ddiv_64ns_64ns_64_14_no_dsp_1_U7/md_kernel_ddiv_64ns_64ns_64_14_no_dsp_1_ip_u/inst/i_synth/DIV_OP.SPD.OP/MANT_DIV/RT[37].ADDSUB/ADDSUB/CHAIN_GEN[23].C_MUX.CARRY_MUX_n_0
    SLICE_X43Y85         CARRY8 (Prop_CARRY8_SLICEL_CI_CO[7])
                                                      0.015     3.872 r  bd_0_i/hls_inst/inst/ddiv_64ns_64ns_64_14_no_dsp_1_U7/md_kernel_ddiv_64ns_64ns_64_14_no_dsp_1_ip_u/inst/i_synth/DIV_OP.SPD.OP/MANT_DIV/RT[37].ADDSUB/ADDSUB/CHAIN_GEN[24].C_MUX.CARRY_MUX_CARRY4_CARRY8/CO[7]
                         net (fo=1, routed)           0.026     3.898    bd_0_i/hls_inst/inst/ddiv_64ns_64ns_64_14_no_dsp_1_U7/md_kernel_ddiv_64ns_64ns_64_14_no_dsp_1_ip_u/inst/i_synth/DIV_OP.SPD.OP/MANT_DIV/RT[37].ADDSUB/ADDSUB/CHAIN_GEN[31].C_MUX.CARRY_MUX_n_0
    SLICE_X43Y86         CARRY8 (Prop_CARRY8_SLICEL_CI_CO[7])
                                                      0.015     3.913 r  bd_0_i/hls_inst/inst/ddiv_64ns_64ns_64_14_no_dsp_1_U7/md_kernel_ddiv_64ns_64ns_64_14_no_dsp_1_ip_u/inst/i_synth/DIV_OP.SPD.OP/MANT_DIV/RT[37].ADDSUB/ADDSUB/CHAIN_GEN[32].C_MUX.CARRY_MUX_CARRY4_CARRY8/CO[7]
                         net (fo=1, routed)           0.026     3.939    bd_0_i/hls_inst/inst/ddiv_64ns_64ns_64_14_no_dsp_1_U7/md_kernel_ddiv_64ns_64ns_64_14_no_dsp_1_ip_u/inst/i_synth/DIV_OP.SPD.OP/MANT_DIV/RT[37].ADDSUB/ADDSUB/CHAIN_GEN[39].C_MUX.CARRY_MUX_n_0
    SLICE_X43Y87         CARRY8 (Prop_CARRY8_SLICEL_CI_CO[7])
                                                      0.015     3.954 r  bd_0_i/hls_inst/inst/ddiv_64ns_64ns_64_14_no_dsp_1_U7/md_kernel_ddiv_64ns_64ns_64_14_no_dsp_1_ip_u/inst/i_synth/DIV_OP.SPD.OP/MANT_DIV/RT[37].ADDSUB/ADDSUB/CHAIN_GEN[40].C_MUX.CARRY_MUX_CARRY4_CARRY8/CO[7]
                         net (fo=1, routed)           0.026     3.980    bd_0_i/hls_inst/inst/ddiv_64ns_64ns_64_14_no_dsp_1_U7/md_kernel_ddiv_64ns_64ns_64_14_no_dsp_1_ip_u/inst/i_synth/DIV_OP.SPD.OP/MANT_DIV/RT[37].ADDSUB/ADDSUB/CHAIN_GEN[47].C_MUX.CARRY_MUX_n_0
    SLICE_X43Y88         CARRY8 (Prop_CARRY8_SLICEL_CI_O[5])
                                                      0.116     4.096 r  bd_0_i/hls_inst/inst/ddiv_64ns_64ns_64_14_no_dsp_1_U7/md_kernel_ddiv_64ns_64ns_64_14_no_dsp_1_ip_u/inst/i_synth/DIV_OP.SPD.OP/MANT_DIV/RT[37].ADDSUB/ADDSUB/CHAIN_GEN[48].C_MUX.CARRY_MUX_CARRY4_CARRY8/O[5]
                         net (fo=56, routed)          0.392     4.488    bd_0_i/hls_inst/inst/ddiv_64ns_64ns_64_14_no_dsp_1_U7/md_kernel_ddiv_64ns_64ns_64_14_no_dsp_1_ip_u/inst/i_synth/DIV_OP.SPD.OP/MANT_DIV/RT[37].ADDSUB/ADDSUB/Q[52]
    SLICE_X40Y81         LUT3 (Prop_F6LUT_SLICEL_I0_O)
                                                      0.148     4.636 r  bd_0_i/hls_inst/inst/ddiv_64ns_64ns_64_14_no_dsp_1_U7/md_kernel_ddiv_64ns_64ns_64_14_no_dsp_1_ip_u/inst/i_synth/DIV_OP.SPD.OP/MANT_DIV/RT[37].ADDSUB/ADDSUB/CHAIN_GEN[5].C_MUX.CARRY_MUX_i_1__37/O
                         net (fo=1, routed)           0.011     4.647    bd_0_i/hls_inst/inst/ddiv_64ns_64ns_64_14_no_dsp_1_U7/md_kernel_ddiv_64ns_64ns_64_14_no_dsp_1_ip_u/inst/i_synth/DIV_OP.SPD.OP/MANT_DIV/RT[38].ADDSUB/ADDSUB/A[5]
    SLICE_X40Y81         CARRY8 (Prop_CARRY8_SLICEL_S[5]_CO[7])
                                                      0.155     4.802 r  bd_0_i/hls_inst/inst/ddiv_64ns_64ns_64_14_no_dsp_1_U7/md_kernel_ddiv_64ns_64ns_64_14_no_dsp_1_ip_u/inst/i_synth/DIV_OP.SPD.OP/MANT_DIV/RT[38].ADDSUB/ADDSUB/CHAIN_GEN[0].C_MUX.CARRY_MUX_CARRY4_CARRY8/CO[7]
                         net (fo=1, routed)           0.026     4.828    bd_0_i/hls_inst/inst/ddiv_64ns_64ns_64_14_no_dsp_1_U7/md_kernel_ddiv_64ns_64ns_64_14_no_dsp_1_ip_u/inst/i_synth/DIV_OP.SPD.OP/MANT_DIV/RT[38].ADDSUB/ADDSUB/CHAIN_GEN[7].C_MUX.CARRY_MUX_n_0
    SLICE_X40Y82         CARRY8 (Prop_CARRY8_SLICEL_CI_CO[7])
                                                      0.015     4.843 r  bd_0_i/hls_inst/inst/ddiv_64ns_64ns_64_14_no_dsp_1_U7/md_kernel_ddiv_64ns_64ns_64_14_no_dsp_1_ip_u/inst/i_synth/DIV_OP.SPD.OP/MANT_DIV/RT[38].ADDSUB/ADDSUB/CHAIN_GEN[8].C_MUX.CARRY_MUX_CARRY4_CARRY8/CO[7]
                         net (fo=1, routed)           0.026     4.869    bd_0_i/hls_inst/inst/ddiv_64ns_64ns_64_14_no_dsp_1_U7/md_kernel_ddiv_64ns_64ns_64_14_no_dsp_1_ip_u/inst/i_synth/DIV_OP.SPD.OP/MANT_DIV/RT[38].ADDSUB/ADDSUB/CHAIN_GEN[15].C_MUX.CARRY_MUX_n_0
    SLICE_X40Y83         CARRY8 (Prop_CARRY8_SLICEL_CI_CO[7])
                                                      0.015     4.884 r  bd_0_i/hls_inst/inst/ddiv_64ns_64ns_64_14_no_dsp_1_U7/md_kernel_ddiv_64ns_64ns_64_14_no_dsp_1_ip_u/inst/i_synth/DIV_OP.SPD.OP/MANT_DIV/RT[38].ADDSUB/ADDSUB/CHAIN_GEN[16].C_MUX.CARRY_MUX_CARRY4_CARRY8/CO[7]
                         net (fo=1, routed)           0.026     4.910    bd_0_i/hls_inst/inst/ddiv_64ns_64ns_64_14_no_dsp_1_U7/md_kernel_ddiv_64ns_64ns_64_14_no_dsp_1_ip_u/inst/i_synth/DIV_OP.SPD.OP/MANT_DIV/RT[38].ADDSUB/ADDSUB/CHAIN_GEN[23].C_MUX.CARRY_MUX_n_0
    SLICE_X40Y84         CARRY8 (Prop_CARRY8_SLICEL_CI_CO[7])
                                                      0.015     4.925 r  bd_0_i/hls_inst/inst/ddiv_64ns_64ns_64_14_no_dsp_1_U7/md_kernel_ddiv_64ns_64ns_64_14_no_dsp_1_ip_u/inst/i_synth/DIV_OP.SPD.OP/MANT_DIV/RT[38].ADDSUB/ADDSUB/CHAIN_GEN[24].C_MUX.CARRY_MUX_CARRY4_CARRY8/CO[7]
                         net (fo=1, routed)           0.026     4.951    bd_0_i/hls_inst/inst/ddiv_64ns_64ns_64_14_no_dsp_1_U7/md_kernel_ddiv_64ns_64ns_64_14_no_dsp_1_ip_u/inst/i_synth/DIV_OP.SPD.OP/MANT_DIV/RT[38].ADDSUB/ADDSUB/CHAIN_GEN[31].C_MUX.CARRY_MUX_n_0
    SLICE_X40Y85         CARRY8 (Prop_CARRY8_SLICEL_CI_CO[7])
                                                      0.015     4.966 r  bd_0_i/hls_inst/inst/ddiv_64ns_64ns_64_14_no_dsp_1_U7/md_kernel_ddiv_64ns_64ns_64_14_no_dsp_1_ip_u/inst/i_synth/DIV_OP.SPD.OP/MANT_DIV/RT[38].ADDSUB/ADDSUB/CHAIN_GEN[32].C_MUX.CARRY_MUX_CARRY4_CARRY8/CO[7]
                         net (fo=1, routed)           0.026     4.992    bd_0_i/hls_inst/inst/ddiv_64ns_64ns_64_14_no_dsp_1_U7/md_kernel_ddiv_64ns_64ns_64_14_no_dsp_1_ip_u/inst/i_synth/DIV_OP.SPD.OP/MANT_DIV/RT[38].ADDSUB/ADDSUB/CHAIN_GEN[39].C_MUX.CARRY_MUX_n_0
    SLICE_X40Y86         CARRY8 (Prop_CARRY8_SLICEL_CI_CO[7])
                                                      0.015     5.007 r  bd_0_i/hls_inst/inst/ddiv_64ns_64ns_64_14_no_dsp_1_U7/md_kernel_ddiv_64ns_64ns_64_14_no_dsp_1_ip_u/inst/i_synth/DIV_OP.SPD.OP/MANT_DIV/RT[38].ADDSUB/ADDSUB/CHAIN_GEN[40].C_MUX.CARRY_MUX_CARRY4_CARRY8/CO[7]
                         net (fo=1, routed)           0.026     5.033    bd_0_i/hls_inst/inst/ddiv_64ns_64ns_64_14_no_dsp_1_U7/md_kernel_ddiv_64ns_64ns_64_14_no_dsp_1_ip_u/inst/i_synth/DIV_OP.SPD.OP/MANT_DIV/RT[38].ADDSUB/ADDSUB/CHAIN_GEN[47].C_MUX.CARRY_MUX_n_0
    SLICE_X40Y87         CARRY8 (Prop_CARRY8_SLICEL_CI_O[5])
                                                      0.116     5.149 r  bd_0_i/hls_inst/inst/ddiv_64ns_64ns_64_14_no_dsp_1_U7/md_kernel_ddiv_64ns_64ns_64_14_no_dsp_1_ip_u/inst/i_synth/DIV_OP.SPD.OP/MANT_DIV/RT[38].ADDSUB/ADDSUB/CHAIN_GEN[48].C_MUX.CARRY_MUX_CARRY4_CARRY8/O[5]
                         net (fo=56, routed)          0.622     5.771    bd_0_i/hls_inst/inst/ddiv_64ns_64ns_64_14_no_dsp_1_U7/md_kernel_ddiv_64ns_64ns_64_14_no_dsp_1_ip_u/inst/i_synth/DIV_OP.SPD.OP/MANT_DIV/RT[38].ADDSUB/ADDSUB/Q[52]
    SLICE_X39Y82         LUT3 (Prop_H6LUT_SLICEM_I0_O)
                                                      0.152     5.923 r  bd_0_i/hls_inst/inst/ddiv_64ns_64ns_64_14_no_dsp_1_U7/md_kernel_ddiv_64ns_64ns_64_14_no_dsp_1_ip_u/inst/i_synth/DIV_OP.SPD.OP/MANT_DIV/RT[38].ADDSUB/ADDSUB/CHAIN_GEN[7].C_MUX.CARRY_MUX_i_1__38/O
                         net (fo=1, routed)           0.015     5.938    bd_0_i/hls_inst/inst/ddiv_64ns_64ns_64_14_no_dsp_1_U7/md_kernel_ddiv_64ns_64ns_64_14_no_dsp_1_ip_u/inst/i_synth/DIV_OP.SPD.OP/MANT_DIV/RT[39].ADDSUB/ADDSUB/a_xor_b_sub[7]
    SLICE_X39Y82         CARRY8 (Prop_CARRY8_SLICEM_S[7]_CO[7])
                                                      0.117     6.055 r  bd_0_i/hls_inst/inst/ddiv_64ns_64ns_64_14_no_dsp_1_U7/md_kernel_ddiv_64ns_64ns_64_14_no_dsp_1_ip_u/inst/i_synth/DIV_OP.SPD.OP/MANT_DIV/RT[39].ADDSUB/ADDSUB/CHAIN_GEN[0].C_MUX.CARRY_MUX_CARRY4_CARRY8/CO[7]
                         net (fo=1, routed)           0.026     6.081    bd_0_i/hls_inst/inst/ddiv_64ns_64ns_64_14_no_dsp_1_U7/md_kernel_ddiv_64ns_64ns_64_14_no_dsp_1_ip_u/inst/i_synth/DIV_OP.SPD.OP/MANT_DIV/RT[39].ADDSUB/ADDSUB/CHAIN_GEN[7].C_MUX.CARRY_MUX_n_0
    SLICE_X39Y83         CARRY8 (Prop_CARRY8_SLICEM_CI_CO[7])
                                                      0.015     6.096 r  bd_0_i/hls_inst/inst/ddiv_64ns_64ns_64_14_no_dsp_1_U7/md_kernel_ddiv_64ns_64ns_64_14_no_dsp_1_ip_u/inst/i_synth/DIV_OP.SPD.OP/MANT_DIV/RT[39].ADDSUB/ADDSUB/CHAIN_GEN[8].C_MUX.CARRY_MUX_CARRY4_CARRY8/CO[7]
                         net (fo=1, routed)           0.026     6.122    bd_0_i/hls_inst/inst/ddiv_64ns_64ns_64_14_no_dsp_1_U7/md_kernel_ddiv_64ns_64ns_64_14_no_dsp_1_ip_u/inst/i_synth/DIV_OP.SPD.OP/MANT_DIV/RT[39].ADDSUB/ADDSUB/CHAIN_GEN[15].C_MUX.CARRY_MUX_n_0
    SLICE_X39Y84         CARRY8 (Prop_CARRY8_SLICEM_CI_CO[7])
                                                      0.015     6.137 r  bd_0_i/hls_inst/inst/ddiv_64ns_64ns_64_14_no_dsp_1_U7/md_kernel_ddiv_64ns_64ns_64_14_no_dsp_1_ip_u/inst/i_synth/DIV_OP.SPD.OP/MANT_DIV/RT[39].ADDSUB/ADDSUB/CHAIN_GEN[16].C_MUX.CARRY_MUX_CARRY4_CARRY8/CO[7]
                         net (fo=1, routed)           0.026     6.163    bd_0_i/hls_inst/inst/ddiv_64ns_64ns_64_14_no_dsp_1_U7/md_kernel_ddiv_64ns_64ns_64_14_no_dsp_1_ip_u/inst/i_synth/DIV_OP.SPD.OP/MANT_DIV/RT[39].ADDSUB/ADDSUB/CHAIN_GEN[23].C_MUX.CARRY_MUX_n_0
    SLICE_X39Y85         CARRY8 (Prop_CARRY8_SLICEM_CI_CO[7])
                                                      0.015     6.178 r  bd_0_i/hls_inst/inst/ddiv_64ns_64ns_64_14_no_dsp_1_U7/md_kernel_ddiv_64ns_64ns_64_14_no_dsp_1_ip_u/inst/i_synth/DIV_OP.SPD.OP/MANT_DIV/RT[39].ADDSUB/ADDSUB/CHAIN_GEN[24].C_MUX.CARRY_MUX_CARRY4_CARRY8/CO[7]
                         net (fo=1, routed)           0.026     6.204    bd_0_i/hls_inst/inst/ddiv_64ns_64ns_64_14_no_dsp_1_U7/md_kernel_ddiv_64ns_64ns_64_14_no_dsp_1_ip_u/inst/i_synth/DIV_OP.SPD.OP/MANT_DIV/RT[39].ADDSUB/ADDSUB/CHAIN_GEN[31].C_MUX.CARRY_MUX_n_0
    SLICE_X39Y86         CARRY8 (Prop_CARRY8_SLICEM_CI_CO[7])
                                                      0.015     6.219 r  bd_0_i/hls_inst/inst/ddiv_64ns_64ns_64_14_no_dsp_1_U7/md_kernel_ddiv_64ns_64ns_64_14_no_dsp_1_ip_u/inst/i_synth/DIV_OP.SPD.OP/MANT_DIV/RT[39].ADDSUB/ADDSUB/CHAIN_GEN[32].C_MUX.CARRY_MUX_CARRY4_CARRY8/CO[7]
                         net (fo=1, routed)           0.026     6.245    bd_0_i/hls_inst/inst/ddiv_64ns_64ns_64_14_no_dsp_1_U7/md_kernel_ddiv_64ns_64ns_64_14_no_dsp_1_ip_u/inst/i_synth/DIV_OP.SPD.OP/MANT_DIV/RT[39].ADDSUB/ADDSUB/CHAIN_GEN[39].C_MUX.CARRY_MUX_n_0
    SLICE_X39Y87         CARRY8 (Prop_CARRY8_SLICEM_CI_O[5])
                                                      0.116     6.361 r  bd_0_i/hls_inst/inst/ddiv_64ns_64ns_64_14_no_dsp_1_U7/md_kernel_ddiv_64ns_64ns_64_14_no_dsp_1_ip_u/inst/i_synth/DIV_OP.SPD.OP/MANT_DIV/RT[39].ADDSUB/ADDSUB/CHAIN_GEN[40].C_MUX.CARRY_MUX_CARRY4_CARRY8/O[5]
                         net (fo=1, routed)           0.025     6.386    bd_0_i/hls_inst/inst/ddiv_64ns_64ns_64_14_no_dsp_1_U7/md_kernel_ddiv_64ns_64ns_64_14_no_dsp_1_ip_u/inst/i_synth/DIV_OP.SPD.OP/MANT_DIV/RT[39].ADDSUB/ADDSUB/Q_DEL/i_pipe/q_int[45]
    SLICE_X39Y87         FDRE                                         r  bd_0_i/hls_inst/inst/ddiv_64ns_64ns_64_14_no_dsp_1_U7/md_kernel_ddiv_64ns_64ns_64_14_no_dsp_1_ip_u/inst/i_synth/DIV_OP.SPD.OP/MANT_DIV/RT[39].ADDSUB/ADDSUB/Q_DEL/i_pipe/opt_has_pipe.first_q_reg[45]/D
  -------------------------------------------------------------------    -------------------

                         (clock ap_clk rise edge)     8.000     8.000 r  
                                                      0.000     8.000 r  ap_clk (IN)
                         net (fo=4330, unset)         0.021     8.021    bd_0_i/hls_inst/inst/ddiv_64ns_64ns_64_14_no_dsp_1_U7/md_kernel_ddiv_64ns_64ns_64_14_no_dsp_1_ip_u/inst/i_synth/DIV_OP.SPD.OP/MANT_DIV/RT[39].ADDSUB/ADDSUB/Q_DEL/i_pipe/aclk
    SLICE_X39Y87         FDRE                                         r  bd_0_i/hls_inst/inst/ddiv_64ns_64ns_64_14_no_dsp_1_U7/md_kernel_ddiv_64ns_64ns_64_14_no_dsp_1_ip_u/inst/i_synth/DIV_OP.SPD.OP/MANT_DIV/RT[39].ADDSUB/ADDSUB/Q_DEL/i_pipe/opt_has_pipe.first_q_reg[45]/C
                         clock pessimism              0.000     8.021    
                         clock uncertainty           -0.035     7.986    
    SLICE_X39Y87         FDRE (Setup_FFF_SLICEM_C_D)
                                                      0.025     8.011    bd_0_i/hls_inst/inst/ddiv_64ns_64ns_64_14_no_dsp_1_U7/md_kernel_ddiv_64ns_64ns_64_14_no_dsp_1_ip_u/inst/i_synth/DIV_OP.SPD.OP/MANT_DIV/RT[39].ADDSUB/ADDSUB/Q_DEL/i_pipe/opt_has_pipe.first_q_reg[45]
  -------------------------------------------------------------------
                         required time                          8.011    
                         arrival time                          -6.386    
  -------------------------------------------------------------------
                         slack                                  1.625    

Slack (MET) :             1.632ns  (required time - arrival time)
  Source:                 bd_0_i/hls_inst/inst/ddiv_64ns_64ns_64_14_no_dsp_1_U7/md_kernel_ddiv_64ns_64ns_64_14_no_dsp_1_ip_u/inst/i_synth/DIV_OP.SPD.OP/MANT_DIV/RT[34].ADDSUB/ADDSUB/Q_DEL/i_pipe/opt_has_pipe.first_q_reg[53]/C
                            (rising edge-triggered cell FDRE clocked by ap_clk  {rise@0.000ns fall@4.000ns period=8.000ns})
  Destination:            bd_0_i/hls_inst/inst/ddiv_64ns_64ns_64_14_no_dsp_1_U7/md_kernel_ddiv_64ns_64ns_64_14_no_dsp_1_ip_u/inst/i_synth/DIV_OP.SPD.OP/MANT_DIV/RT[39].ADDSUB/ADDSUB/Q_DEL/i_pipe/opt_has_pipe.first_q_reg[50]/D
                            (rising edge-triggered cell FDRE clocked by ap_clk  {rise@0.000ns fall@4.000ns period=8.000ns})
  Path Group:             ap_clk
  Path Type:              Setup (Max at Slow Process Corner)
  Requirement:            8.000ns  (ap_clk rise@8.000ns - ap_clk rise@0.000ns)
  Data Path Delay:        6.349ns  (logic 2.486ns (39.156%)  route 3.863ns (60.844%))
  Logic Levels:           40  (CARRY8=35 LUT2=2 LUT3=3)
  Clock Path Skew:        -0.009ns (DCD - SCD + CPR)
    Destination Clock Delay (DCD):    0.021ns = ( 8.021 - 8.000 ) 
    Source Clock Delay      (SCD):    0.030ns
    Clock Pessimism Removal (CPR):    0.000ns
  Clock Uncertainty:      0.035ns  ((TSJ^2 + TIJ^2)^1/2 + DJ) / 2 + PE
    Total System Jitter     (TSJ):    0.071ns
    Total Input Jitter      (TIJ):    0.000ns
    Discrete Jitter          (DJ):    0.000ns
    Phase Error              (PE):    0.000ns

    Location             Delay type                Incr(ns)  Path(ns)    Netlist Resource(s)
  -------------------------------------------------------------------    -------------------
                         (clock ap_clk rise edge)     0.000     0.000 r  
                                                      0.000     0.000 r  ap_clk (IN)
                         net (fo=4330, unset)         0.030     0.030    bd_0_i/hls_inst/inst/ddiv_64ns_64ns_64_14_no_dsp_1_U7/md_kernel_ddiv_64ns_64ns_64_14_no_dsp_1_ip_u/inst/i_synth/DIV_OP.SPD.OP/MANT_DIV/RT[34].ADDSUB/ADDSUB/Q_DEL/i_pipe/aclk
    SLICE_X41Y90         FDRE                                         r  bd_0_i/hls_inst/inst/ddiv_64ns_64ns_64_14_no_dsp_1_U7/md_kernel_ddiv_64ns_64ns_64_14_no_dsp_1_ip_u/inst/i_synth/DIV_OP.SPD.OP/MANT_DIV/RT[34].ADDSUB/ADDSUB/Q_DEL/i_pipe/opt_has_pipe.first_q_reg[53]/C
  -------------------------------------------------------------------    -------------------
    SLICE_X41Y90         FDRE (Prop_FFF_SLICEM_C_Q)
                                                      0.076     0.106 r  bd_0_i/hls_inst/inst/ddiv_64ns_64ns_64_14_no_dsp_1_U7/md_kernel_ddiv_64ns_64ns_64_14_no_dsp_1_ip_u/inst/i_synth/DIV_OP.SPD.OP/MANT_DIV/RT[34].ADDSUB/ADDSUB/Q_DEL/i_pipe/opt_has_pipe.first_q_reg[53]/Q
                         net (fo=56, routed)          0.842     0.948    bd_0_i/hls_inst/inst/ddiv_64ns_64ns_64_14_no_dsp_1_U7/md_kernel_ddiv_64ns_64ns_64_14_no_dsp_1_ip_u/inst/i_synth/DIV_OP.SPD.OP/MANT_DIV/RT[34].ADDSUB/ADDSUB/Q_DEL/i_pipe/opt_has_pipe.first_q[53]
    SLICE_X38Y82         LUT3 (Prop_B6LUT_SLICEL_I0_O)
                                                      0.124     1.072 r  bd_0_i/hls_inst/inst/ddiv_64ns_64ns_64_14_no_dsp_1_U7/md_kernel_ddiv_64ns_64ns_64_14_no_dsp_1_ip_u/inst/i_synth/DIV_OP.SPD.OP/MANT_DIV/RT[34].ADDSUB/ADDSUB/Q_DEL/i_pipe/CHAIN_GEN[1].C_MUX.CARRY_MUX_i_1__34/O
                         net (fo=1, routed)           0.009     1.081    bd_0_i/hls_inst/inst/ddiv_64ns_64ns_64_14_no_dsp_1_U7/md_kernel_ddiv_64ns_64ns_64_14_no_dsp_1_ip_u/inst/i_synth/DIV_OP.SPD.OP/MANT_DIV/RT[35].ADDSUB/ADDSUB/CHAIN_GEN[53].Q_XOR.SUM_XOR_0[1]
    SLICE_X38Y82         CARRY8 (Prop_CARRY8_SLICEL_S[1]_CO[7])
                                                      0.186     1.267 r  bd_0_i/hls_inst/inst/ddiv_64ns_64ns_64_14_no_dsp_1_U7/md_kernel_ddiv_64ns_64ns_64_14_no_dsp_1_ip_u/inst/i_synth/DIV_OP.SPD.OP/MANT_DIV/RT[35].ADDSUB/ADDSUB/CHAIN_GEN[0].C_MUX.CARRY_MUX_CARRY4_CARRY8/CO[7]
                         net (fo=1, routed)           0.026     1.293    bd_0_i/hls_inst/inst/ddiv_64ns_64ns_64_14_no_dsp_1_U7/md_kernel_ddiv_64ns_64ns_64_14_no_dsp_1_ip_u/inst/i_synth/DIV_OP.SPD.OP/MANT_DIV/RT[35].ADDSUB/ADDSUB/CHAIN_GEN[7].C_MUX.CARRY_MUX_n_0
    SLICE_X38Y83         CARRY8 (Prop_CARRY8_SLICEL_CI_CO[7])
                                                      0.015     1.308 r  bd_0_i/hls_inst/inst/ddiv_64ns_64ns_64_14_no_dsp_1_U7/md_kernel_ddiv_64ns_64ns_64_14_no_dsp_1_ip_u/inst/i_synth/DIV_OP.SPD.OP/MANT_DIV/RT[35].ADDSUB/ADDSUB/CHAIN_GEN[8].C_MUX.CARRY_MUX_CARRY4_CARRY8/CO[7]
                         net (fo=1, routed)           0.026     1.334    bd_0_i/hls_inst/inst/ddiv_64ns_64ns_64_14_no_dsp_1_U7/md_kernel_ddiv_64ns_64ns_64_14_no_dsp_1_ip_u/inst/i_synth/DIV_OP.SPD.OP/MANT_DIV/RT[35].ADDSUB/ADDSUB/CHAIN_GEN[15].C_MUX.CARRY_MUX_n_0
    SLICE_X38Y84         CARRY8 (Prop_CARRY8_SLICEL_CI_CO[7])
                                                      0.015     1.349 r  bd_0_i/hls_inst/inst/ddiv_64ns_64ns_64_14_no_dsp_1_U7/md_kernel_ddiv_64ns_64ns_64_14_no_dsp_1_ip_u/inst/i_synth/DIV_OP.SPD.OP/MANT_DIV/RT[35].ADDSUB/ADDSUB/CHAIN_GEN[16].C_MUX.CARRY_MUX_CARRY4_CARRY8/CO[7]
                         net (fo=1, routed)           0.026     1.375    bd_0_i/hls_inst/inst/ddiv_64ns_64ns_64_14_no_dsp_1_U7/md_kernel_ddiv_64ns_64ns_64_14_no_dsp_1_ip_u/inst/i_synth/DIV_OP.SPD.OP/MANT_DIV/RT[35].ADDSUB/ADDSUB/CHAIN_GEN[23].C_MUX.CARRY_MUX_n_0
    SLICE_X38Y85         CARRY8 (Prop_CARRY8_SLICEL_CI_CO[7])
                                                      0.015     1.390 r  bd_0_i/hls_inst/inst/ddiv_64ns_64ns_64_14_no_dsp_1_U7/md_kernel_ddiv_64ns_64ns_64_14_no_dsp_1_ip_u/inst/i_synth/DIV_OP.SPD.OP/MANT_DIV/RT[35].ADDSUB/ADDSUB/CHAIN_GEN[24].C_MUX.CARRY_MUX_CARRY4_CARRY8/CO[7]
                         net (fo=1, routed)           0.026     1.416    bd_0_i/hls_inst/inst/ddiv_64ns_64ns_64_14_no_dsp_1_U7/md_kernel_ddiv_64ns_64ns_64_14_no_dsp_1_ip_u/inst/i_synth/DIV_OP.SPD.OP/MANT_DIV/RT[35].ADDSUB/ADDSUB/CHAIN_GEN[31].C_MUX.CARRY_MUX_n_0
    SLICE_X38Y86         CARRY8 (Prop_CARRY8_SLICEL_CI_CO[7])
                                                      0.015     1.431 r  bd_0_i/hls_inst/inst/ddiv_64ns_64ns_64_14_no_dsp_1_U7/md_kernel_ddiv_64ns_64ns_64_14_no_dsp_1_ip_u/inst/i_synth/DIV_OP.SPD.OP/MANT_DIV/RT[35].ADDSUB/ADDSUB/CHAIN_GEN[32].C_MUX.CARRY_MUX_CARRY4_CARRY8/CO[7]
                         net (fo=1, routed)           0.026     1.457    bd_0_i/hls_inst/inst/ddiv_64ns_64ns_64_14_no_dsp_1_U7/md_kernel_ddiv_64ns_64ns_64_14_no_dsp_1_ip_u/inst/i_synth/DIV_OP.SPD.OP/MANT_DIV/RT[35].ADDSUB/ADDSUB/CHAIN_GEN[39].C_MUX.CARRY_MUX_n_0
    SLICE_X38Y87         CARRY8 (Prop_CARRY8_SLICEL_CI_CO[7])
                                                      0.015     1.472 r  bd_0_i/hls_inst/inst/ddiv_64ns_64ns_64_14_no_dsp_1_U7/md_kernel_ddiv_64ns_64ns_64_14_no_dsp_1_ip_u/inst/i_synth/DIV_OP.SPD.OP/MANT_DIV/RT[35].ADDSUB/ADDSUB/CHAIN_GEN[40].C_MUX.CARRY_MUX_CARRY4_CARRY8/CO[7]
                         net (fo=1, routed)           0.026     1.498    bd_0_i/hls_inst/inst/ddiv_64ns_64ns_64_14_no_dsp_1_U7/md_kernel_ddiv_64ns_64ns_64_14_no_dsp_1_ip_u/inst/i_synth/DIV_OP.SPD.OP/MANT_DIV/RT[35].ADDSUB/ADDSUB/CHAIN_GEN[47].C_MUX.CARRY_MUX_n_0
    SLICE_X38Y88         CARRY8 (Prop_CARRY8_SLICEL_CI_O[5])
                                                      0.116     1.614 r  bd_0_i/hls_inst/inst/ddiv_64ns_64ns_64_14_no_dsp_1_U7/md_kernel_ddiv_64ns_64ns_64_14_no_dsp_1_ip_u/inst/i_synth/DIV_OP.SPD.OP/MANT_DIV/RT[35].ADDSUB/ADDSUB/CHAIN_GEN[48].C_MUX.CARRY_MUX_CARRY4_CARRY8/O[5]
                         net (fo=56, routed)          0.772     2.387    bd_0_i/hls_inst/inst/ddiv_64ns_64ns_64_14_no_dsp_1_U7/md_kernel_ddiv_64ns_64ns_64_14_no_dsp_1_ip_u/inst/i_synth/DIV_OP.SPD.OP/MANT_DIV/RT[35].ADDSUB/ADDSUB/Q[52]
    SLICE_X42Y82         LUT2 (Prop_A6LUT_SLICEM_I0_O)
                                                      0.150     2.537 r  bd_0_i/hls_inst/inst/ddiv_64ns_64ns_64_14_no_dsp_1_U7/md_kernel_ddiv_64ns_64ns_64_14_no_dsp_1_ip_u/inst/i_synth/DIV_OP.SPD.OP/MANT_DIV/RT[35].ADDSUB/ADDSUB/CHAIN_GEN[0].C_MUX.CARRY_MUX_i_1__35/O
                         net (fo=1, routed)           0.013     2.550    bd_0_i/hls_inst/inst/ddiv_64ns_64ns_64_14_no_dsp_1_U7/md_kernel_ddiv_64ns_64ns_64_14_no_dsp_1_ip_u/inst/i_synth/DIV_OP.SPD.OP/MANT_DIV/RT[36].ADDSUB/ADDSUB/CHAIN_GEN[53].Q_XOR.SUM_XOR_0[0]
    SLICE_X42Y82         CARRY8 (Prop_CARRY8_SLICEM_S[0]_CO[7])
                                                      0.192     2.742 r  bd_0_i/hls_inst/inst/ddiv_64ns_64ns_64_14_no_dsp_1_U7/md_kernel_ddiv_64ns_64ns_64_14_no_dsp_1_ip_u/inst/i_synth/DIV_OP.SPD.OP/MANT_DIV/RT[36].ADDSUB/ADDSUB/CHAIN_GEN[0].C_MUX.CARRY_MUX_CARRY4_CARRY8/CO[7]
                         net (fo=1, routed)           0.026     2.768    bd_0_i/hls_inst/inst/ddiv_64ns_64ns_64_14_no_dsp_1_U7/md_kernel_ddiv_64ns_64ns_64_14_no_dsp_1_ip_u/inst/i_synth/DIV_OP.SPD.OP/MANT_DIV/RT[36].ADDSUB/ADDSUB/CHAIN_GEN[7].C_MUX.CARRY_MUX_n_0
    SLICE_X42Y83         CARRY8 (Prop_CARRY8_SLICEM_CI_CO[7])
                                                      0.015     2.783 r  bd_0_i/hls_inst/inst/ddiv_64ns_64ns_64_14_no_dsp_1_U7/md_kernel_ddiv_64ns_64ns_64_14_no_dsp_1_ip_u/inst/i_synth/DIV_OP.SPD.OP/MANT_DIV/RT[36].ADDSUB/ADDSUB/CHAIN_GEN[8].C_MUX.CARRY_MUX_CARRY4_CARRY8/CO[7]
                         net (fo=1, routed)           0.026     2.809    bd_0_i/hls_inst/inst/ddiv_64ns_64ns_64_14_no_dsp_1_U7/md_kernel_ddiv_64ns_64ns_64_14_no_dsp_1_ip_u/inst/i_synth/DIV_OP.SPD.OP/MANT_DIV/RT[36].ADDSUB/ADDSUB/CHAIN_GEN[15].C_MUX.CARRY_MUX_n_0
    SLICE_X42Y84         CARRY8 (Prop_CARRY8_SLICEM_CI_CO[7])
                                                      0.015     2.824 r  bd_0_i/hls_inst/inst/ddiv_64ns_64ns_64_14_no_dsp_1_U7/md_kernel_ddiv_64ns_64ns_64_14_no_dsp_1_ip_u/inst/i_synth/DIV_OP.SPD.OP/MANT_DIV/RT[36].ADDSUB/ADDSUB/CHAIN_GEN[16].C_MUX.CARRY_MUX_CARRY4_CARRY8/CO[7]
                         net (fo=1, routed)           0.026     2.850    bd_0_i/hls_inst/inst/ddiv_64ns_64ns_64_14_no_dsp_1_U7/md_kernel_ddiv_64ns_64ns_64_14_no_dsp_1_ip_u/inst/i_synth/DIV_OP.SPD.OP/MANT_DIV/RT[36].ADDSUB/ADDSUB/CHAIN_GEN[23].C_MUX.CARRY_MUX_n_0
    SLICE_X42Y85         CARRY8 (Prop_CARRY8_SLICEM_CI_CO[7])
                                                      0.015     2.865 r  bd_0_i/hls_inst/inst/ddiv_64ns_64ns_64_14_no_dsp_1_U7/md_kernel_ddiv_64ns_64ns_64_14_no_dsp_1_ip_u/inst/i_synth/DIV_OP.SPD.OP/MANT_DIV/RT[36].ADDSUB/ADDSUB/CHAIN_GEN[24].C_MUX.CARRY_MUX_CARRY4_CARRY8/CO[7]
                         net (fo=1, routed)           0.026     2.891    bd_0_i/hls_inst/inst/ddiv_64ns_64ns_64_14_no_dsp_1_U7/md_kernel_ddiv_64ns_64ns_64_14_no_dsp_1_ip_u/inst/i_synth/DIV_OP.SPD.OP/MANT_DIV/RT[36].ADDSUB/ADDSUB/CHAIN_GEN[31].C_MUX.CARRY_MUX_n_0
    SLICE_X42Y86         CARRY8 (Prop_CARRY8_SLICEM_CI_CO[7])
                                                      0.015     2.906 r  bd_0_i/hls_inst/inst/ddiv_64ns_64ns_64_14_no_dsp_1_U7/md_kernel_ddiv_64ns_64ns_64_14_no_dsp_1_ip_u/inst/i_synth/DIV_OP.SPD.OP/MANT_DIV/RT[36].ADDSUB/ADDSUB/CHAIN_GEN[32].C_MUX.CARRY_MUX_CARRY4_CARRY8/CO[7]
                         net (fo=1, routed)           0.026     2.932    bd_0_i/hls_inst/inst/ddiv_64ns_64ns_64_14_no_dsp_1_U7/md_kernel_ddiv_64ns_64ns_64_14_no_dsp_1_ip_u/inst/i_synth/DIV_OP.SPD.OP/MANT_DIV/RT[36].ADDSUB/ADDSUB/CHAIN_GEN[39].C_MUX.CARRY_MUX_n_0
    SLICE_X42Y87         CARRY8 (Prop_CARRY8_SLICEM_CI_CO[7])
                                                      0.015     2.947 r  bd_0_i/hls_inst/inst/ddiv_64ns_64ns_64_14_no_dsp_1_U7/md_kernel_ddiv_64ns_64ns_64_14_no_dsp_1_ip_u/inst/i_synth/DIV_OP.SPD.OP/MANT_DIV/RT[36].ADDSUB/ADDSUB/CHAIN_GEN[40].C_MUX.CARRY_MUX_CARRY4_CARRY8/CO[7]
                         net (fo=1, routed)           0.026     2.973    bd_0_i/hls_inst/inst/ddiv_64ns_64ns_64_14_no_dsp_1_U7/md_kernel_ddiv_64ns_64ns_64_14_no_dsp_1_ip_u/inst/i_synth/DIV_OP.SPD.OP/MANT_DIV/RT[36].ADDSUB/ADDSUB/CHAIN_GEN[47].C_MUX.CARRY_MUX_n_0
    SLICE_X42Y88         CARRY8 (Prop_CARRY8_SLICEM_CI_O[5])
                                                      0.116     3.089 r  bd_0_i/hls_inst/inst/ddiv_64ns_64ns_64_14_no_dsp_1_U7/md_kernel_ddiv_64ns_64ns_64_14_no_dsp_1_ip_u/inst/i_synth/DIV_OP.SPD.OP/MANT_DIV/RT[36].ADDSUB/ADDSUB/CHAIN_GEN[48].C_MUX.CARRY_MUX_CARRY4_CARRY8/O[5]
                         net (fo=56, routed)          0.371     3.460    bd_0_i/hls_inst/inst/ddiv_64ns_64ns_64_14_no_dsp_1_U7/md_kernel_ddiv_64ns_64ns_64_14_no_dsp_1_ip_u/inst/i_synth/DIV_OP.SPD.OP/MANT_DIV/RT[36].ADDSUB/ADDSUB/Q[52]
    SLICE_X43Y82         LUT2 (Prop_A6LUT_SLICEL_I0_O)
                                                      0.090     3.550 r  bd_0_i/hls_inst/inst/ddiv_64ns_64ns_64_14_no_dsp_1_U7/md_kernel_ddiv_64ns_64ns_64_14_no_dsp_1_ip_u/inst/i_synth/DIV_OP.SPD.OP/MANT_DIV/RT[36].ADDSUB/ADDSUB/CHAIN_GEN[0].C_MUX.CARRY_MUX_i_1__36/O
                         net (fo=1, routed)           0.009     3.559    bd_0_i/hls_inst/inst/ddiv_64ns_64ns_64_14_no_dsp_1_U7/md_kernel_ddiv_64ns_64ns_64_14_no_dsp_1_ip_u/inst/i_synth/DIV_OP.SPD.OP/MANT_DIV/RT[37].ADDSUB/ADDSUB/CHAIN_GEN[53].Q_XOR.SUM_XOR_0[0]
    SLICE_X43Y82         CARRY8 (Prop_CARRY8_SLICEL_S[0]_CO[7])
                                                      0.190     3.749 r  bd_0_i/hls_inst/inst/ddiv_64ns_64ns_64_14_no_dsp_1_U7/md_kernel_ddiv_64ns_64ns_64_14_no_dsp_1_ip_u/inst/i_synth/DIV_OP.SPD.OP/MANT_DIV/RT[37].ADDSUB/ADDSUB/CHAIN_GEN[0].C_MUX.CARRY_MUX_CARRY4_CARRY8/CO[7]
                         net (fo=1, routed)           0.026     3.775    bd_0_i/hls_inst/inst/ddiv_64ns_64ns_64_14_no_dsp_1_U7/md_kernel_ddiv_64ns_64ns_64_14_no_dsp_1_ip_u/inst/i_synth/DIV_OP.SPD.OP/MANT_DIV/RT[37].ADDSUB/ADDSUB/CHAIN_GEN[7].C_MUX.CARRY_MUX_n_0
    SLICE_X43Y83         CARRY8 (Prop_CARRY8_SLICEL_CI_CO[7])
                                                      0.015     3.790 r  bd_0_i/hls_inst/inst/ddiv_64ns_64ns_64_14_no_dsp_1_U7/md_kernel_ddiv_64ns_64ns_64_14_no_dsp_1_ip_u/inst/i_synth/DIV_OP.SPD.OP/MANT_DIV/RT[37].ADDSUB/ADDSUB/CHAIN_GEN[8].C_MUX.CARRY_MUX_CARRY4_CARRY8/CO[7]
                         net (fo=1, routed)           0.026     3.816    bd_0_i/hls_inst/inst/ddiv_64ns_64ns_64_14_no_dsp_1_U7/md_kernel_ddiv_64ns_64ns_64_14_no_dsp_1_ip_u/inst/i_synth/DIV_OP.SPD.OP/MANT_DIV/RT[37].ADDSUB/ADDSUB/CHAIN_GEN[15].C_MUX.CARRY_MUX_n_0
    SLICE_X43Y84         CARRY8 (Prop_CARRY8_SLICEL_CI_CO[7])
                                                      0.015     3.831 r  bd_0_i/hls_inst/inst/ddiv_64ns_64ns_64_14_no_dsp_1_U7/md_kernel_ddiv_64ns_64ns_64_14_no_dsp_1_ip_u/inst/i_synth/DIV_OP.SPD.OP/MANT_DIV/RT[37].ADDSUB/ADDSUB/CHAIN_GEN[16].C_MUX.CARRY_MUX_CARRY4_CARRY8/CO[7]
                         net (fo=1, routed)           0.026     3.857    bd_0_i/hls_inst/inst/ddiv_64ns_64ns_64_14_no_dsp_1_U7/md_kernel_ddiv_64ns_64ns_64_14_no_dsp_1_ip_u/inst/i_synth/DIV_OP.SPD.OP/MANT_DIV/RT[37].ADDSUB/ADDSUB/CHAIN_GEN[23].C_MUX.CARRY_MUX_n_0
    SLICE_X43Y85         CARRY8 (Prop_CARRY8_SLICEL_CI_CO[7])
                                                      0.015     3.872 r  bd_0_i/hls_inst/inst/ddiv_64ns_64ns_64_14_no_dsp_1_U7/md_kernel_ddiv_64ns_64ns_64_14_no_dsp_1_ip_u/inst/i_synth/DIV_OP.SPD.OP/MANT_DIV/RT[37].ADDSUB/ADDSUB/CHAIN_GEN[24].C_MUX.CARRY_MUX_CARRY4_CARRY8/CO[7]
                         net (fo=1, routed)           0.026     3.898    bd_0_i/hls_inst/inst/ddiv_64ns_64ns_64_14_no_dsp_1_U7/md_kernel_ddiv_64ns_64ns_64_14_no_dsp_1_ip_u/inst/i_synth/DIV_OP.SPD.OP/MANT_DIV/RT[37].ADDSUB/ADDSUB/CHAIN_GEN[31].C_MUX.CARRY_MUX_n_0
    SLICE_X43Y86         CARRY8 (Prop_CARRY8_SLICEL_CI_CO[7])
                                                      0.015     3.913 r  bd_0_i/hls_inst/inst/ddiv_64ns_64ns_64_14_no_dsp_1_U7/md_kernel_ddiv_64ns_64ns_64_14_no_dsp_1_ip_u/inst/i_synth/DIV_OP.SPD.OP/MANT_DIV/RT[37].ADDSUB/ADDSUB/CHAIN_GEN[32].C_MUX.CARRY_MUX_CARRY4_CARRY8/CO[7]
                         net (fo=1, routed)           0.026     3.939    bd_0_i/hls_inst/inst/ddiv_64ns_64ns_64_14_no_dsp_1_U7/md_kernel_ddiv_64ns_64ns_64_14_no_dsp_1_ip_u/inst/i_synth/DIV_OP.SPD.OP/MANT_DIV/RT[37].ADDSUB/ADDSUB/CHAIN_GEN[39].C_MUX.CARRY_MUX_n_0
    SLICE_X43Y87         CARRY8 (Prop_CARRY8_SLICEL_CI_CO[7])
                                                      0.015     3.954 r  bd_0_i/hls_inst/inst/ddiv_64ns_64ns_64_14_no_dsp_1_U7/md_kernel_ddiv_64ns_64ns_64_14_no_dsp_1_ip_u/inst/i_synth/DIV_OP.SPD.OP/MANT_DIV/RT[37].ADDSUB/ADDSUB/CHAIN_GEN[40].C_MUX.CARRY_MUX_CARRY4_CARRY8/CO[7]
                         net (fo=1, routed)           0.026     3.980    bd_0_i/hls_inst/inst/ddiv_64ns_64ns_64_14_no_dsp_1_U7/md_kernel_ddiv_64ns_64ns_64_14_no_dsp_1_ip_u/inst/i_synth/DIV_OP.SPD.OP/MANT_DIV/RT[37].ADDSUB/ADDSUB/CHAIN_GEN[47].C_MUX.CARRY_MUX_n_0
    SLICE_X43Y88         CARRY8 (Prop_CARRY8_SLICEL_CI_O[5])
                                                      0.116     4.096 r  bd_0_i/hls_inst/inst/ddiv_64ns_64ns_64_14_no_dsp_1_U7/md_kernel_ddiv_64ns_64ns_64_14_no_dsp_1_ip_u/inst/i_synth/DIV_OP.SPD.OP/MANT_DIV/RT[37].ADDSUB/ADDSUB/CHAIN_GEN[48].C_MUX.CARRY_MUX_CARRY4_CARRY8/O[5]
                         net (fo=56, routed)          0.392     4.488    bd_0_i/hls_inst/inst/ddiv_64ns_64ns_64_14_no_dsp_1_U7/md_kernel_ddiv_64ns_64ns_64_14_no_dsp_1_ip_u/inst/i_synth/DIV_OP.SPD.OP/MANT_DIV/RT[37].ADDSUB/ADDSUB/Q[52]
    SLICE_X40Y81         LUT3 (Prop_F6LUT_SLICEL_I0_O)
                                                      0.148     4.636 r  bd_0_i/hls_inst/inst/ddiv_64ns_64ns_64_14_no_dsp_1_U7/md_kernel_ddiv_64ns_64ns_64_14_no_dsp_1_ip_u/inst/i_synth/DIV_OP.SPD.OP/MANT_DIV/RT[37].ADDSUB/ADDSUB/CHAIN_GEN[5].C_MUX.CARRY_MUX_i_1__37/O
                         net (fo=1, routed)           0.011     4.647    bd_0_i/hls_inst/inst/ddiv_64ns_64ns_64_14_no_dsp_1_U7/md_kernel_ddiv_64ns_64ns_64_14_no_dsp_1_ip_u/inst/i_synth/DIV_OP.SPD.OP/MANT_DIV/RT[38].ADDSUB/ADDSUB/A[5]
    SLICE_X40Y81         CARRY8 (Prop_CARRY8_SLICEL_S[5]_CO[7])
                                                      0.155     4.802 r  bd_0_i/hls_inst/inst/ddiv_64ns_64ns_64_14_no_dsp_1_U7/md_kernel_ddiv_64ns_64ns_64_14_no_dsp_1_ip_u/inst/i_synth/DIV_OP.SPD.OP/MANT_DIV/RT[38].ADDSUB/ADDSUB/CHAIN_GEN[0].C_MUX.CARRY_MUX_CARRY4_CARRY8/CO[7]
                         net (fo=1, routed)           0.026     4.828    bd_0_i/hls_inst/inst/ddiv_64ns_64ns_64_14_no_dsp_1_U7/md_kernel_ddiv_64ns_64ns_64_14_no_dsp_1_ip_u/inst/i_synth/DIV_OP.SPD.OP/MANT_DIV/RT[38].ADDSUB/ADDSUB/CHAIN_GEN[7].C_MUX.CARRY_MUX_n_0
    SLICE_X40Y82         CARRY8 (Prop_CARRY8_SLICEL_CI_CO[7])
                                                      0.015     4.843 r  bd_0_i/hls_inst/inst/ddiv_64ns_64ns_64_14_no_dsp_1_U7/md_kernel_ddiv_64ns_64ns_64_14_no_dsp_1_ip_u/inst/i_synth/DIV_OP.SPD.OP/MANT_DIV/RT[38].ADDSUB/ADDSUB/CHAIN_GEN[8].C_MUX.CARRY_MUX_CARRY4_CARRY8/CO[7]
                         net (fo=1, routed)           0.026     4.869    bd_0_i/hls_inst/inst/ddiv_64ns_64ns_64_14_no_dsp_1_U7/md_kernel_ddiv_64ns_64ns_64_14_no_dsp_1_ip_u/inst/i_synth/DIV_OP.SPD.OP/MANT_DIV/RT[38].ADDSUB/ADDSUB/CHAIN_GEN[15].C_MUX.CARRY_MUX_n_0
    SLICE_X40Y83         CARRY8 (Prop_CARRY8_SLICEL_CI_CO[7])
                                                      0.015     4.884 r  bd_0_i/hls_inst/inst/ddiv_64ns_64ns_64_14_no_dsp_1_U7/md_kernel_ddiv_64ns_64ns_64_14_no_dsp_1_ip_u/inst/i_synth/DIV_OP.SPD.OP/MANT_DIV/RT[38].ADDSUB/ADDSUB/CHAIN_GEN[16].C_MUX.CARRY_MUX_CARRY4_CARRY8/CO[7]
                         net (fo=1, routed)           0.026     4.910    bd_0_i/hls_inst/inst/ddiv_64ns_64ns_64_14_no_dsp_1_U7/md_kernel_ddiv_64ns_64ns_64_14_no_dsp_1_ip_u/inst/i_synth/DIV_OP.SPD.OP/MANT_DIV/RT[38].ADDSUB/ADDSUB/CHAIN_GEN[23].C_MUX.CARRY_MUX_n_0
    SLICE_X40Y84         CARRY8 (Prop_CARRY8_SLICEL_CI_CO[7])
                                                      0.015     4.925 r  bd_0_i/hls_inst/inst/ddiv_64ns_64ns_64_14_no_dsp_1_U7/md_kernel_ddiv_64ns_64ns_64_14_no_dsp_1_ip_u/inst/i_synth/DIV_OP.SPD.OP/MANT_DIV/RT[38].ADDSUB/ADDSUB/CHAIN_GEN[24].C_MUX.CARRY_MUX_CARRY4_CARRY8/CO[7]
                         net (fo=1, routed)           0.026     4.951    bd_0_i/hls_inst/inst/ddiv_64ns_64ns_64_14_no_dsp_1_U7/md_kernel_ddiv_64ns_64ns_64_14_no_dsp_1_ip_u/inst/i_synth/DIV_OP.SPD.OP/MANT_DIV/RT[38].ADDSUB/ADDSUB/CHAIN_GEN[31].C_MUX.CARRY_MUX_n_0
    SLICE_X40Y85         CARRY8 (Prop_CARRY8_SLICEL_CI_CO[7])
                                                      0.015     4.966 r  bd_0_i/hls_inst/inst/ddiv_64ns_64ns_64_14_no_dsp_1_U7/md_kernel_ddiv_64ns_64ns_64_14_no_dsp_1_ip_u/inst/i_synth/DIV_OP.SPD.OP/MANT_DIV/RT[38].ADDSUB/ADDSUB/CHAIN_GEN[32].C_MUX.CARRY_MUX_CARRY4_CARRY8/CO[7]
                         net (fo=1, routed)           0.026     4.992    bd_0_i/hls_inst/inst/ddiv_64ns_64ns_64_14_no_dsp_1_U7/md_kernel_ddiv_64ns_64ns_64_14_no_dsp_1_ip_u/inst/i_synth/DIV_OP.SPD.OP/MANT_DIV/RT[38].ADDSUB/ADDSUB/CHAIN_GEN[39].C_MUX.CARRY_MUX_n_0
    SLICE_X40Y86         CARRY8 (Prop_CARRY8_SLICEL_CI_CO[7])
                                                      0.015     5.007 r  bd_0_i/hls_inst/inst/ddiv_64ns_64ns_64_14_no_dsp_1_U7/md_kernel_ddiv_64ns_64ns_64_14_no_dsp_1_ip_u/inst/i_synth/DIV_OP.SPD.OP/MANT_DIV/RT[38].ADDSUB/ADDSUB/CHAIN_GEN[40].C_MUX.CARRY_MUX_CARRY4_CARRY8/CO[7]
                         net (fo=1, routed)           0.026     5.033    bd_0_i/hls_inst/inst/ddiv_64ns_64ns_64_14_no_dsp_1_U7/md_kernel_ddiv_64ns_64ns_64_14_no_dsp_1_ip_u/inst/i_synth/DIV_OP.SPD.OP/MANT_DIV/RT[38].ADDSUB/ADDSUB/CHAIN_GEN[47].C_MUX.CARRY_MUX_n_0
    SLICE_X40Y87         CARRY8 (Prop_CARRY8_SLICEL_CI_O[5])
                                                      0.116     5.149 r  bd_0_i/hls_inst/inst/ddiv_64ns_64ns_64_14_no_dsp_1_U7/md_kernel_ddiv_64ns_64ns_64_14_no_dsp_1_ip_u/inst/i_synth/DIV_OP.SPD.OP/MANT_DIV/RT[38].ADDSUB/ADDSUB/CHAIN_GEN[48].C_MUX.CARRY_MUX_CARRY4_CARRY8/O[5]
                         net (fo=56, routed)          0.622     5.771    bd_0_i/hls_inst/inst/ddiv_64ns_64ns_64_14_no_dsp_1_U7/md_kernel_ddiv_64ns_64ns_64_14_no_dsp_1_ip_u/inst/i_synth/DIV_OP.SPD.OP/MANT_DIV/RT[38].ADDSUB/ADDSUB/Q[52]
    SLICE_X39Y82         LUT3 (Prop_H6LUT_SLICEM_I0_O)
                                                      0.152     5.923 r  bd_0_i/hls_inst/inst/ddiv_64ns_64ns_64_14_no_dsp_1_U7/md_kernel_ddiv_64ns_64ns_64_14_no_dsp_1_ip_u/inst/i_synth/DIV_OP.SPD.OP/MANT_DIV/RT[38].ADDSUB/ADDSUB/CHAIN_GEN[7].C_MUX.CARRY_MUX_i_1__38/O
                         net (fo=1, routed)           0.015     5.938    bd_0_i/hls_inst/inst/ddiv_64ns_64ns_64_14_no_dsp_1_U7/md_kernel_ddiv_64ns_64ns_64_14_no_dsp_1_ip_u/inst/i_synth/DIV_OP.SPD.OP/MANT_DIV/RT[39].ADDSUB/ADDSUB/a_xor_b_sub[7]
    SLICE_X39Y82         CARRY8 (Prop_CARRY8_SLICEM_S[7]_CO[7])
                                                      0.117     6.055 r  bd_0_i/hls_inst/inst/ddiv_64ns_64ns_64_14_no_dsp_1_U7/md_kernel_ddiv_64ns_64ns_64_14_no_dsp_1_ip_u/inst/i_synth/DIV_OP.SPD.OP/MANT_DIV/RT[39].ADDSUB/ADDSUB/CHAIN_GEN[0].C_MUX.CARRY_MUX_CARRY4_CARRY8/CO[7]
                         net (fo=1, routed)           0.026     6.081    bd_0_i/hls_inst/inst/ddiv_64ns_64ns_64_14_no_dsp_1_U7/md_kernel_ddiv_64ns_64ns_64_14_no_dsp_1_ip_u/inst/i_synth/DIV_OP.SPD.OP/MANT_DIV/RT[39].ADDSUB/ADDSUB/CHAIN_GEN[7].C_MUX.CARRY_MUX_n_0
    SLICE_X39Y83         CARRY8 (Prop_CARRY8_SLICEM_CI_CO[7])
                                                      0.015     6.096 r  bd_0_i/hls_inst/inst/ddiv_64ns_64ns_64_14_no_dsp_1_U7/md_kernel_ddiv_64ns_64ns_64_14_no_dsp_1_ip_u/inst/i_synth/DIV_OP.SPD.OP/MANT_DIV/RT[39].ADDSUB/ADDSUB/CHAIN_GEN[8].C_MUX.CARRY_MUX_CARRY4_CARRY8/CO[7]
                         net (fo=1, routed)           0.026     6.122    bd_0_i/hls_inst/inst/ddiv_64ns_64ns_64_14_no_dsp_1_U7/md_kernel_ddiv_64ns_64ns_64_14_no_dsp_1_ip_u/inst/i_synth/DIV_OP.SPD.OP/MANT_DIV/RT[39].ADDSUB/ADDSUB/CHAIN_GEN[15].C_MUX.CARRY_MUX_n_0
    SLICE_X39Y84         CARRY8 (Prop_CARRY8_SLICEM_CI_CO[7])
                                                      0.015     6.137 r  bd_0_i/hls_inst/inst/ddiv_64ns_64ns_64_14_no_dsp_1_U7/md_kernel_ddiv_64ns_64ns_64_14_no_dsp_1_ip_u/inst/i_synth/DIV_OP.SPD.OP/MANT_DIV/RT[39].ADDSUB/ADDSUB/CHAIN_GEN[16].C_MUX.CARRY_MUX_CARRY4_CARRY8/CO[7]
                         net (fo=1, routed)           0.026     6.163    bd_0_i/hls_inst/inst/ddiv_64ns_64ns_64_14_no_dsp_1_U7/md_kernel_ddiv_64ns_64ns_64_14_no_dsp_1_ip_u/inst/i_synth/DIV_OP.SPD.OP/MANT_DIV/RT[39].ADDSUB/ADDSUB/CHAIN_GEN[23].C_MUX.CARRY_MUX_n_0
    SLICE_X39Y85         CARRY8 (Prop_CARRY8_SLICEM_CI_CO[7])
                                                      0.015     6.178 r  bd_0_i/hls_inst/inst/ddiv_64ns_64ns_64_14_no_dsp_1_U7/md_kernel_ddiv_64ns_64ns_64_14_no_dsp_1_ip_u/inst/i_synth/DIV_OP.SPD.OP/MANT_DIV/RT[39].ADDSUB/ADDSUB/CHAIN_GEN[24].C_MUX.CARRY_MUX_CARRY4_CARRY8/CO[7]
                         net (fo=1, routed)           0.026     6.204    bd_0_i/hls_inst/inst/ddiv_64ns_64ns_64_14_no_dsp_1_U7/md_kernel_ddiv_64ns_64ns_64_14_no_dsp_1_ip_u/inst/i_synth/DIV_OP.SPD.OP/MANT_DIV/RT[39].ADDSUB/ADDSUB/CHAIN_GEN[31].C_MUX.CARRY_MUX_n_0
    SLICE_X39Y86         CARRY8 (Prop_CARRY8_SLICEM_CI_CO[7])
                                                      0.015     6.219 r  bd_0_i/hls_inst/inst/ddiv_64ns_64ns_64_14_no_dsp_1_U7/md_kernel_ddiv_64ns_64ns_64_14_no_dsp_1_ip_u/inst/i_synth/DIV_OP.SPD.OP/MANT_DIV/RT[39].ADDSUB/ADDSUB/CHAIN_GEN[32].C_MUX.CARRY_MUX_CARRY4_CARRY8/CO[7]
                         net (fo=1, routed)           0.026     6.245    bd_0_i/hls_inst/inst/ddiv_64ns_64ns_64_14_no_dsp_1_U7/md_kernel_ddiv_64ns_64ns_64_14_no_dsp_1_ip_u/inst/i_synth/DIV_OP.SPD.OP/MANT_DIV/RT[39].ADDSUB/ADDSUB/CHAIN_GEN[39].C_MUX.CARRY_MUX_n_0
    SLICE_X39Y87         CARRY8 (Prop_CARRY8_SLICEM_CI_CO[7])
                                                      0.015     6.260 r  bd_0_i/hls_inst/inst/ddiv_64ns_64ns_64_14_no_dsp_1_U7/md_kernel_ddiv_64ns_64ns_64_14_no_dsp_1_ip_u/inst/i_synth/DIV_OP.SPD.OP/MANT_DIV/RT[39].ADDSUB/ADDSUB/CHAIN_GEN[40].C_MUX.CARRY_MUX_CARRY4_CARRY8/CO[7]
                         net (fo=1, routed)           0.026     6.286    bd_0_i/hls_inst/inst/ddiv_64ns_64ns_64_14_no_dsp_1_U7/md_kernel_ddiv_64ns_64ns_64_14_no_dsp_1_ip_u/inst/i_synth/DIV_OP.SPD.OP/MANT_DIV/RT[39].ADDSUB/ADDSUB/CHAIN_GEN[47].C_MUX.CARRY_MUX_n_0
    SLICE_X39Y88         CARRY8 (Prop_CARRY8_SLICEM_CI_O[2])
                                                      0.067     6.353 r  bd_0_i/hls_inst/inst/ddiv_64ns_64ns_64_14_no_dsp_1_U7/md_kernel_ddiv_64ns_64ns_64_14_no_dsp_1_ip_u/inst/i_synth/DIV_OP.SPD.OP/MANT_DIV/RT[39].ADDSUB/ADDSUB/CHAIN_GEN[48].C_MUX.CARRY_MUX_CARRY4_CARRY8/O[2]
                         net (fo=1, routed)           0.026     6.379    bd_0_i/hls_inst/inst/ddiv_64ns_64ns_64_14_no_dsp_1_U7/md_kernel_ddiv_64ns_64ns_64_14_no_dsp_1_ip_u/inst/i_synth/DIV_OP.SPD.OP/MANT_DIV/RT[39].ADDSUB/ADDSUB/Q_DEL/i_pipe/q_int[50]
    SLICE_X39Y88         FDRE                                         r  bd_0_i/hls_inst/inst/ddiv_64ns_64ns_64_14_no_dsp_1_U7/md_kernel_ddiv_64ns_64ns_64_14_no_dsp_1_ip_u/inst/i_synth/DIV_OP.SPD.OP/MANT_DIV/RT[39].ADDSUB/ADDSUB/Q_DEL/i_pipe/opt_has_pipe.first_q_reg[50]/D
  -------------------------------------------------------------------    -------------------

                         (clock ap_clk rise edge)     8.000     8.000 r  
                                                      0.000     8.000 r  ap_clk (IN)
                         net (fo=4330, unset)         0.021     8.021    bd_0_i/hls_inst/inst/ddiv_64ns_64ns_64_14_no_dsp_1_U7/md_kernel_ddiv_64ns_64ns_64_14_no_dsp_1_ip_u/inst/i_synth/DIV_OP.SPD.OP/MANT_DIV/RT[39].ADDSUB/ADDSUB/Q_DEL/i_pipe/aclk
    SLICE_X39Y88         FDRE                                         r  bd_0_i/hls_inst/inst/ddiv_64ns_64ns_64_14_no_dsp_1_U7/md_kernel_ddiv_64ns_64ns_64_14_no_dsp_1_ip_u/inst/i_synth/DIV_OP.SPD.OP/MANT_DIV/RT[39].ADDSUB/ADDSUB/Q_DEL/i_pipe/opt_has_pipe.first_q_reg[50]/C
                         clock pessimism              0.000     8.021    
                         clock uncertainty           -0.035     7.986    
    SLICE_X39Y88         FDRE (Setup_CFF_SLICEM_C_D)
                                                      0.025     8.011    bd_0_i/hls_inst/inst/ddiv_64ns_64ns_64_14_no_dsp_1_U7/md_kernel_ddiv_64ns_64ns_64_14_no_dsp_1_ip_u/inst/i_synth/DIV_OP.SPD.OP/MANT_DIV/RT[39].ADDSUB/ADDSUB/Q_DEL/i_pipe/opt_has_pipe.first_q_reg[50]
  -------------------------------------------------------------------
                         required time                          8.011    
                         arrival time                          -6.379    
  -------------------------------------------------------------------
                         slack                                  1.632    

Slack (MET) :             1.637ns  (required time - arrival time)
  Source:                 bd_0_i/hls_inst/inst/ddiv_64ns_64ns_64_14_no_dsp_1_U7/md_kernel_ddiv_64ns_64ns_64_14_no_dsp_1_ip_u/inst/i_synth/DIV_OP.SPD.OP/MANT_DIV/RT[34].ADDSUB/ADDSUB/Q_DEL/i_pipe/opt_has_pipe.first_q_reg[53]/C
                            (rising edge-triggered cell FDRE clocked by ap_clk  {rise@0.000ns fall@4.000ns period=8.000ns})
  Destination:            bd_0_i/hls_inst/inst/ddiv_64ns_64ns_64_14_no_dsp_1_U7/md_kernel_ddiv_64ns_64ns_64_14_no_dsp_1_ip_u/inst/i_synth/DIV_OP.SPD.OP/MANT_DIV/RT[39].ADDSUB/ADDSUB/Q_DEL/i_pipe/opt_has_pipe.first_q_reg[46]/D
                            (rising edge-triggered cell FDRE clocked by ap_clk  {rise@0.000ns fall@4.000ns period=8.000ns})
  Path Group:             ap_clk
  Path Type:              Setup (Max at Slow Process Corner)
  Requirement:            8.000ns  (ap_clk rise@8.000ns - ap_clk rise@0.000ns)
  Data Path Delay:        6.344ns  (logic 2.507ns (39.518%)  route 3.837ns (60.482%))
  Logic Levels:           39  (CARRY8=34 LUT2=2 LUT3=3)
  Clock Path Skew:        -0.009ns (DCD - SCD + CPR)
    Destination Clock Delay (DCD):    0.021ns = ( 8.021 - 8.000 ) 
    Source Clock Delay      (SCD):    0.030ns
    Clock Pessimism Removal (CPR):    0.000ns
  Clock Uncertainty:      0.035ns  ((TSJ^2 + TIJ^2)^1/2 + DJ) / 2 + PE
    Total System Jitter     (TSJ):    0.071ns
    Total Input Jitter      (TIJ):    0.000ns
    Discrete Jitter          (DJ):    0.000ns
    Phase Error              (PE):    0.000ns

    Location             Delay type                Incr(ns)  Path(ns)    Netlist Resource(s)
  -------------------------------------------------------------------    -------------------
                         (clock ap_clk rise edge)     0.000     0.000 r  
                                                      0.000     0.000 r  ap_clk (IN)
                         net (fo=4330, unset)         0.030     0.030    bd_0_i/hls_inst/inst/ddiv_64ns_64ns_64_14_no_dsp_1_U7/md_kernel_ddiv_64ns_64ns_64_14_no_dsp_1_ip_u/inst/i_synth/DIV_OP.SPD.OP/MANT_DIV/RT[34].ADDSUB/ADDSUB/Q_DEL/i_pipe/aclk
    SLICE_X41Y90         FDRE                                         r  bd_0_i/hls_inst/inst/ddiv_64ns_64ns_64_14_no_dsp_1_U7/md_kernel_ddiv_64ns_64ns_64_14_no_dsp_1_ip_u/inst/i_synth/DIV_OP.SPD.OP/MANT_DIV/RT[34].ADDSUB/ADDSUB/Q_DEL/i_pipe/opt_has_pipe.first_q_reg[53]/C
  -------------------------------------------------------------------    -------------------
    SLICE_X41Y90         FDRE (Prop_FFF_SLICEM_C_Q)
                                                      0.076     0.106 r  bd_0_i/hls_inst/inst/ddiv_64ns_64ns_64_14_no_dsp_1_U7/md_kernel_ddiv_64ns_64ns_64_14_no_dsp_1_ip_u/inst/i_synth/DIV_OP.SPD.OP/MANT_DIV/RT[34].ADDSUB/ADDSUB/Q_DEL/i_pipe/opt_has_pipe.first_q_reg[53]/Q
                         net (fo=56, routed)          0.842     0.948    bd_0_i/hls_inst/inst/ddiv_64ns_64ns_64_14_no_dsp_1_U7/md_kernel_ddiv_64ns_64ns_64_14_no_dsp_1_ip_u/inst/i_synth/DIV_OP.SPD.OP/MANT_DIV/RT[34].ADDSUB/ADDSUB/Q_DEL/i_pipe/opt_has_pipe.first_q[53]
    SLICE_X38Y82         LUT3 (Prop_B6LUT_SLICEL_I0_O)
                                                      0.124     1.072 r  bd_0_i/hls_inst/inst/ddiv_64ns_64ns_64_14_no_dsp_1_U7/md_kernel_ddiv_64ns_64ns_64_14_no_dsp_1_ip_u/inst/i_synth/DIV_OP.SPD.OP/MANT_DIV/RT[34].ADDSUB/ADDSUB/Q_DEL/i_pipe/CHAIN_GEN[1].C_MUX.CARRY_MUX_i_1__34/O
                         net (fo=1, routed)           0.009     1.081    bd_0_i/hls_inst/inst/ddiv_64ns_64ns_64_14_no_dsp_1_U7/md_kernel_ddiv_64ns_64ns_64_14_no_dsp_1_ip_u/inst/i_synth/DIV_OP.SPD.OP/MANT_DIV/RT[35].ADDSUB/ADDSUB/CHAIN_GEN[53].Q_XOR.SUM_XOR_0[1]
    SLICE_X38Y82         CARRY8 (Prop_CARRY8_SLICEL_S[1]_CO[7])
                                                      0.186     1.267 r  bd_0_i/hls_inst/inst/ddiv_64ns_64ns_64_14_no_dsp_1_U7/md_kernel_ddiv_64ns_64ns_64_14_no_dsp_1_ip_u/inst/i_synth/DIV_OP.SPD.OP/MANT_DIV/RT[35].ADDSUB/ADDSUB/CHAIN_GEN[0].C_MUX.CARRY_MUX_CARRY4_CARRY8/CO[7]
                         net (fo=1, routed)           0.026     1.293    bd_0_i/hls_inst/inst/ddiv_64ns_64ns_64_14_no_dsp_1_U7/md_kernel_ddiv_64ns_64ns_64_14_no_dsp_1_ip_u/inst/i_synth/DIV_OP.SPD.OP/MANT_DIV/RT[35].ADDSUB/ADDSUB/CHAIN_GEN[7].C_MUX.CARRY_MUX_n_0
    SLICE_X38Y83         CARRY8 (Prop_CARRY8_SLICEL_CI_CO[7])
                                                      0.015     1.308 r  bd_0_i/hls_inst/inst/ddiv_64ns_64ns_64_14_no_dsp_1_U7/md_kernel_ddiv_64ns_64ns_64_14_no_dsp_1_ip_u/inst/i_synth/DIV_OP.SPD.OP/MANT_DIV/RT[35].ADDSUB/ADDSUB/CHAIN_GEN[8].C_MUX.CARRY_MUX_CARRY4_CARRY8/CO[7]
                         net (fo=1, routed)           0.026     1.334    bd_0_i/hls_inst/inst/ddiv_64ns_64ns_64_14_no_dsp_1_U7/md_kernel_ddiv_64ns_64ns_64_14_no_dsp_1_ip_u/inst/i_synth/DIV_OP.SPD.OP/MANT_DIV/RT[35].ADDSUB/ADDSUB/CHAIN_GEN[15].C_MUX.CARRY_MUX_n_0
    SLICE_X38Y84         CARRY8 (Prop_CARRY8_SLICEL_CI_CO[7])
                                                      0.015     1.349 r  bd_0_i/hls_inst/inst/ddiv_64ns_64ns_64_14_no_dsp_1_U7/md_kernel_ddiv_64ns_64ns_64_14_no_dsp_1_ip_u/inst/i_synth/DIV_OP.SPD.OP/MANT_DIV/RT[35].ADDSUB/ADDSUB/CHAIN_GEN[16].C_MUX.CARRY_MUX_CARRY4_CARRY8/CO[7]
                         net (fo=1, routed)           0.026     1.375    bd_0_i/hls_inst/inst/ddiv_64ns_64ns_64_14_no_dsp_1_U7/md_kernel_ddiv_64ns_64ns_64_14_no_dsp_1_ip_u/inst/i_synth/DIV_OP.SPD.OP/MANT_DIV/RT[35].ADDSUB/ADDSUB/CHAIN_GEN[23].C_MUX.CARRY_MUX_n_0
    SLICE_X38Y85         CARRY8 (Prop_CARRY8_SLICEL_CI_CO[7])
                                                      0.015     1.390 r  bd_0_i/hls_inst/inst/ddiv_64ns_64ns_64_14_no_dsp_1_U7/md_kernel_ddiv_64ns_64ns_64_14_no_dsp_1_ip_u/inst/i_synth/DIV_OP.SPD.OP/MANT_DIV/RT[35].ADDSUB/ADDSUB/CHAIN_GEN[24].C_MUX.CARRY_MUX_CARRY4_CARRY8/CO[7]
                         net (fo=1, routed)           0.026     1.416    bd_0_i/hls_inst/inst/ddiv_64ns_64ns_64_14_no_dsp_1_U7/md_kernel_ddiv_64ns_64ns_64_14_no_dsp_1_ip_u/inst/i_synth/DIV_OP.SPD.OP/MANT_DIV/RT[35].ADDSUB/ADDSUB/CHAIN_GEN[31].C_MUX.CARRY_MUX_n_0
    SLICE_X38Y86         CARRY8 (Prop_CARRY8_SLICEL_CI_CO[7])
                                                      0.015     1.431 r  bd_0_i/hls_inst/inst/ddiv_64ns_64ns_64_14_no_dsp_1_U7/md_kernel_ddiv_64ns_64ns_64_14_no_dsp_1_ip_u/inst/i_synth/DIV_OP.SPD.OP/MANT_DIV/RT[35].ADDSUB/ADDSUB/CHAIN_GEN[32].C_MUX.CARRY_MUX_CARRY4_CARRY8/CO[7]
                         net (fo=1, routed)           0.026     1.457    bd_0_i/hls_inst/inst/ddiv_64ns_64ns_64_14_no_dsp_1_U7/md_kernel_ddiv_64ns_64ns_64_14_no_dsp_1_ip_u/inst/i_synth/DIV_OP.SPD.OP/MANT_DIV/RT[35].ADDSUB/ADDSUB/CHAIN_GEN[39].C_MUX.CARRY_MUX_n_0
    SLICE_X38Y87         CARRY8 (Prop_CARRY8_SLICEL_CI_CO[7])
                                                      0.015     1.472 r  bd_0_i/hls_inst/inst/ddiv_64ns_64ns_64_14_no_dsp_1_U7/md_kernel_ddiv_64ns_64ns_64_14_no_dsp_1_ip_u/inst/i_synth/DIV_OP.SPD.OP/MANT_DIV/RT[35].ADDSUB/ADDSUB/CHAIN_GEN[40].C_MUX.CARRY_MUX_CARRY4_CARRY8/CO[7]
                         net (fo=1, routed)           0.026     1.498    bd_0_i/hls_inst/inst/ddiv_64ns_64ns_64_14_no_dsp_1_U7/md_kernel_ddiv_64ns_64ns_64_14_no_dsp_1_ip_u/inst/i_synth/DIV_OP.SPD.OP/MANT_DIV/RT[35].ADDSUB/ADDSUB/CHAIN_GEN[47].C_MUX.CARRY_MUX_n_0
    SLICE_X38Y88         CARRY8 (Prop_CARRY8_SLICEL_CI_O[5])
                                                      0.116     1.614 r  bd_0_i/hls_inst/inst/ddiv_64ns_64ns_64_14_no_dsp_1_U7/md_kernel_ddiv_64ns_64ns_64_14_no_dsp_1_ip_u/inst/i_synth/DIV_OP.SPD.OP/MANT_DIV/RT[35].ADDSUB/ADDSUB/CHAIN_GEN[48].C_MUX.CARRY_MUX_CARRY4_CARRY8/O[5]
                         net (fo=56, routed)          0.772     2.387    bd_0_i/hls_inst/inst/ddiv_64ns_64ns_64_14_no_dsp_1_U7/md_kernel_ddiv_64ns_64ns_64_14_no_dsp_1_ip_u/inst/i_synth/DIV_OP.SPD.OP/MANT_DIV/RT[35].ADDSUB/ADDSUB/Q[52]
    SLICE_X42Y82         LUT2 (Prop_A6LUT_SLICEM_I0_O)
                                                      0.150     2.537 r  bd_0_i/hls_inst/inst/ddiv_64ns_64ns_64_14_no_dsp_1_U7/md_kernel_ddiv_64ns_64ns_64_14_no_dsp_1_ip_u/inst/i_synth/DIV_OP.SPD.OP/MANT_DIV/RT[35].ADDSUB/ADDSUB/CHAIN_GEN[0].C_MUX.CARRY_MUX_i_1__35/O
                         net (fo=1, routed)           0.013     2.550    bd_0_i/hls_inst/inst/ddiv_64ns_64ns_64_14_no_dsp_1_U7/md_kernel_ddiv_64ns_64ns_64_14_no_dsp_1_ip_u/inst/i_synth/DIV_OP.SPD.OP/MANT_DIV/RT[36].ADDSUB/ADDSUB/CHAIN_GEN[53].Q_XOR.SUM_XOR_0[0]
    SLICE_X42Y82         CARRY8 (Prop_CARRY8_SLICEM_S[0]_CO[7])
                                                      0.192     2.742 r  bd_0_i/hls_inst/inst/ddiv_64ns_64ns_64_14_no_dsp_1_U7/md_kernel_ddiv_64ns_64ns_64_14_no_dsp_1_ip_u/inst/i_synth/DIV_OP.SPD.OP/MANT_DIV/RT[36].ADDSUB/ADDSUB/CHAIN_GEN[0].C_MUX.CARRY_MUX_CARRY4_CARRY8/CO[7]
                         net (fo=1, routed)           0.026     2.768    bd_0_i/hls_inst/inst/ddiv_64ns_64ns_64_14_no_dsp_1_U7/md_kernel_ddiv_64ns_64ns_64_14_no_dsp_1_ip_u/inst/i_synth/DIV_OP.SPD.OP/MANT_DIV/RT[36].ADDSUB/ADDSUB/CHAIN_GEN[7].C_MUX.CARRY_MUX_n_0
    SLICE_X42Y83         CARRY8 (Prop_CARRY8_SLICEM_CI_CO[7])
                                                      0.015     2.783 r  bd_0_i/hls_inst/inst/ddiv_64ns_64ns_64_14_no_dsp_1_U7/md_kernel_ddiv_64ns_64ns_64_14_no_dsp_1_ip_u/inst/i_synth/DIV_OP.SPD.OP/MANT_DIV/RT[36].ADDSUB/ADDSUB/CHAIN_GEN[8].C_MUX.CARRY_MUX_CARRY4_CARRY8/CO[7]
                         net (fo=1, routed)           0.026     2.809    bd_0_i/hls_inst/inst/ddiv_64ns_64ns_64_14_no_dsp_1_U7/md_kernel_ddiv_64ns_64ns_64_14_no_dsp_1_ip_u/inst/i_synth/DIV_OP.SPD.OP/MANT_DIV/RT[36].ADDSUB/ADDSUB/CHAIN_GEN[15].C_MUX.CARRY_MUX_n_0
    SLICE_X42Y84         CARRY8 (Prop_CARRY8_SLICEM_CI_CO[7])
                                                      0.015     2.824 r  bd_0_i/hls_inst/inst/ddiv_64ns_64ns_64_14_no_dsp_1_U7/md_kernel_ddiv_64ns_64ns_64_14_no_dsp_1_ip_u/inst/i_synth/DIV_OP.SPD.OP/MANT_DIV/RT[36].ADDSUB/ADDSUB/CHAIN_GEN[16].C_MUX.CARRY_MUX_CARRY4_CARRY8/CO[7]
                         net (fo=1, routed)           0.026     2.850    bd_0_i/hls_inst/inst/ddiv_64ns_64ns_64_14_no_dsp_1_U7/md_kernel_ddiv_64ns_64ns_64_14_no_dsp_1_ip_u/inst/i_synth/DIV_OP.SPD.OP/MANT_DIV/RT[36].ADDSUB/ADDSUB/CHAIN_GEN[23].C_MUX.CARRY_MUX_n_0
    SLICE_X42Y85         CARRY8 (Prop_CARRY8_SLICEM_CI_CO[7])
                                                      0.015     2.865 r  bd_0_i/hls_inst/inst/ddiv_64ns_64ns_64_14_no_dsp_1_U7/md_kernel_ddiv_64ns_64ns_64_14_no_dsp_1_ip_u/inst/i_synth/DIV_OP.SPD.OP/MANT_DIV/RT[36].ADDSUB/ADDSUB/CHAIN_GEN[24].C_MUX.CARRY_MUX_CARRY4_CARRY8/CO[7]
                         net (fo=1, routed)           0.026     2.891    bd_0_i/hls_inst/inst/ddiv_64ns_64ns_64_14_no_dsp_1_U7/md_kernel_ddiv_64ns_64ns_64_14_no_dsp_1_ip_u/inst/i_synth/DIV_OP.SPD.OP/MANT_DIV/RT[36].ADDSUB/ADDSUB/CHAIN_GEN[31].C_MUX.CARRY_MUX_n_0
    SLICE_X42Y86         CARRY8 (Prop_CARRY8_SLICEM_CI_CO[7])
                                                      0.015     2.906 r  bd_0_i/hls_inst/inst/ddiv_64ns_64ns_64_14_no_dsp_1_U7/md_kernel_ddiv_64ns_64ns_64_14_no_dsp_1_ip_u/inst/i_synth/DIV_OP.SPD.OP/MANT_DIV/RT[36].ADDSUB/ADDSUB/CHAIN_GEN[32].C_MUX.CARRY_MUX_CARRY4_CARRY8/CO[7]
                         net (fo=1, routed)           0.026     2.932    bd_0_i/hls_inst/inst/ddiv_64ns_64ns_64_14_no_dsp_1_U7/md_kernel_ddiv_64ns_64ns_64_14_no_dsp_1_ip_u/inst/i_synth/DIV_OP.SPD.OP/MANT_DIV/RT[36].ADDSUB/ADDSUB/CHAIN_GEN[39].C_MUX.CARRY_MUX_n_0
    SLICE_X42Y87         CARRY8 (Prop_CARRY8_SLICEM_CI_CO[7])
                                                      0.015     2.947 r  bd_0_i/hls_inst/inst/ddiv_64ns_64ns_64_14_no_dsp_1_U7/md_kernel_ddiv_64ns_64ns_64_14_no_dsp_1_ip_u/inst/i_synth/DIV_OP.SPD.OP/MANT_DIV/RT[36].ADDSUB/ADDSUB/CHAIN_GEN[40].C_MUX.CARRY_MUX_CARRY4_CARRY8/CO[7]
                         net (fo=1, routed)           0.026     2.973    bd_0_i/hls_inst/inst/ddiv_64ns_64ns_64_14_no_dsp_1_U7/md_kernel_ddiv_64ns_64ns_64_14_no_dsp_1_ip_u/inst/i_synth/DIV_OP.SPD.OP/MANT_DIV/RT[36].ADDSUB/ADDSUB/CHAIN_GEN[47].C_MUX.CARRY_MUX_n_0
    SLICE_X42Y88         CARRY8 (Prop_CARRY8_SLICEM_CI_O[5])
                                                      0.116     3.089 r  bd_0_i/hls_inst/inst/ddiv_64ns_64ns_64_14_no_dsp_1_U7/md_kernel_ddiv_64ns_64ns_64_14_no_dsp_1_ip_u/inst/i_synth/DIV_OP.SPD.OP/MANT_DIV/RT[36].ADDSUB/ADDSUB/CHAIN_GEN[48].C_MUX.CARRY_MUX_CARRY4_CARRY8/O[5]
                         net (fo=56, routed)          0.371     3.460    bd_0_i/hls_inst/inst/ddiv_64ns_64ns_64_14_no_dsp_1_U7/md_kernel_ddiv_64ns_64ns_64_14_no_dsp_1_ip_u/inst/i_synth/DIV_OP.SPD.OP/MANT_DIV/RT[36].ADDSUB/ADDSUB/Q[52]
    SLICE_X43Y82         LUT2 (Prop_A6LUT_SLICEL_I0_O)
                                                      0.090     3.550 r  bd_0_i/hls_inst/inst/ddiv_64ns_64ns_64_14_no_dsp_1_U7/md_kernel_ddiv_64ns_64ns_64_14_no_dsp_1_ip_u/inst/i_synth/DIV_OP.SPD.OP/MANT_DIV/RT[36].ADDSUB/ADDSUB/CHAIN_GEN[0].C_MUX.CARRY_MUX_i_1__36/O
                         net (fo=1, routed)           0.009     3.559    bd_0_i/hls_inst/inst/ddiv_64ns_64ns_64_14_no_dsp_1_U7/md_kernel_ddiv_64ns_64ns_64_14_no_dsp_1_ip_u/inst/i_synth/DIV_OP.SPD.OP/MANT_DIV/RT[37].ADDSUB/ADDSUB/CHAIN_GEN[53].Q_XOR.SUM_XOR_0[0]
    SLICE_X43Y82         CARRY8 (Prop_CARRY8_SLICEL_S[0]_CO[7])
                                                      0.190     3.749 r  bd_0_i/hls_inst/inst/ddiv_64ns_64ns_64_14_no_dsp_1_U7/md_kernel_ddiv_64ns_64ns_64_14_no_dsp_1_ip_u/inst/i_synth/DIV_OP.SPD.OP/MANT_DIV/RT[37].ADDSUB/ADDSUB/CHAIN_GEN[0].C_MUX.CARRY_MUX_CARRY4_CARRY8/CO[7]
                         net (fo=1, routed)           0.026     3.775    bd_0_i/hls_inst/inst/ddiv_64ns_64ns_64_14_no_dsp_1_U7/md_kernel_ddiv_64ns_64ns_64_14_no_dsp_1_ip_u/inst/i_synth/DIV_OP.SPD.OP/MANT_DIV/RT[37].ADDSUB/ADDSUB/CHAIN_GEN[7].C_MUX.CARRY_MUX_n_0
    SLICE_X43Y83         CARRY8 (Prop_CARRY8_SLICEL_CI_CO[7])
                                                      0.015     3.790 r  bd_0_i/hls_inst/inst/ddiv_64ns_64ns_64_14_no_dsp_1_U7/md_kernel_ddiv_64ns_64ns_64_14_no_dsp_1_ip_u/inst/i_synth/DIV_OP.SPD.OP/MANT_DIV/RT[37].ADDSUB/ADDSUB/CHAIN_GEN[8].C_MUX.CARRY_MUX_CARRY4_CARRY8/CO[7]
                         net (fo=1, routed)           0.026     3.816    bd_0_i/hls_inst/inst/ddiv_64ns_64ns_64_14_no_dsp_1_U7/md_kernel_ddiv_64ns_64ns_64_14_no_dsp_1_ip_u/inst/i_synth/DIV_OP.SPD.OP/MANT_DIV/RT[37].ADDSUB/ADDSUB/CHAIN_GEN[15].C_MUX.CARRY_MUX_n_0
    SLICE_X43Y84         CARRY8 (Prop_CARRY8_SLICEL_CI_CO[7])
                                                      0.015     3.831 r  bd_0_i/hls_inst/inst/ddiv_64ns_64ns_64_14_no_dsp_1_U7/md_kernel_ddiv_64ns_64ns_64_14_no_dsp_1_ip_u/inst/i_synth/DIV_OP.SPD.OP/MANT_DIV/RT[37].ADDSUB/ADDSUB/CHAIN_GEN[16].C_MUX.CARRY_MUX_CARRY4_CARRY8/CO[7]
                         net (fo=1, routed)           0.026     3.857    bd_0_i/hls_inst/inst/ddiv_64ns_64ns_64_14_no_dsp_1_U7/md_kernel_ddiv_64ns_64ns_64_14_no_dsp_1_ip_u/inst/i_synth/DIV_OP.SPD.OP/MANT_DIV/RT[37].ADDSUB/ADDSUB/CHAIN_GEN[23].C_MUX.CARRY_MUX_n_0
    SLICE_X43Y85         CARRY8 (Prop_CARRY8_SLICEL_CI_CO[7])
                                                      0.015     3.872 r  bd_0_i/hls_inst/inst/ddiv_64ns_64ns_64_14_no_dsp_1_U7/md_kernel_ddiv_64ns_64ns_64_14_no_dsp_1_ip_u/inst/i_synth/DIV_OP.SPD.OP/MANT_DIV/RT[37].ADDSUB/ADDSUB/CHAIN_GEN[24].C_MUX.CARRY_MUX_CARRY4_CARRY8/CO[7]
                         net (fo=1, routed)           0.026     3.898    bd_0_i/hls_inst/inst/ddiv_64ns_64ns_64_14_no_dsp_1_U7/md_kernel_ddiv_64ns_64ns_64_14_no_dsp_1_ip_u/inst/i_synth/DIV_OP.SPD.OP/MANT_DIV/RT[37].ADDSUB/ADDSUB/CHAIN_GEN[31].C_MUX.CARRY_MUX_n_0
    SLICE_X43Y86         CARRY8 (Prop_CARRY8_SLICEL_CI_CO[7])
                                                      0.015     3.913 r  bd_0_i/hls_inst/inst/ddiv_64ns_64ns_64_14_no_dsp_1_U7/md_kernel_ddiv_64ns_64ns_64_14_no_dsp_1_ip_u/inst/i_synth/DIV_OP.SPD.OP/MANT_DIV/RT[37].ADDSUB/ADDSUB/CHAIN_GEN[32].C_MUX.CARRY_MUX_CARRY4_CARRY8/CO[7]
                         net (fo=1, routed)           0.026     3.939    bd_0_i/hls_inst/inst/ddiv_64ns_64ns_64_14_no_dsp_1_U7/md_kernel_ddiv_64ns_64ns_64_14_no_dsp_1_ip_u/inst/i_synth/DIV_OP.SPD.OP/MANT_DIV/RT[37].ADDSUB/ADDSUB/CHAIN_GEN[39].C_MUX.CARRY_MUX_n_0
    SLICE_X43Y87         CARRY8 (Prop_CARRY8_SLICEL_CI_CO[7])
                                                      0.015     3.954 r  bd_0_i/hls_inst/inst/ddiv_64ns_64ns_64_14_no_dsp_1_U7/md_kernel_ddiv_64ns_64ns_64_14_no_dsp_1_ip_u/inst/i_synth/DIV_OP.SPD.OP/MANT_DIV/RT[37].ADDSUB/ADDSUB/CHAIN_GEN[40].C_MUX.CARRY_MUX_CARRY4_CARRY8/CO[7]
                         net (fo=1, routed)           0.026     3.980    bd_0_i/hls_inst/inst/ddiv_64ns_64ns_64_14_no_dsp_1_U7/md_kernel_ddiv_64ns_64ns_64_14_no_dsp_1_ip_u/inst/i_synth/DIV_OP.SPD.OP/MANT_DIV/RT[37].ADDSUB/ADDSUB/CHAIN_GEN[47].C_MUX.CARRY_MUX_n_0
    SLICE_X43Y88         CARRY8 (Prop_CARRY8_SLICEL_CI_O[5])
                                                      0.116     4.096 r  bd_0_i/hls_inst/inst/ddiv_64ns_64ns_64_14_no_dsp_1_U7/md_kernel_ddiv_64ns_64ns_64_14_no_dsp_1_ip_u/inst/i_synth/DIV_OP.SPD.OP/MANT_DIV/RT[37].ADDSUB/ADDSUB/CHAIN_GEN[48].C_MUX.CARRY_MUX_CARRY4_CARRY8/O[5]
                         net (fo=56, routed)          0.392     4.488    bd_0_i/hls_inst/inst/ddiv_64ns_64ns_64_14_no_dsp_1_U7/md_kernel_ddiv_64ns_64ns_64_14_no_dsp_1_ip_u/inst/i_synth/DIV_OP.SPD.OP/MANT_DIV/RT[37].ADDSUB/ADDSUB/Q[52]
    SLICE_X40Y81         LUT3 (Prop_F6LUT_SLICEL_I0_O)
                                                      0.148     4.636 r  bd_0_i/hls_inst/inst/ddiv_64ns_64ns_64_14_no_dsp_1_U7/md_kernel_ddiv_64ns_64ns_64_14_no_dsp_1_ip_u/inst/i_synth/DIV_OP.SPD.OP/MANT_DIV/RT[37].ADDSUB/ADDSUB/CHAIN_GEN[5].C_MUX.CARRY_MUX_i_1__37/O
                         net (fo=1, routed)           0.011     4.647    bd_0_i/hls_inst/inst/ddiv_64ns_64ns_64_14_no_dsp_1_U7/md_kernel_ddiv_64ns_64ns_64_14_no_dsp_1_ip_u/inst/i_synth/DIV_OP.SPD.OP/MANT_DIV/RT[38].ADDSUB/ADDSUB/A[5]
    SLICE_X40Y81         CARRY8 (Prop_CARRY8_SLICEL_S[5]_CO[7])
                                                      0.155     4.802 r  bd_0_i/hls_inst/inst/ddiv_64ns_64ns_64_14_no_dsp_1_U7/md_kernel_ddiv_64ns_64ns_64_14_no_dsp_1_ip_u/inst/i_synth/DIV_OP.SPD.OP/MANT_DIV/RT[38].ADDSUB/ADDSUB/CHAIN_GEN[0].C_MUX.CARRY_MUX_CARRY4_CARRY8/CO[7]
                         net (fo=1, routed)           0.026     4.828    bd_0_i/hls_inst/inst/ddiv_64ns_64ns_64_14_no_dsp_1_U7/md_kernel_ddiv_64ns_64ns_64_14_no_dsp_1_ip_u/inst/i_synth/DIV_OP.SPD.OP/MANT_DIV/RT[38].ADDSUB/ADDSUB/CHAIN_GEN[7].C_MUX.CARRY_MUX_n_0
    SLICE_X40Y82         CARRY8 (Prop_CARRY8_SLICEL_CI_CO[7])
                                                      0.015     4.843 r  bd_0_i/hls_inst/inst/ddiv_64ns_64ns_64_14_no_dsp_1_U7/md_kernel_ddiv_64ns_64ns_64_14_no_dsp_1_ip_u/inst/i_synth/DIV_OP.SPD.OP/MANT_DIV/RT[38].ADDSUB/ADDSUB/CHAIN_GEN[8].C_MUX.CARRY_MUX_CARRY4_CARRY8/CO[7]
                         net (fo=1, routed)           0.026     4.869    bd_0_i/hls_inst/inst/ddiv_64ns_64ns_64_14_no_dsp_1_U7/md_kernel_ddiv_64ns_64ns_64_14_no_dsp_1_ip_u/inst/i_synth/DIV_OP.SPD.OP/MANT_DIV/RT[38].ADDSUB/ADDSUB/CHAIN_GEN[15].C_MUX.CARRY_MUX_n_0
    SLICE_X40Y83         CARRY8 (Prop_CARRY8_SLICEL_CI_CO[7])
                                                      0.015     4.884 r  bd_0_i/hls_inst/inst/ddiv_64ns_64ns_64_14_no_dsp_1_U7/md_kernel_ddiv_64ns_64ns_64_14_no_dsp_1_ip_u/inst/i_synth/DIV_OP.SPD.OP/MANT_DIV/RT[38].ADDSUB/ADDSUB/CHAIN_GEN[16].C_MUX.CARRY_MUX_CARRY4_CARRY8/CO[7]
                         net (fo=1, routed)           0.026     4.910    bd_0_i/hls_inst/inst/ddiv_64ns_64ns_64_14_no_dsp_1_U7/md_kernel_ddiv_64ns_64ns_64_14_no_dsp_1_ip_u/inst/i_synth/DIV_OP.SPD.OP/MANT_DIV/RT[38].ADDSUB/ADDSUB/CHAIN_GEN[23].C_MUX.CARRY_MUX_n_0
    SLICE_X40Y84         CARRY8 (Prop_CARRY8_SLICEL_CI_CO[7])
                                                      0.015     4.925 r  bd_0_i/hls_inst/inst/ddiv_64ns_64ns_64_14_no_dsp_1_U7/md_kernel_ddiv_64ns_64ns_64_14_no_dsp_1_ip_u/inst/i_synth/DIV_OP.SPD.OP/MANT_DIV/RT[38].ADDSUB/ADDSUB/CHAIN_GEN[24].C_MUX.CARRY_MUX_CARRY4_CARRY8/CO[7]
                         net (fo=1, routed)           0.026     4.951    bd_0_i/hls_inst/inst/ddiv_64ns_64ns_64_14_no_dsp_1_U7/md_kernel_ddiv_64ns_64ns_64_14_no_dsp_1_ip_u/inst/i_synth/DIV_OP.SPD.OP/MANT_DIV/RT[38].ADDSUB/ADDSUB/CHAIN_GEN[31].C_MUX.CARRY_MUX_n_0
    SLICE_X40Y85         CARRY8 (Prop_CARRY8_SLICEL_CI_CO[7])
                                                      0.015     4.966 r  bd_0_i/hls_inst/inst/ddiv_64ns_64ns_64_14_no_dsp_1_U7/md_kernel_ddiv_64ns_64ns_64_14_no_dsp_1_ip_u/inst/i_synth/DIV_OP.SPD.OP/MANT_DIV/RT[38].ADDSUB/ADDSUB/CHAIN_GEN[32].C_MUX.CARRY_MUX_CARRY4_CARRY8/CO[7]
                         net (fo=1, routed)           0.026     4.992    bd_0_i/hls_inst/inst/ddiv_64ns_64ns_64_14_no_dsp_1_U7/md_kernel_ddiv_64ns_64ns_64_14_no_dsp_1_ip_u/inst/i_synth/DIV_OP.SPD.OP/MANT_DIV/RT[38].ADDSUB/ADDSUB/CHAIN_GEN[39].C_MUX.CARRY_MUX_n_0
    SLICE_X40Y86         CARRY8 (Prop_CARRY8_SLICEL_CI_CO[7])
                                                      0.015     5.007 r  bd_0_i/hls_inst/inst/ddiv_64ns_64ns_64_14_no_dsp_1_U7/md_kernel_ddiv_64ns_64ns_64_14_no_dsp_1_ip_u/inst/i_synth/DIV_OP.SPD.OP/MANT_DIV/RT[38].ADDSUB/ADDSUB/CHAIN_GEN[40].C_MUX.CARRY_MUX_CARRY4_CARRY8/CO[7]
                         net (fo=1, routed)           0.026     5.033    bd_0_i/hls_inst/inst/ddiv_64ns_64ns_64_14_no_dsp_1_U7/md_kernel_ddiv_64ns_64ns_64_14_no_dsp_1_ip_u/inst/i_synth/DIV_OP.SPD.OP/MANT_DIV/RT[38].ADDSUB/ADDSUB/CHAIN_GEN[47].C_MUX.CARRY_MUX_n_0
    SLICE_X40Y87         CARRY8 (Prop_CARRY8_SLICEL_CI_O[5])
                                                      0.116     5.149 r  bd_0_i/hls_inst/inst/ddiv_64ns_64ns_64_14_no_dsp_1_U7/md_kernel_ddiv_64ns_64ns_64_14_no_dsp_1_ip_u/inst/i_synth/DIV_OP.SPD.OP/MANT_DIV/RT[38].ADDSUB/ADDSUB/CHAIN_GEN[48].C_MUX.CARRY_MUX_CARRY4_CARRY8/O[5]
                         net (fo=56, routed)          0.622     5.771    bd_0_i/hls_inst/inst/ddiv_64ns_64ns_64_14_no_dsp_1_U7/md_kernel_ddiv_64ns_64ns_64_14_no_dsp_1_ip_u/inst/i_synth/DIV_OP.SPD.OP/MANT_DIV/RT[38].ADDSUB/ADDSUB/Q[52]
    SLICE_X39Y82         LUT3 (Prop_H6LUT_SLICEM_I0_O)
                                                      0.152     5.923 r  bd_0_i/hls_inst/inst/ddiv_64ns_64ns_64_14_no_dsp_1_U7/md_kernel_ddiv_64ns_64ns_64_14_no_dsp_1_ip_u/inst/i_synth/DIV_OP.SPD.OP/MANT_DIV/RT[38].ADDSUB/ADDSUB/CHAIN_GEN[7].C_MUX.CARRY_MUX_i_1__38/O
                         net (fo=1, routed)           0.015     5.938    bd_0_i/hls_inst/inst/ddiv_64ns_64ns_64_14_no_dsp_1_U7/md_kernel_ddiv_64ns_64ns_64_14_no_dsp_1_ip_u/inst/i_synth/DIV_OP.SPD.OP/MANT_DIV/RT[39].ADDSUB/ADDSUB/a_xor_b_sub[7]
    SLICE_X39Y82         CARRY8 (Prop_CARRY8_SLICEM_S[7]_CO[7])
                                                      0.117     6.055 r  bd_0_i/hls_inst/inst/ddiv_64ns_64ns_64_14_no_dsp_1_U7/md_kernel_ddiv_64ns_64ns_64_14_no_dsp_1_ip_u/inst/i_synth/DIV_OP.SPD.OP/MANT_DIV/RT[39].ADDSUB/ADDSUB/CHAIN_GEN[0].C_MUX.CARRY_MUX_CARRY4_CARRY8/CO[7]
                         net (fo=1, routed)           0.026     6.081    bd_0_i/hls_inst/inst/ddiv_64ns_64ns_64_14_no_dsp_1_U7/md_kernel_ddiv_64ns_64ns_64_14_no_dsp_1_ip_u/inst/i_synth/DIV_OP.SPD.OP/MANT_DIV/RT[39].ADDSUB/ADDSUB/CHAIN_GEN[7].C_MUX.CARRY_MUX_n_0
    SLICE_X39Y83         CARRY8 (Prop_CARRY8_SLICEM_CI_CO[7])
                                                      0.015     6.096 r  bd_0_i/hls_inst/inst/ddiv_64ns_64ns_64_14_no_dsp_1_U7/md_kernel_ddiv_64ns_64ns_64_14_no_dsp_1_ip_u/inst/i_synth/DIV_OP.SPD.OP/MANT_DIV/RT[39].ADDSUB/ADDSUB/CHAIN_GEN[8].C_MUX.CARRY_MUX_CARRY4_CARRY8/CO[7]
                         net (fo=1, routed)           0.026     6.122    bd_0_i/hls_inst/inst/ddiv_64ns_64ns_64_14_no_dsp_1_U7/md_kernel_ddiv_64ns_64ns_64_14_no_dsp_1_ip_u/inst/i_synth/DIV_OP.SPD.OP/MANT_DIV/RT[39].ADDSUB/ADDSUB/CHAIN_GEN[15].C_MUX.CARRY_MUX_n_0
    SLICE_X39Y84         CARRY8 (Prop_CARRY8_SLICEM_CI_CO[7])
                                                      0.015     6.137 r  bd_0_i/hls_inst/inst/ddiv_64ns_64ns_64_14_no_dsp_1_U7/md_kernel_ddiv_64ns_64ns_64_14_no_dsp_1_ip_u/inst/i_synth/DIV_OP.SPD.OP/MANT_DIV/RT[39].ADDSUB/ADDSUB/CHAIN_GEN[16].C_MUX.CARRY_MUX_CARRY4_CARRY8/CO[7]
                         net (fo=1, routed)           0.026     6.163    bd_0_i/hls_inst/inst/ddiv_64ns_64ns_64_14_no_dsp_1_U7/md_kernel_ddiv_64ns_64ns_64_14_no_dsp_1_ip_u/inst/i_synth/DIV_OP.SPD.OP/MANT_DIV/RT[39].ADDSUB/ADDSUB/CHAIN_GEN[23].C_MUX.CARRY_MUX_n_0
    SLICE_X39Y85         CARRY8 (Prop_CARRY8_SLICEM_CI_CO[7])
                                                      0.015     6.178 r  bd_0_i/hls_inst/inst/ddiv_64ns_64ns_64_14_no_dsp_1_U7/md_kernel_ddiv_64ns_64ns_64_14_no_dsp_1_ip_u/inst/i_synth/DIV_OP.SPD.OP/MANT_DIV/RT[39].ADDSUB/ADDSUB/CHAIN_GEN[24].C_MUX.CARRY_MUX_CARRY4_CARRY8/CO[7]
                         net (fo=1, routed)           0.026     6.204    bd_0_i/hls_inst/inst/ddiv_64ns_64ns_64_14_no_dsp_1_U7/md_kernel_ddiv_64ns_64ns_64_14_no_dsp_1_ip_u/inst/i_synth/DIV_OP.SPD.OP/MANT_DIV/RT[39].ADDSUB/ADDSUB/CHAIN_GEN[31].C_MUX.CARRY_MUX_n_0
    SLICE_X39Y86         CARRY8 (Prop_CARRY8_SLICEM_CI_CO[7])
                                                      0.015     6.219 r  bd_0_i/hls_inst/inst/ddiv_64ns_64ns_64_14_no_dsp_1_U7/md_kernel_ddiv_64ns_64ns_64_14_no_dsp_1_ip_u/inst/i_synth/DIV_OP.SPD.OP/MANT_DIV/RT[39].ADDSUB/ADDSUB/CHAIN_GEN[32].C_MUX.CARRY_MUX_CARRY4_CARRY8/CO[7]
                         net (fo=1, routed)           0.026     6.245    bd_0_i/hls_inst/inst/ddiv_64ns_64ns_64_14_no_dsp_1_U7/md_kernel_ddiv_64ns_64ns_64_14_no_dsp_1_ip_u/inst/i_synth/DIV_OP.SPD.OP/MANT_DIV/RT[39].ADDSUB/ADDSUB/CHAIN_GEN[39].C_MUX.CARRY_MUX_n_0
    SLICE_X39Y87         CARRY8 (Prop_CARRY8_SLICEM_CI_O[6])
                                                      0.103     6.348 r  bd_0_i/hls_inst/inst/ddiv_64ns_64ns_64_14_no_dsp_1_U7/md_kernel_ddiv_64ns_64ns_64_14_no_dsp_1_ip_u/inst/i_synth/DIV_OP.SPD.OP/MANT_DIV/RT[39].ADDSUB/ADDSUB/CHAIN_GEN[40].C_MUX.CARRY_MUX_CARRY4_CARRY8/O[6]
                         net (fo=1, routed)           0.026     6.374    bd_0_i/hls_inst/inst/ddiv_64ns_64ns_64_14_no_dsp_1_U7/md_kernel_ddiv_64ns_64ns_64_14_no_dsp_1_ip_u/inst/i_synth/DIV_OP.SPD.OP/MANT_DIV/RT[39].ADDSUB/ADDSUB/Q_DEL/i_pipe/q_int[46]
    SLICE_X39Y87         FDRE                                         r  bd_0_i/hls_inst/inst/ddiv_64ns_64ns_64_14_no_dsp_1_U7/md_kernel_ddiv_64ns_64ns_64_14_no_dsp_1_ip_u/inst/i_synth/DIV_OP.SPD.OP/MANT_DIV/RT[39].ADDSUB/ADDSUB/Q_DEL/i_pipe/opt_has_pipe.first_q_reg[46]/D
  -------------------------------------------------------------------    -------------------

                         (clock ap_clk rise edge)     8.000     8.000 r  
                                                      0.000     8.000 r  ap_clk (IN)
                         net (fo=4330, unset)         0.021     8.021    bd_0_i/hls_inst/inst/ddiv_64ns_64ns_64_14_no_dsp_1_U7/md_kernel_ddiv_64ns_64ns_64_14_no_dsp_1_ip_u/inst/i_synth/DIV_OP.SPD.OP/MANT_DIV/RT[39].ADDSUB/ADDSUB/Q_DEL/i_pipe/aclk
    SLICE_X39Y87         FDRE                                         r  bd_0_i/hls_inst/inst/ddiv_64ns_64ns_64_14_no_dsp_1_U7/md_kernel_ddiv_64ns_64ns_64_14_no_dsp_1_ip_u/inst/i_synth/DIV_OP.SPD.OP/MANT_DIV/RT[39].ADDSUB/ADDSUB/Q_DEL/i_pipe/opt_has_pipe.first_q_reg[46]/C
                         clock pessimism              0.000     8.021    
                         clock uncertainty           -0.035     7.986    
    SLICE_X39Y87         FDRE (Setup_GFF_SLICEM_C_D)
                                                      0.025     8.011    bd_0_i/hls_inst/inst/ddiv_64ns_64ns_64_14_no_dsp_1_U7/md_kernel_ddiv_64ns_64ns_64_14_no_dsp_1_ip_u/inst/i_synth/DIV_OP.SPD.OP/MANT_DIV/RT[39].ADDSUB/ADDSUB/Q_DEL/i_pipe/opt_has_pipe.first_q_reg[46]
  -------------------------------------------------------------------
                         required time                          8.011    
                         arrival time                          -6.374    
  -------------------------------------------------------------------
                         slack                                  1.637    

Slack (MET) :             1.644ns  (required time - arrival time)
  Source:                 bd_0_i/hls_inst/inst/ddiv_64ns_64ns_64_14_no_dsp_1_U7/md_kernel_ddiv_64ns_64ns_64_14_no_dsp_1_ip_u/inst/i_synth/DIV_OP.SPD.OP/MANT_DIV/RT[34].ADDSUB/ADDSUB/Q_DEL/i_pipe/opt_has_pipe.first_q_reg[53]/C
                            (rising edge-triggered cell FDRE clocked by ap_clk  {rise@0.000ns fall@4.000ns period=8.000ns})
  Destination:            bd_0_i/hls_inst/inst/ddiv_64ns_64ns_64_14_no_dsp_1_U7/md_kernel_ddiv_64ns_64ns_64_14_no_dsp_1_ip_u/inst/i_synth/DIV_OP.SPD.OP/MANT_DIV/RT[39].ADDSUB/ADDSUB/Q_DEL/i_pipe/opt_has_pipe.first_q_reg[48]/D
                            (rising edge-triggered cell FDRE clocked by ap_clk  {rise@0.000ns fall@4.000ns period=8.000ns})
  Path Group:             ap_clk
  Path Type:              Setup (Max at Slow Process Corner)
  Requirement:            8.000ns  (ap_clk rise@8.000ns - ap_clk rise@0.000ns)
  Data Path Delay:        6.337ns  (logic 2.475ns (39.057%)  route 3.862ns (60.943%))
  Logic Levels:           40  (CARRY8=35 LUT2=2 LUT3=3)
  Clock Path Skew:        -0.009ns (DCD - SCD + CPR)
    Destination Clock Delay (DCD):    0.021ns = ( 8.021 - 8.000 ) 
    Source Clock Delay      (SCD):    0.030ns
    Clock Pessimism Removal (CPR):    0.000ns
  Clock Uncertainty:      0.035ns  ((TSJ^2 + TIJ^2)^1/2 + DJ) / 2 + PE
    Total System Jitter     (TSJ):    0.071ns
    Total Input Jitter      (TIJ):    0.000ns
    Discrete Jitter          (DJ):    0.000ns
    Phase Error              (PE):    0.000ns

    Location             Delay type                Incr(ns)  Path(ns)    Netlist Resource(s)
  -------------------------------------------------------------------    -------------------
                         (clock ap_clk rise edge)     0.000     0.000 r  
                                                      0.000     0.000 r  ap_clk (IN)
                         net (fo=4330, unset)         0.030     0.030    bd_0_i/hls_inst/inst/ddiv_64ns_64ns_64_14_no_dsp_1_U7/md_kernel_ddiv_64ns_64ns_64_14_no_dsp_1_ip_u/inst/i_synth/DIV_OP.SPD.OP/MANT_DIV/RT[34].ADDSUB/ADDSUB/Q_DEL/i_pipe/aclk
    SLICE_X41Y90         FDRE                                         r  bd_0_i/hls_inst/inst/ddiv_64ns_64ns_64_14_no_dsp_1_U7/md_kernel_ddiv_64ns_64ns_64_14_no_dsp_1_ip_u/inst/i_synth/DIV_OP.SPD.OP/MANT_DIV/RT[34].ADDSUB/ADDSUB/Q_DEL/i_pipe/opt_has_pipe.first_q_reg[53]/C
  -------------------------------------------------------------------    -------------------
    SLICE_X41Y90         FDRE (Prop_FFF_SLICEM_C_Q)
                                                      0.076     0.106 r  bd_0_i/hls_inst/inst/ddiv_64ns_64ns_64_14_no_dsp_1_U7/md_kernel_ddiv_64ns_64ns_64_14_no_dsp_1_ip_u/inst/i_synth/DIV_OP.SPD.OP/MANT_DIV/RT[34].ADDSUB/ADDSUB/Q_DEL/i_pipe/opt_has_pipe.first_q_reg[53]/Q
                         net (fo=56, routed)          0.842     0.948    bd_0_i/hls_inst/inst/ddiv_64ns_64ns_64_14_no_dsp_1_U7/md_kernel_ddiv_64ns_64ns_64_14_no_dsp_1_ip_u/inst/i_synth/DIV_OP.SPD.OP/MANT_DIV/RT[34].ADDSUB/ADDSUB/Q_DEL/i_pipe/opt_has_pipe.first_q[53]
    SLICE_X38Y82         LUT3 (Prop_B6LUT_SLICEL_I0_O)
                                                      0.124     1.072 r  bd_0_i/hls_inst/inst/ddiv_64ns_64ns_64_14_no_dsp_1_U7/md_kernel_ddiv_64ns_64ns_64_14_no_dsp_1_ip_u/inst/i_synth/DIV_OP.SPD.OP/MANT_DIV/RT[34].ADDSUB/ADDSUB/Q_DEL/i_pipe/CHAIN_GEN[1].C_MUX.CARRY_MUX_i_1__34/O
                         net (fo=1, routed)           0.009     1.081    bd_0_i/hls_inst/inst/ddiv_64ns_64ns_64_14_no_dsp_1_U7/md_kernel_ddiv_64ns_64ns_64_14_no_dsp_1_ip_u/inst/i_synth/DIV_OP.SPD.OP/MANT_DIV/RT[35].ADDSUB/ADDSUB/CHAIN_GEN[53].Q_XOR.SUM_XOR_0[1]
    SLICE_X38Y82         CARRY8 (Prop_CARRY8_SLICEL_S[1]_CO[7])
                                                      0.186     1.267 r  bd_0_i/hls_inst/inst/ddiv_64ns_64ns_64_14_no_dsp_1_U7/md_kernel_ddiv_64ns_64ns_64_14_no_dsp_1_ip_u/inst/i_synth/DIV_OP.SPD.OP/MANT_DIV/RT[35].ADDSUB/ADDSUB/CHAIN_GEN[0].C_MUX.CARRY_MUX_CARRY4_CARRY8/CO[7]
                         net (fo=1, routed)           0.026     1.293    bd_0_i/hls_inst/inst/ddiv_64ns_64ns_64_14_no_dsp_1_U7/md_kernel_ddiv_64ns_64ns_64_14_no_dsp_1_ip_u/inst/i_synth/DIV_OP.SPD.OP/MANT_DIV/RT[35].ADDSUB/ADDSUB/CHAIN_GEN[7].C_MUX.CARRY_MUX_n_0
    SLICE_X38Y83         CARRY8 (Prop_CARRY8_SLICEL_CI_CO[7])
                                                      0.015     1.308 r  bd_0_i/hls_inst/inst/ddiv_64ns_64ns_64_14_no_dsp_1_U7/md_kernel_ddiv_64ns_64ns_64_14_no_dsp_1_ip_u/inst/i_synth/DIV_OP.SPD.OP/MANT_DIV/RT[35].ADDSUB/ADDSUB/CHAIN_GEN[8].C_MUX.CARRY_MUX_CARRY4_CARRY8/CO[7]
                         net (fo=1, routed)           0.026     1.334    bd_0_i/hls_inst/inst/ddiv_64ns_64ns_64_14_no_dsp_1_U7/md_kernel_ddiv_64ns_64ns_64_14_no_dsp_1_ip_u/inst/i_synth/DIV_OP.SPD.OP/MANT_DIV/RT[35].ADDSUB/ADDSUB/CHAIN_GEN[15].C_MUX.CARRY_MUX_n_0
    SLICE_X38Y84         CARRY8 (Prop_CARRY8_SLICEL_CI_CO[7])
                                                      0.015     1.349 r  bd_0_i/hls_inst/inst/ddiv_64ns_64ns_64_14_no_dsp_1_U7/md_kernel_ddiv_64ns_64ns_64_14_no_dsp_1_ip_u/inst/i_synth/DIV_OP.SPD.OP/MANT_DIV/RT[35].ADDSUB/ADDSUB/CHAIN_GEN[16].C_MUX.CARRY_MUX_CARRY4_CARRY8/CO[7]
                         net (fo=1, routed)           0.026     1.375    bd_0_i/hls_inst/inst/ddiv_64ns_64ns_64_14_no_dsp_1_U7/md_kernel_ddiv_64ns_64ns_64_14_no_dsp_1_ip_u/inst/i_synth/DIV_OP.SPD.OP/MANT_DIV/RT[35].ADDSUB/ADDSUB/CHAIN_GEN[23].C_MUX.CARRY_MUX_n_0
    SLICE_X38Y85         CARRY8 (Prop_CARRY8_SLICEL_CI_CO[7])
                                                      0.015     1.390 r  bd_0_i/hls_inst/inst/ddiv_64ns_64ns_64_14_no_dsp_1_U7/md_kernel_ddiv_64ns_64ns_64_14_no_dsp_1_ip_u/inst/i_synth/DIV_OP.SPD.OP/MANT_DIV/RT[35].ADDSUB/ADDSUB/CHAIN_GEN[24].C_MUX.CARRY_MUX_CARRY4_CARRY8/CO[7]
                         net (fo=1, routed)           0.026     1.416    bd_0_i/hls_inst/inst/ddiv_64ns_64ns_64_14_no_dsp_1_U7/md_kernel_ddiv_64ns_64ns_64_14_no_dsp_1_ip_u/inst/i_synth/DIV_OP.SPD.OP/MANT_DIV/RT[35].ADDSUB/ADDSUB/CHAIN_GEN[31].C_MUX.CARRY_MUX_n_0
    SLICE_X38Y86         CARRY8 (Prop_CARRY8_SLICEL_CI_CO[7])
                                                      0.015     1.431 r  bd_0_i/hls_inst/inst/ddiv_64ns_64ns_64_14_no_dsp_1_U7/md_kernel_ddiv_64ns_64ns_64_14_no_dsp_1_ip_u/inst/i_synth/DIV_OP.SPD.OP/MANT_DIV/RT[35].ADDSUB/ADDSUB/CHAIN_GEN[32].C_MUX.CARRY_MUX_CARRY4_CARRY8/CO[7]
                         net (fo=1, routed)           0.026     1.457    bd_0_i/hls_inst/inst/ddiv_64ns_64ns_64_14_no_dsp_1_U7/md_kernel_ddiv_64ns_64ns_64_14_no_dsp_1_ip_u/inst/i_synth/DIV_OP.SPD.OP/MANT_DIV/RT[35].ADDSUB/ADDSUB/CHAIN_GEN[39].C_MUX.CARRY_MUX_n_0
    SLICE_X38Y87         CARRY8 (Prop_CARRY8_SLICEL_CI_CO[7])
                                                      0.015     1.472 r  bd_0_i/hls_inst/inst/ddiv_64ns_64ns_64_14_no_dsp_1_U7/md_kernel_ddiv_64ns_64ns_64_14_no_dsp_1_ip_u/inst/i_synth/DIV_OP.SPD.OP/MANT_DIV/RT[35].ADDSUB/ADDSUB/CHAIN_GEN[40].C_MUX.CARRY_MUX_CARRY4_CARRY8/CO[7]
                         net (fo=1, routed)           0.026     1.498    bd_0_i/hls_inst/inst/ddiv_64ns_64ns_64_14_no_dsp_1_U7/md_kernel_ddiv_64ns_64ns_64_14_no_dsp_1_ip_u/inst/i_synth/DIV_OP.SPD.OP/MANT_DIV/RT[35].ADDSUB/ADDSUB/CHAIN_GEN[47].C_MUX.CARRY_MUX_n_0
    SLICE_X38Y88         CARRY8 (Prop_CARRY8_SLICEL_CI_O[5])
                                                      0.116     1.614 r  bd_0_i/hls_inst/inst/ddiv_64ns_64ns_64_14_no_dsp_1_U7/md_kernel_ddiv_64ns_64ns_64_14_no_dsp_1_ip_u/inst/i_synth/DIV_OP.SPD.OP/MANT_DIV/RT[35].ADDSUB/ADDSUB/CHAIN_GEN[48].C_MUX.CARRY_MUX_CARRY4_CARRY8/O[5]
                         net (fo=56, routed)          0.772     2.387    bd_0_i/hls_inst/inst/ddiv_64ns_64ns_64_14_no_dsp_1_U7/md_kernel_ddiv_64ns_64ns_64_14_no_dsp_1_ip_u/inst/i_synth/DIV_OP.SPD.OP/MANT_DIV/RT[35].ADDSUB/ADDSUB/Q[52]
    SLICE_X42Y82         LUT2 (Prop_A6LUT_SLICEM_I0_O)
                                                      0.150     2.537 r  bd_0_i/hls_inst/inst/ddiv_64ns_64ns_64_14_no_dsp_1_U7/md_kernel_ddiv_64ns_64ns_64_14_no_dsp_1_ip_u/inst/i_synth/DIV_OP.SPD.OP/MANT_DIV/RT[35].ADDSUB/ADDSUB/CHAIN_GEN[0].C_MUX.CARRY_MUX_i_1__35/O
                         net (fo=1, routed)           0.013     2.550    bd_0_i/hls_inst/inst/ddiv_64ns_64ns_64_14_no_dsp_1_U7/md_kernel_ddiv_64ns_64ns_64_14_no_dsp_1_ip_u/inst/i_synth/DIV_OP.SPD.OP/MANT_DIV/RT[36].ADDSUB/ADDSUB/CHAIN_GEN[53].Q_XOR.SUM_XOR_0[0]
    SLICE_X42Y82         CARRY8 (Prop_CARRY8_SLICEM_S[0]_CO[7])
                                                      0.192     2.742 r  bd_0_i/hls_inst/inst/ddiv_64ns_64ns_64_14_no_dsp_1_U7/md_kernel_ddiv_64ns_64ns_64_14_no_dsp_1_ip_u/inst/i_synth/DIV_OP.SPD.OP/MANT_DIV/RT[36].ADDSUB/ADDSUB/CHAIN_GEN[0].C_MUX.CARRY_MUX_CARRY4_CARRY8/CO[7]
                         net (fo=1, routed)           0.026     2.768    bd_0_i/hls_inst/inst/ddiv_64ns_64ns_64_14_no_dsp_1_U7/md_kernel_ddiv_64ns_64ns_64_14_no_dsp_1_ip_u/inst/i_synth/DIV_OP.SPD.OP/MANT_DIV/RT[36].ADDSUB/ADDSUB/CHAIN_GEN[7].C_MUX.CARRY_MUX_n_0
    SLICE_X42Y83         CARRY8 (Prop_CARRY8_SLICEM_CI_CO[7])
                                                      0.015     2.783 r  bd_0_i/hls_inst/inst/ddiv_64ns_64ns_64_14_no_dsp_1_U7/md_kernel_ddiv_64ns_64ns_64_14_no_dsp_1_ip_u/inst/i_synth/DIV_OP.SPD.OP/MANT_DIV/RT[36].ADDSUB/ADDSUB/CHAIN_GEN[8].C_MUX.CARRY_MUX_CARRY4_CARRY8/CO[7]
                         net (fo=1, routed)           0.026     2.809    bd_0_i/hls_inst/inst/ddiv_64ns_64ns_64_14_no_dsp_1_U7/md_kernel_ddiv_64ns_64ns_64_14_no_dsp_1_ip_u/inst/i_synth/DIV_OP.SPD.OP/MANT_DIV/RT[36].ADDSUB/ADDSUB/CHAIN_GEN[15].C_MUX.CARRY_MUX_n_0
    SLICE_X42Y84         CARRY8 (Prop_CARRY8_SLICEM_CI_CO[7])
                                                      0.015     2.824 r  bd_0_i/hls_inst/inst/ddiv_64ns_64ns_64_14_no_dsp_1_U7/md_kernel_ddiv_64ns_64ns_64_14_no_dsp_1_ip_u/inst/i_synth/DIV_OP.SPD.OP/MANT_DIV/RT[36].ADDSUB/ADDSUB/CHAIN_GEN[16].C_MUX.CARRY_MUX_CARRY4_CARRY8/CO[7]
                         net (fo=1, routed)           0.026     2.850    bd_0_i/hls_inst/inst/ddiv_64ns_64ns_64_14_no_dsp_1_U7/md_kernel_ddiv_64ns_64ns_64_14_no_dsp_1_ip_u/inst/i_synth/DIV_OP.SPD.OP/MANT_DIV/RT[36].ADDSUB/ADDSUB/CHAIN_GEN[23].C_MUX.CARRY_MUX_n_0
    SLICE_X42Y85         CARRY8 (Prop_CARRY8_SLICEM_CI_CO[7])
                                                      0.015     2.865 r  bd_0_i/hls_inst/inst/ddiv_64ns_64ns_64_14_no_dsp_1_U7/md_kernel_ddiv_64ns_64ns_64_14_no_dsp_1_ip_u/inst/i_synth/DIV_OP.SPD.OP/MANT_DIV/RT[36].ADDSUB/ADDSUB/CHAIN_GEN[24].C_MUX.CARRY_MUX_CARRY4_CARRY8/CO[7]
                         net (fo=1, routed)           0.026     2.891    bd_0_i/hls_inst/inst/ddiv_64ns_64ns_64_14_no_dsp_1_U7/md_kernel_ddiv_64ns_64ns_64_14_no_dsp_1_ip_u/inst/i_synth/DIV_OP.SPD.OP/MANT_DIV/RT[36].ADDSUB/ADDSUB/CHAIN_GEN[31].C_MUX.CARRY_MUX_n_0
    SLICE_X42Y86         CARRY8 (Prop_CARRY8_SLICEM_CI_CO[7])
                                                      0.015     2.906 r  bd_0_i/hls_inst/inst/ddiv_64ns_64ns_64_14_no_dsp_1_U7/md_kernel_ddiv_64ns_64ns_64_14_no_dsp_1_ip_u/inst/i_synth/DIV_OP.SPD.OP/MANT_DIV/RT[36].ADDSUB/ADDSUB/CHAIN_GEN[32].C_MUX.CARRY_MUX_CARRY4_CARRY8/CO[7]
                         net (fo=1, routed)           0.026     2.932    bd_0_i/hls_inst/inst/ddiv_64ns_64ns_64_14_no_dsp_1_U7/md_kernel_ddiv_64ns_64ns_64_14_no_dsp_1_ip_u/inst/i_synth/DIV_OP.SPD.OP/MANT_DIV/RT[36].ADDSUB/ADDSUB/CHAIN_GEN[39].C_MUX.CARRY_MUX_n_0
    SLICE_X42Y87         CARRY8 (Prop_CARRY8_SLICEM_CI_CO[7])
                                                      0.015     2.947 r  bd_0_i/hls_inst/inst/ddiv_64ns_64ns_64_14_no_dsp_1_U7/md_kernel_ddiv_64ns_64ns_64_14_no_dsp_1_ip_u/inst/i_synth/DIV_OP.SPD.OP/MANT_DIV/RT[36].ADDSUB/ADDSUB/CHAIN_GEN[40].C_MUX.CARRY_MUX_CARRY4_CARRY8/CO[7]
                         net (fo=1, routed)           0.026     2.973    bd_0_i/hls_inst/inst/ddiv_64ns_64ns_64_14_no_dsp_1_U7/md_kernel_ddiv_64ns_64ns_64_14_no_dsp_1_ip_u/inst/i_synth/DIV_OP.SPD.OP/MANT_DIV/RT[36].ADDSUB/ADDSUB/CHAIN_GEN[47].C_MUX.CARRY_MUX_n_0
    SLICE_X42Y88         CARRY8 (Prop_CARRY8_SLICEM_CI_O[5])
                                                      0.116     3.089 r  bd_0_i/hls_inst/inst/ddiv_64ns_64ns_64_14_no_dsp_1_U7/md_kernel_ddiv_64ns_64ns_64_14_no_dsp_1_ip_u/inst/i_synth/DIV_OP.SPD.OP/MANT_DIV/RT[36].ADDSUB/ADDSUB/CHAIN_GEN[48].C_MUX.CARRY_MUX_CARRY4_CARRY8/O[5]
                         net (fo=56, routed)          0.371     3.460    bd_0_i/hls_inst/inst/ddiv_64ns_64ns_64_14_no_dsp_1_U7/md_kernel_ddiv_64ns_64ns_64_14_no_dsp_1_ip_u/inst/i_synth/DIV_OP.SPD.OP/MANT_DIV/RT[36].ADDSUB/ADDSUB/Q[52]
    SLICE_X43Y82         LUT2 (Prop_A6LUT_SLICEL_I0_O)
                                                      0.090     3.550 r  bd_0_i/hls_inst/inst/ddiv_64ns_64ns_64_14_no_dsp_1_U7/md_kernel_ddiv_64ns_64ns_64_14_no_dsp_1_ip_u/inst/i_synth/DIV_OP.SPD.OP/MANT_DIV/RT[36].ADDSUB/ADDSUB/CHAIN_GEN[0].C_MUX.CARRY_MUX_i_1__36/O
                         net (fo=1, routed)           0.009     3.559    bd_0_i/hls_inst/inst/ddiv_64ns_64ns_64_14_no_dsp_1_U7/md_kernel_ddiv_64ns_64ns_64_14_no_dsp_1_ip_u/inst/i_synth/DIV_OP.SPD.OP/MANT_DIV/RT[37].ADDSUB/ADDSUB/CHAIN_GEN[53].Q_XOR.SUM_XOR_0[0]
    SLICE_X43Y82         CARRY8 (Prop_CARRY8_SLICEL_S[0]_CO[7])
                                                      0.190     3.749 r  bd_0_i/hls_inst/inst/ddiv_64ns_64ns_64_14_no_dsp_1_U7/md_kernel_ddiv_64ns_64ns_64_14_no_dsp_1_ip_u/inst/i_synth/DIV_OP.SPD.OP/MANT_DIV/RT[37].ADDSUB/ADDSUB/CHAIN_GEN[0].C_MUX.CARRY_MUX_CARRY4_CARRY8/CO[7]
                         net (fo=1, routed)           0.026     3.775    bd_0_i/hls_inst/inst/ddiv_64ns_64ns_64_14_no_dsp_1_U7/md_kernel_ddiv_64ns_64ns_64_14_no_dsp_1_ip_u/inst/i_synth/DIV_OP.SPD.OP/MANT_DIV/RT[37].ADDSUB/ADDSUB/CHAIN_GEN[7].C_MUX.CARRY_MUX_n_0
    SLICE_X43Y83         CARRY8 (Prop_CARRY8_SLICEL_CI_CO[7])
                                                      0.015     3.790 r  bd_0_i/hls_inst/inst/ddiv_64ns_64ns_64_14_no_dsp_1_U7/md_kernel_ddiv_64ns_64ns_64_14_no_dsp_1_ip_u/inst/i_synth/DIV_OP.SPD.OP/MANT_DIV/RT[37].ADDSUB/ADDSUB/CHAIN_GEN[8].C_MUX.CARRY_MUX_CARRY4_CARRY8/CO[7]
                         net (fo=1, routed)           0.026     3.816    bd_0_i/hls_inst/inst/ddiv_64ns_64ns_64_14_no_dsp_1_U7/md_kernel_ddiv_64ns_64ns_64_14_no_dsp_1_ip_u/inst/i_synth/DIV_OP.SPD.OP/MANT_DIV/RT[37].ADDSUB/ADDSUB/CHAIN_GEN[15].C_MUX.CARRY_MUX_n_0
    SLICE_X43Y84         CARRY8 (Prop_CARRY8_SLICEL_CI_CO[7])
                                                      0.015     3.831 r  bd_0_i/hls_inst/inst/ddiv_64ns_64ns_64_14_no_dsp_1_U7/md_kernel_ddiv_64ns_64ns_64_14_no_dsp_1_ip_u/inst/i_synth/DIV_OP.SPD.OP/MANT_DIV/RT[37].ADDSUB/ADDSUB/CHAIN_GEN[16].C_MUX.CARRY_MUX_CARRY4_CARRY8/CO[7]
                         net (fo=1, routed)           0.026     3.857    bd_0_i/hls_inst/inst/ddiv_64ns_64ns_64_14_no_dsp_1_U7/md_kernel_ddiv_64ns_64ns_64_14_no_dsp_1_ip_u/inst/i_synth/DIV_OP.SPD.OP/MANT_DIV/RT[37].ADDSUB/ADDSUB/CHAIN_GEN[23].C_MUX.CARRY_MUX_n_0
    SLICE_X43Y85         CARRY8 (Prop_CARRY8_SLICEL_CI_CO[7])
                                                      0.015     3.872 r  bd_0_i/hls_inst/inst/ddiv_64ns_64ns_64_14_no_dsp_1_U7/md_kernel_ddiv_64ns_64ns_64_14_no_dsp_1_ip_u/inst/i_synth/DIV_OP.SPD.OP/MANT_DIV/RT[37].ADDSUB/ADDSUB/CHAIN_GEN[24].C_MUX.CARRY_MUX_CARRY4_CARRY8/CO[7]
                         net (fo=1, routed)           0.026     3.898    bd_0_i/hls_inst/inst/ddiv_64ns_64ns_64_14_no_dsp_1_U7/md_kernel_ddiv_64ns_64ns_64_14_no_dsp_1_ip_u/inst/i_synth/DIV_OP.SPD.OP/MANT_DIV/RT[37].ADDSUB/ADDSUB/CHAIN_GEN[31].C_MUX.CARRY_MUX_n_0
    SLICE_X43Y86         CARRY8 (Prop_CARRY8_SLICEL_CI_CO[7])
                                                      0.015     3.913 r  bd_0_i/hls_inst/inst/ddiv_64ns_64ns_64_14_no_dsp_1_U7/md_kernel_ddiv_64ns_64ns_64_14_no_dsp_1_ip_u/inst/i_synth/DIV_OP.SPD.OP/MANT_DIV/RT[37].ADDSUB/ADDSUB/CHAIN_GEN[32].C_MUX.CARRY_MUX_CARRY4_CARRY8/CO[7]
                         net (fo=1, routed)           0.026     3.939    bd_0_i/hls_inst/inst/ddiv_64ns_64ns_64_14_no_dsp_1_U7/md_kernel_ddiv_64ns_64ns_64_14_no_dsp_1_ip_u/inst/i_synth/DIV_OP.SPD.OP/MANT_DIV/RT[37].ADDSUB/ADDSUB/CHAIN_GEN[39].C_MUX.CARRY_MUX_n_0
    SLICE_X43Y87         CARRY8 (Prop_CARRY8_SLICEL_CI_CO[7])
                                                      0.015     3.954 r  bd_0_i/hls_inst/inst/ddiv_64ns_64ns_64_14_no_dsp_1_U7/md_kernel_ddiv_64ns_64ns_64_14_no_dsp_1_ip_u/inst/i_synth/DIV_OP.SPD.OP/MANT_DIV/RT[37].ADDSUB/ADDSUB/CHAIN_GEN[40].C_MUX.CARRY_MUX_CARRY4_CARRY8/CO[7]
                         net (fo=1, routed)           0.026     3.980    bd_0_i/hls_inst/inst/ddiv_64ns_64ns_64_14_no_dsp_1_U7/md_kernel_ddiv_64ns_64ns_64_14_no_dsp_1_ip_u/inst/i_synth/DIV_OP.SPD.OP/MANT_DIV/RT[37].ADDSUB/ADDSUB/CHAIN_GEN[47].C_MUX.CARRY_MUX_n_0
    SLICE_X43Y88         CARRY8 (Prop_CARRY8_SLICEL_CI_O[5])
                                                      0.116     4.096 r  bd_0_i/hls_inst/inst/ddiv_64ns_64ns_64_14_no_dsp_1_U7/md_kernel_ddiv_64ns_64ns_64_14_no_dsp_1_ip_u/inst/i_synth/DIV_OP.SPD.OP/MANT_DIV/RT[37].ADDSUB/ADDSUB/CHAIN_GEN[48].C_MUX.CARRY_MUX_CARRY4_CARRY8/O[5]
                         net (fo=56, routed)          0.392     4.488    bd_0_i/hls_inst/inst/ddiv_64ns_64ns_64_14_no_dsp_1_U7/md_kernel_ddiv_64ns_64ns_64_14_no_dsp_1_ip_u/inst/i_synth/DIV_OP.SPD.OP/MANT_DIV/RT[37].ADDSUB/ADDSUB/Q[52]
    SLICE_X40Y81         LUT3 (Prop_F6LUT_SLICEL_I0_O)
                                                      0.148     4.636 r  bd_0_i/hls_inst/inst/ddiv_64ns_64ns_64_14_no_dsp_1_U7/md_kernel_ddiv_64ns_64ns_64_14_no_dsp_1_ip_u/inst/i_synth/DIV_OP.SPD.OP/MANT_DIV/RT[37].ADDSUB/ADDSUB/CHAIN_GEN[5].C_MUX.CARRY_MUX_i_1__37/O
                         net (fo=1, routed)           0.011     4.647    bd_0_i/hls_inst/inst/ddiv_64ns_64ns_64_14_no_dsp_1_U7/md_kernel_ddiv_64ns_64ns_64_14_no_dsp_1_ip_u/inst/i_synth/DIV_OP.SPD.OP/MANT_DIV/RT[38].ADDSUB/ADDSUB/A[5]
    SLICE_X40Y81         CARRY8 (Prop_CARRY8_SLICEL_S[5]_CO[7])
                                                      0.155     4.802 r  bd_0_i/hls_inst/inst/ddiv_64ns_64ns_64_14_no_dsp_1_U7/md_kernel_ddiv_64ns_64ns_64_14_no_dsp_1_ip_u/inst/i_synth/DIV_OP.SPD.OP/MANT_DIV/RT[38].ADDSUB/ADDSUB/CHAIN_GEN[0].C_MUX.CARRY_MUX_CARRY4_CARRY8/CO[7]
                         net (fo=1, routed)           0.026     4.828    bd_0_i/hls_inst/inst/ddiv_64ns_64ns_64_14_no_dsp_1_U7/md_kernel_ddiv_64ns_64ns_64_14_no_dsp_1_ip_u/inst/i_synth/DIV_OP.SPD.OP/MANT_DIV/RT[38].ADDSUB/ADDSUB/CHAIN_GEN[7].C_MUX.CARRY_MUX_n_0
    SLICE_X40Y82         CARRY8 (Prop_CARRY8_SLICEL_CI_CO[7])
                                                      0.015     4.843 r  bd_0_i/hls_inst/inst/ddiv_64ns_64ns_64_14_no_dsp_1_U7/md_kernel_ddiv_64ns_64ns_64_14_no_dsp_1_ip_u/inst/i_synth/DIV_OP.SPD.OP/MANT_DIV/RT[38].ADDSUB/ADDSUB/CHAIN_GEN[8].C_MUX.CARRY_MUX_CARRY4_CARRY8/CO[7]
                         net (fo=1, routed)           0.026     4.869    bd_0_i/hls_inst/inst/ddiv_64ns_64ns_64_14_no_dsp_1_U7/md_kernel_ddiv_64ns_64ns_64_14_no_dsp_1_ip_u/inst/i_synth/DIV_OP.SPD.OP/MANT_DIV/RT[38].ADDSUB/ADDSUB/CHAIN_GEN[15].C_MUX.CARRY_MUX_n_0
    SLICE_X40Y83         CARRY8 (Prop_CARRY8_SLICEL_CI_CO[7])
                                                      0.015     4.884 r  bd_0_i/hls_inst/inst/ddiv_64ns_64ns_64_14_no_dsp_1_U7/md_kernel_ddiv_64ns_64ns_64_14_no_dsp_1_ip_u/inst/i_synth/DIV_OP.SPD.OP/MANT_DIV/RT[38].ADDSUB/ADDSUB/CHAIN_GEN[16].C_MUX.CARRY_MUX_CARRY4_CARRY8/CO[7]
                         net (fo=1, routed)           0.026     4.910    bd_0_i/hls_inst/inst/ddiv_64ns_64ns_64_14_no_dsp_1_U7/md_kernel_ddiv_64ns_64ns_64_14_no_dsp_1_ip_u/inst/i_synth/DIV_OP.SPD.OP/MANT_DIV/RT[38].ADDSUB/ADDSUB/CHAIN_GEN[23].C_MUX.CARRY_MUX_n_0
    SLICE_X40Y84         CARRY8 (Prop_CARRY8_SLICEL_CI_CO[7])
                                                      0.015     4.925 r  bd_0_i/hls_inst/inst/ddiv_64ns_64ns_64_14_no_dsp_1_U7/md_kernel_ddiv_64ns_64ns_64_14_no_dsp_1_ip_u/inst/i_synth/DIV_OP.SPD.OP/MANT_DIV/RT[38].ADDSUB/ADDSUB/CHAIN_GEN[24].C_MUX.CARRY_MUX_CARRY4_CARRY8/CO[7]
                         net (fo=1, routed)           0.026     4.951    bd_0_i/hls_inst/inst/ddiv_64ns_64ns_64_14_no_dsp_1_U7/md_kernel_ddiv_64ns_64ns_64_14_no_dsp_1_ip_u/inst/i_synth/DIV_OP.SPD.OP/MANT_DIV/RT[38].ADDSUB/ADDSUB/CHAIN_GEN[31].C_MUX.CARRY_MUX_n_0
    SLICE_X40Y85         CARRY8 (Prop_CARRY8_SLICEL_CI_CO[7])
                                                      0.015     4.966 r  bd_0_i/hls_inst/inst/ddiv_64ns_64ns_64_14_no_dsp_1_U7/md_kernel_ddiv_64ns_64ns_64_14_no_dsp_1_ip_u/inst/i_synth/DIV_OP.SPD.OP/MANT_DIV/RT[38].ADDSUB/ADDSUB/CHAIN_GEN[32].C_MUX.CARRY_MUX_CARRY4_CARRY8/CO[7]
                         net (fo=1, routed)           0.026     4.992    bd_0_i/hls_inst/inst/ddiv_64ns_64ns_64_14_no_dsp_1_U7/md_kernel_ddiv_64ns_64ns_64_14_no_dsp_1_ip_u/inst/i_synth/DIV_OP.SPD.OP/MANT_DIV/RT[38].ADDSUB/ADDSUB/CHAIN_GEN[39].C_MUX.CARRY_MUX_n_0
    SLICE_X40Y86         CARRY8 (Prop_CARRY8_SLICEL_CI_CO[7])
                                                      0.015     5.007 r  bd_0_i/hls_inst/inst/ddiv_64ns_64ns_64_14_no_dsp_1_U7/md_kernel_ddiv_64ns_64ns_64_14_no_dsp_1_ip_u/inst/i_synth/DIV_OP.SPD.OP/MANT_DIV/RT[38].ADDSUB/ADDSUB/CHAIN_GEN[40].C_MUX.CARRY_MUX_CARRY4_CARRY8/CO[7]
                         net (fo=1, routed)           0.026     5.033    bd_0_i/hls_inst/inst/ddiv_64ns_64ns_64_14_no_dsp_1_U7/md_kernel_ddiv_64ns_64ns_64_14_no_dsp_1_ip_u/inst/i_synth/DIV_OP.SPD.OP/MANT_DIV/RT[38].ADDSUB/ADDSUB/CHAIN_GEN[47].C_MUX.CARRY_MUX_n_0
    SLICE_X40Y87         CARRY8 (Prop_CARRY8_SLICEL_CI_O[5])
                                                      0.116     5.149 r  bd_0_i/hls_inst/inst/ddiv_64ns_64ns_64_14_no_dsp_1_U7/md_kernel_ddiv_64ns_64ns_64_14_no_dsp_1_ip_u/inst/i_synth/DIV_OP.SPD.OP/MANT_DIV/RT[38].ADDSUB/ADDSUB/CHAIN_GEN[48].C_MUX.CARRY_MUX_CARRY4_CARRY8/O[5]
                         net (fo=56, routed)          0.622     5.771    bd_0_i/hls_inst/inst/ddiv_64ns_64ns_64_14_no_dsp_1_U7/md_kernel_ddiv_64ns_64ns_64_14_no_dsp_1_ip_u/inst/i_synth/DIV_OP.SPD.OP/MANT_DIV/RT[38].ADDSUB/ADDSUB/Q[52]
    SLICE_X39Y82         LUT3 (Prop_H6LUT_SLICEM_I0_O)
                                                      0.152     5.923 r  bd_0_i/hls_inst/inst/ddiv_64ns_64ns_64_14_no_dsp_1_U7/md_kernel_ddiv_64ns_64ns_64_14_no_dsp_1_ip_u/inst/i_synth/DIV_OP.SPD.OP/MANT_DIV/RT[38].ADDSUB/ADDSUB/CHAIN_GEN[7].C_MUX.CARRY_MUX_i_1__38/O
                         net (fo=1, routed)           0.015     5.938    bd_0_i/hls_inst/inst/ddiv_64ns_64ns_64_14_no_dsp_1_U7/md_kernel_ddiv_64ns_64ns_64_14_no_dsp_1_ip_u/inst/i_synth/DIV_OP.SPD.OP/MANT_DIV/RT[39].ADDSUB/ADDSUB/a_xor_b_sub[7]
    SLICE_X39Y82         CARRY8 (Prop_CARRY8_SLICEM_S[7]_CO[7])
                                                      0.117     6.055 r  bd_0_i/hls_inst/inst/ddiv_64ns_64ns_64_14_no_dsp_1_U7/md_kernel_ddiv_64ns_64ns_64_14_no_dsp_1_ip_u/inst/i_synth/DIV_OP.SPD.OP/MANT_DIV/RT[39].ADDSUB/ADDSUB/CHAIN_GEN[0].C_MUX.CARRY_MUX_CARRY4_CARRY8/CO[7]
                         net (fo=1, routed)           0.026     6.081    bd_0_i/hls_inst/inst/ddiv_64ns_64ns_64_14_no_dsp_1_U7/md_kernel_ddiv_64ns_64ns_64_14_no_dsp_1_ip_u/inst/i_synth/DIV_OP.SPD.OP/MANT_DIV/RT[39].ADDSUB/ADDSUB/CHAIN_GEN[7].C_MUX.CARRY_MUX_n_0
    SLICE_X39Y83         CARRY8 (Prop_CARRY8_SLICEM_CI_CO[7])
                                                      0.015     6.096 r  bd_0_i/hls_inst/inst/ddiv_64ns_64ns_64_14_no_dsp_1_U7/md_kernel_ddiv_64ns_64ns_64_14_no_dsp_1_ip_u/inst/i_synth/DIV_OP.SPD.OP/MANT_DIV/RT[39].ADDSUB/ADDSUB/CHAIN_GEN[8].C_MUX.CARRY_MUX_CARRY4_CARRY8/CO[7]
                         net (fo=1, routed)           0.026     6.122    bd_0_i/hls_inst/inst/ddiv_64ns_64ns_64_14_no_dsp_1_U7/md_kernel_ddiv_64ns_64ns_64_14_no_dsp_1_ip_u/inst/i_synth/DIV_OP.SPD.OP/MANT_DIV/RT[39].ADDSUB/ADDSUB/CHAIN_GEN[15].C_MUX.CARRY_MUX_n_0
    SLICE_X39Y84         CARRY8 (Prop_CARRY8_SLICEM_CI_CO[7])
                                                      0.015     6.137 r  bd_0_i/hls_inst/inst/ddiv_64ns_64ns_64_14_no_dsp_1_U7/md_kernel_ddiv_64ns_64ns_64_14_no_dsp_1_ip_u/inst/i_synth/DIV_OP.SPD.OP/MANT_DIV/RT[39].ADDSUB/ADDSUB/CHAIN_GEN[16].C_MUX.CARRY_MUX_CARRY4_CARRY8/CO[7]
                         net (fo=1, routed)           0.026     6.163    bd_0_i/hls_inst/inst/ddiv_64ns_64ns_64_14_no_dsp_1_U7/md_kernel_ddiv_64ns_64ns_64_14_no_dsp_1_ip_u/inst/i_synth/DIV_OP.SPD.OP/MANT_DIV/RT[39].ADDSUB/ADDSUB/CHAIN_GEN[23].C_MUX.CARRY_MUX_n_0
    SLICE_X39Y85         CARRY8 (Prop_CARRY8_SLICEM_CI_CO[7])
                                                      0.015     6.178 r  bd_0_i/hls_inst/inst/ddiv_64ns_64ns_64_14_no_dsp_1_U7/md_kernel_ddiv_64ns_64ns_64_14_no_dsp_1_ip_u/inst/i_synth/DIV_OP.SPD.OP/MANT_DIV/RT[39].ADDSUB/ADDSUB/CHAIN_GEN[24].C_MUX.CARRY_MUX_CARRY4_CARRY8/CO[7]
                         net (fo=1, routed)           0.026     6.204    bd_0_i/hls_inst/inst/ddiv_64ns_64ns_64_14_no_dsp_1_U7/md_kernel_ddiv_64ns_64ns_64_14_no_dsp_1_ip_u/inst/i_synth/DIV_OP.SPD.OP/MANT_DIV/RT[39].ADDSUB/ADDSUB/CHAIN_GEN[31].C_MUX.CARRY_MUX_n_0
    SLICE_X39Y86         CARRY8 (Prop_CARRY8_SLICEM_CI_CO[7])
                                                      0.015     6.219 r  bd_0_i/hls_inst/inst/ddiv_64ns_64ns_64_14_no_dsp_1_U7/md_kernel_ddiv_64ns_64ns_64_14_no_dsp_1_ip_u/inst/i_synth/DIV_OP.SPD.OP/MANT_DIV/RT[39].ADDSUB/ADDSUB/CHAIN_GEN[32].C_MUX.CARRY_MUX_CARRY4_CARRY8/CO[7]
                         net (fo=1, routed)           0.026     6.245    bd_0_i/hls_inst/inst/ddiv_64ns_64ns_64_14_no_dsp_1_U7/md_kernel_ddiv_64ns_64ns_64_14_no_dsp_1_ip_u/inst/i_synth/DIV_OP.SPD.OP/MANT_DIV/RT[39].ADDSUB/ADDSUB/CHAIN_GEN[39].C_MUX.CARRY_MUX_n_0
    SLICE_X39Y87         CARRY8 (Prop_CARRY8_SLICEM_CI_CO[7])
                                                      0.015     6.260 r  bd_0_i/hls_inst/inst/ddiv_64ns_64ns_64_14_no_dsp_1_U7/md_kernel_ddiv_64ns_64ns_64_14_no_dsp_1_ip_u/inst/i_synth/DIV_OP.SPD.OP/MANT_DIV/RT[39].ADDSUB/ADDSUB/CHAIN_GEN[40].C_MUX.CARRY_MUX_CARRY4_CARRY8/CO[7]
                         net (fo=1, routed)           0.026     6.286    bd_0_i/hls_inst/inst/ddiv_64ns_64ns_64_14_no_dsp_1_U7/md_kernel_ddiv_64ns_64ns_64_14_no_dsp_1_ip_u/inst/i_synth/DIV_OP.SPD.OP/MANT_DIV/RT[39].ADDSUB/ADDSUB/CHAIN_GEN[47].C_MUX.CARRY_MUX_n_0
    SLICE_X39Y88         CARRY8 (Prop_CARRY8_SLICEM_CI_O[0])
                                                      0.056     6.342 r  bd_0_i/hls_inst/inst/ddiv_64ns_64ns_64_14_no_dsp_1_U7/md_kernel_ddiv_64ns_64ns_64_14_no_dsp_1_ip_u/inst/i_synth/DIV_OP.SPD.OP/MANT_DIV/RT[39].ADDSUB/ADDSUB/CHAIN_GEN[48].C_MUX.CARRY_MUX_CARRY4_CARRY8/O[0]
                         net (fo=1, routed)           0.025     6.367    bd_0_i/hls_inst/inst/ddiv_64ns_64ns_64_14_no_dsp_1_U7/md_kernel_ddiv_64ns_64ns_64_14_no_dsp_1_ip_u/inst/i_synth/DIV_OP.SPD.OP/MANT_DIV/RT[39].ADDSUB/ADDSUB/Q_DEL/i_pipe/q_int[48]
    SLICE_X39Y88         FDRE                                         r  bd_0_i/hls_inst/inst/ddiv_64ns_64ns_64_14_no_dsp_1_U7/md_kernel_ddiv_64ns_64ns_64_14_no_dsp_1_ip_u/inst/i_synth/DIV_OP.SPD.OP/MANT_DIV/RT[39].ADDSUB/ADDSUB/Q_DEL/i_pipe/opt_has_pipe.first_q_reg[48]/D
  -------------------------------------------------------------------    -------------------

                         (clock ap_clk rise edge)     8.000     8.000 r  
                                                      0.000     8.000 r  ap_clk (IN)
                         net (fo=4330, unset)         0.021     8.021    bd_0_i/hls_inst/inst/ddiv_64ns_64ns_64_14_no_dsp_1_U7/md_kernel_ddiv_64ns_64ns_64_14_no_dsp_1_ip_u/inst/i_synth/DIV_OP.SPD.OP/MANT_DIV/RT[39].ADDSUB/ADDSUB/Q_DEL/i_pipe/aclk
    SLICE_X39Y88         FDRE                                         r  bd_0_i/hls_inst/inst/ddiv_64ns_64ns_64_14_no_dsp_1_U7/md_kernel_ddiv_64ns_64ns_64_14_no_dsp_1_ip_u/inst/i_synth/DIV_OP.SPD.OP/MANT_DIV/RT[39].ADDSUB/ADDSUB/Q_DEL/i_pipe/opt_has_pipe.first_q_reg[48]/C
                         clock pessimism              0.000     8.021    
                         clock uncertainty           -0.035     7.986    
    SLICE_X39Y88         FDRE (Setup_AFF_SLICEM_C_D)
                                                      0.025     8.011    bd_0_i/hls_inst/inst/ddiv_64ns_64ns_64_14_no_dsp_1_U7/md_kernel_ddiv_64ns_64ns_64_14_no_dsp_1_ip_u/inst/i_synth/DIV_OP.SPD.OP/MANT_DIV/RT[39].ADDSUB/ADDSUB/Q_DEL/i_pipe/opt_has_pipe.first_q_reg[48]
  -------------------------------------------------------------------
                         required time                          8.011    
                         arrival time                          -6.367    
  -------------------------------------------------------------------
                         slack                                  1.644    

Slack (MET) :             1.655ns  (required time - arrival time)
  Source:                 bd_0_i/hls_inst/inst/ddiv_64ns_64ns_64_14_no_dsp_1_U7/md_kernel_ddiv_64ns_64ns_64_14_no_dsp_1_ip_u/inst/i_synth/DIV_OP.SPD.OP/MANT_DIV/RT[34].ADDSUB/ADDSUB/Q_DEL/i_pipe/opt_has_pipe.first_q_reg[53]/C
                            (rising edge-triggered cell FDRE clocked by ap_clk  {rise@0.000ns fall@4.000ns period=8.000ns})
  Destination:            bd_0_i/hls_inst/inst/ddiv_64ns_64ns_64_14_no_dsp_1_U7/md_kernel_ddiv_64ns_64ns_64_14_no_dsp_1_ip_u/inst/i_synth/DIV_OP.SPD.OP/MANT_DIV/RT[39].ADDSUB/ADDSUB/Q_DEL/i_pipe/opt_has_pipe.first_q_reg[44]/D
                            (rising edge-triggered cell FDRE clocked by ap_clk  {rise@0.000ns fall@4.000ns period=8.000ns})
  Path Group:             ap_clk
  Path Type:              Setup (Max at Slow Process Corner)
  Requirement:            8.000ns  (ap_clk rise@8.000ns - ap_clk rise@0.000ns)
  Data Path Delay:        6.326ns  (logic 2.490ns (39.362%)  route 3.836ns (60.638%))
  Logic Levels:           39  (CARRY8=34 LUT2=2 LUT3=3)
  Clock Path Skew:        -0.009ns (DCD - SCD + CPR)
    Destination Clock Delay (DCD):    0.021ns = ( 8.021 - 8.000 ) 
    Source Clock Delay      (SCD):    0.030ns
    Clock Pessimism Removal (CPR):    0.000ns
  Clock Uncertainty:      0.035ns  ((TSJ^2 + TIJ^2)^1/2 + DJ) / 2 + PE
    Total System Jitter     (TSJ):    0.071ns
    Total Input Jitter      (TIJ):    0.000ns
    Discrete Jitter          (DJ):    0.000ns
    Phase Error              (PE):    0.000ns

    Location             Delay type                Incr(ns)  Path(ns)    Netlist Resource(s)
  -------------------------------------------------------------------    -------------------
                         (clock ap_clk rise edge)     0.000     0.000 r  
                                                      0.000     0.000 r  ap_clk (IN)
                         net (fo=4330, unset)         0.030     0.030    bd_0_i/hls_inst/inst/ddiv_64ns_64ns_64_14_no_dsp_1_U7/md_kernel_ddiv_64ns_64ns_64_14_no_dsp_1_ip_u/inst/i_synth/DIV_OP.SPD.OP/MANT_DIV/RT[34].ADDSUB/ADDSUB/Q_DEL/i_pipe/aclk
    SLICE_X41Y90         FDRE                                         r  bd_0_i/hls_inst/inst/ddiv_64ns_64ns_64_14_no_dsp_1_U7/md_kernel_ddiv_64ns_64ns_64_14_no_dsp_1_ip_u/inst/i_synth/DIV_OP.SPD.OP/MANT_DIV/RT[34].ADDSUB/ADDSUB/Q_DEL/i_pipe/opt_has_pipe.first_q_reg[53]/C
  -------------------------------------------------------------------    -------------------
    SLICE_X41Y90         FDRE (Prop_FFF_SLICEM_C_Q)
                                                      0.076     0.106 r  bd_0_i/hls_inst/inst/ddiv_64ns_64ns_64_14_no_dsp_1_U7/md_kernel_ddiv_64ns_64ns_64_14_no_dsp_1_ip_u/inst/i_synth/DIV_OP.SPD.OP/MANT_DIV/RT[34].ADDSUB/ADDSUB/Q_DEL/i_pipe/opt_has_pipe.first_q_reg[53]/Q
                         net (fo=56, routed)          0.842     0.948    bd_0_i/hls_inst/inst/ddiv_64ns_64ns_64_14_no_dsp_1_U7/md_kernel_ddiv_64ns_64ns_64_14_no_dsp_1_ip_u/inst/i_synth/DIV_OP.SPD.OP/MANT_DIV/RT[34].ADDSUB/ADDSUB/Q_DEL/i_pipe/opt_has_pipe.first_q[53]
    SLICE_X38Y82         LUT3 (Prop_B6LUT_SLICEL_I0_O)
                                                      0.124     1.072 r  bd_0_i/hls_inst/inst/ddiv_64ns_64ns_64_14_no_dsp_1_U7/md_kernel_ddiv_64ns_64ns_64_14_no_dsp_1_ip_u/inst/i_synth/DIV_OP.SPD.OP/MANT_DIV/RT[34].ADDSUB/ADDSUB/Q_DEL/i_pipe/CHAIN_GEN[1].C_MUX.CARRY_MUX_i_1__34/O
                         net (fo=1, routed)           0.009     1.081    bd_0_i/hls_inst/inst/ddiv_64ns_64ns_64_14_no_dsp_1_U7/md_kernel_ddiv_64ns_64ns_64_14_no_dsp_1_ip_u/inst/i_synth/DIV_OP.SPD.OP/MANT_DIV/RT[35].ADDSUB/ADDSUB/CHAIN_GEN[53].Q_XOR.SUM_XOR_0[1]
    SLICE_X38Y82         CARRY8 (Prop_CARRY8_SLICEL_S[1]_CO[7])
                                                      0.186     1.267 r  bd_0_i/hls_inst/inst/ddiv_64ns_64ns_64_14_no_dsp_1_U7/md_kernel_ddiv_64ns_64ns_64_14_no_dsp_1_ip_u/inst/i_synth/DIV_OP.SPD.OP/MANT_DIV/RT[35].ADDSUB/ADDSUB/CHAIN_GEN[0].C_MUX.CARRY_MUX_CARRY4_CARRY8/CO[7]
                         net (fo=1, routed)           0.026     1.293    bd_0_i/hls_inst/inst/ddiv_64ns_64ns_64_14_no_dsp_1_U7/md_kernel_ddiv_64ns_64ns_64_14_no_dsp_1_ip_u/inst/i_synth/DIV_OP.SPD.OP/MANT_DIV/RT[35].ADDSUB/ADDSUB/CHAIN_GEN[7].C_MUX.CARRY_MUX_n_0
    SLICE_X38Y83         CARRY8 (Prop_CARRY8_SLICEL_CI_CO[7])
                                                      0.015     1.308 r  bd_0_i/hls_inst/inst/ddiv_64ns_64ns_64_14_no_dsp_1_U7/md_kernel_ddiv_64ns_64ns_64_14_no_dsp_1_ip_u/inst/i_synth/DIV_OP.SPD.OP/MANT_DIV/RT[35].ADDSUB/ADDSUB/CHAIN_GEN[8].C_MUX.CARRY_MUX_CARRY4_CARRY8/CO[7]
                         net (fo=1, routed)           0.026     1.334    bd_0_i/hls_inst/inst/ddiv_64ns_64ns_64_14_no_dsp_1_U7/md_kernel_ddiv_64ns_64ns_64_14_no_dsp_1_ip_u/inst/i_synth/DIV_OP.SPD.OP/MANT_DIV/RT[35].ADDSUB/ADDSUB/CHAIN_GEN[15].C_MUX.CARRY_MUX_n_0
    SLICE_X38Y84         CARRY8 (Prop_CARRY8_SLICEL_CI_CO[7])
                                                      0.015     1.349 r  bd_0_i/hls_inst/inst/ddiv_64ns_64ns_64_14_no_dsp_1_U7/md_kernel_ddiv_64ns_64ns_64_14_no_dsp_1_ip_u/inst/i_synth/DIV_OP.SPD.OP/MANT_DIV/RT[35].ADDSUB/ADDSUB/CHAIN_GEN[16].C_MUX.CARRY_MUX_CARRY4_CARRY8/CO[7]
                         net (fo=1, routed)           0.026     1.375    bd_0_i/hls_inst/inst/ddiv_64ns_64ns_64_14_no_dsp_1_U7/md_kernel_ddiv_64ns_64ns_64_14_no_dsp_1_ip_u/inst/i_synth/DIV_OP.SPD.OP/MANT_DIV/RT[35].ADDSUB/ADDSUB/CHAIN_GEN[23].C_MUX.CARRY_MUX_n_0
    SLICE_X38Y85         CARRY8 (Prop_CARRY8_SLICEL_CI_CO[7])
                                                      0.015     1.390 r  bd_0_i/hls_inst/inst/ddiv_64ns_64ns_64_14_no_dsp_1_U7/md_kernel_ddiv_64ns_64ns_64_14_no_dsp_1_ip_u/inst/i_synth/DIV_OP.SPD.OP/MANT_DIV/RT[35].ADDSUB/ADDSUB/CHAIN_GEN[24].C_MUX.CARRY_MUX_CARRY4_CARRY8/CO[7]
                         net (fo=1, routed)           0.026     1.416    bd_0_i/hls_inst/inst/ddiv_64ns_64ns_64_14_no_dsp_1_U7/md_kernel_ddiv_64ns_64ns_64_14_no_dsp_1_ip_u/inst/i_synth/DIV_OP.SPD.OP/MANT_DIV/RT[35].ADDSUB/ADDSUB/CHAIN_GEN[31].C_MUX.CARRY_MUX_n_0
    SLICE_X38Y86         CARRY8 (Prop_CARRY8_SLICEL_CI_CO[7])
                                                      0.015     1.431 r  bd_0_i/hls_inst/inst/ddiv_64ns_64ns_64_14_no_dsp_1_U7/md_kernel_ddiv_64ns_64ns_64_14_no_dsp_1_ip_u/inst/i_synth/DIV_OP.SPD.OP/MANT_DIV/RT[35].ADDSUB/ADDSUB/CHAIN_GEN[32].C_MUX.CARRY_MUX_CARRY4_CARRY8/CO[7]
                         net (fo=1, routed)           0.026     1.457    bd_0_i/hls_inst/inst/ddiv_64ns_64ns_64_14_no_dsp_1_U7/md_kernel_ddiv_64ns_64ns_64_14_no_dsp_1_ip_u/inst/i_synth/DIV_OP.SPD.OP/MANT_DIV/RT[35].ADDSUB/ADDSUB/CHAIN_GEN[39].C_MUX.CARRY_MUX_n_0
    SLICE_X38Y87         CARRY8 (Prop_CARRY8_SLICEL_CI_CO[7])
                                                      0.015     1.472 r  bd_0_i/hls_inst/inst/ddiv_64ns_64ns_64_14_no_dsp_1_U7/md_kernel_ddiv_64ns_64ns_64_14_no_dsp_1_ip_u/inst/i_synth/DIV_OP.SPD.OP/MANT_DIV/RT[35].ADDSUB/ADDSUB/CHAIN_GEN[40].C_MUX.CARRY_MUX_CARRY4_CARRY8/CO[7]
                         net (fo=1, routed)           0.026     1.498    bd_0_i/hls_inst/inst/ddiv_64ns_64ns_64_14_no_dsp_1_U7/md_kernel_ddiv_64ns_64ns_64_14_no_dsp_1_ip_u/inst/i_synth/DIV_OP.SPD.OP/MANT_DIV/RT[35].ADDSUB/ADDSUB/CHAIN_GEN[47].C_MUX.CARRY_MUX_n_0
    SLICE_X38Y88         CARRY8 (Prop_CARRY8_SLICEL_CI_O[5])
                                                      0.116     1.614 r  bd_0_i/hls_inst/inst/ddiv_64ns_64ns_64_14_no_dsp_1_U7/md_kernel_ddiv_64ns_64ns_64_14_no_dsp_1_ip_u/inst/i_synth/DIV_OP.SPD.OP/MANT_DIV/RT[35].ADDSUB/ADDSUB/CHAIN_GEN[48].C_MUX.CARRY_MUX_CARRY4_CARRY8/O[5]
                         net (fo=56, routed)          0.772     2.387    bd_0_i/hls_inst/inst/ddiv_64ns_64ns_64_14_no_dsp_1_U7/md_kernel_ddiv_64ns_64ns_64_14_no_dsp_1_ip_u/inst/i_synth/DIV_OP.SPD.OP/MANT_DIV/RT[35].ADDSUB/ADDSUB/Q[52]
    SLICE_X42Y82         LUT2 (Prop_A6LUT_SLICEM_I0_O)
                                                      0.150     2.537 r  bd_0_i/hls_inst/inst/ddiv_64ns_64ns_64_14_no_dsp_1_U7/md_kernel_ddiv_64ns_64ns_64_14_no_dsp_1_ip_u/inst/i_synth/DIV_OP.SPD.OP/MANT_DIV/RT[35].ADDSUB/ADDSUB/CHAIN_GEN[0].C_MUX.CARRY_MUX_i_1__35/O
                         net (fo=1, routed)           0.013     2.550    bd_0_i/hls_inst/inst/ddiv_64ns_64ns_64_14_no_dsp_1_U7/md_kernel_ddiv_64ns_64ns_64_14_no_dsp_1_ip_u/inst/i_synth/DIV_OP.SPD.OP/MANT_DIV/RT[36].ADDSUB/ADDSUB/CHAIN_GEN[53].Q_XOR.SUM_XOR_0[0]
    SLICE_X42Y82         CARRY8 (Prop_CARRY8_SLICEM_S[0]_CO[7])
                                                      0.192     2.742 r  bd_0_i/hls_inst/inst/ddiv_64ns_64ns_64_14_no_dsp_1_U7/md_kernel_ddiv_64ns_64ns_64_14_no_dsp_1_ip_u/inst/i_synth/DIV_OP.SPD.OP/MANT_DIV/RT[36].ADDSUB/ADDSUB/CHAIN_GEN[0].C_MUX.CARRY_MUX_CARRY4_CARRY8/CO[7]
                         net (fo=1, routed)           0.026     2.768    bd_0_i/hls_inst/inst/ddiv_64ns_64ns_64_14_no_dsp_1_U7/md_kernel_ddiv_64ns_64ns_64_14_no_dsp_1_ip_u/inst/i_synth/DIV_OP.SPD.OP/MANT_DIV/RT[36].ADDSUB/ADDSUB/CHAIN_GEN[7].C_MUX.CARRY_MUX_n_0
    SLICE_X42Y83         CARRY8 (Prop_CARRY8_SLICEM_CI_CO[7])
                                                      0.015     2.783 r  bd_0_i/hls_inst/inst/ddiv_64ns_64ns_64_14_no_dsp_1_U7/md_kernel_ddiv_64ns_64ns_64_14_no_dsp_1_ip_u/inst/i_synth/DIV_OP.SPD.OP/MANT_DIV/RT[36].ADDSUB/ADDSUB/CHAIN_GEN[8].C_MUX.CARRY_MUX_CARRY4_CARRY8/CO[7]
                         net (fo=1, routed)           0.026     2.809    bd_0_i/hls_inst/inst/ddiv_64ns_64ns_64_14_no_dsp_1_U7/md_kernel_ddiv_64ns_64ns_64_14_no_dsp_1_ip_u/inst/i_synth/DIV_OP.SPD.OP/MANT_DIV/RT[36].ADDSUB/ADDSUB/CHAIN_GEN[15].C_MUX.CARRY_MUX_n_0
    SLICE_X42Y84         CARRY8 (Prop_CARRY8_SLICEM_CI_CO[7])
                                                      0.015     2.824 r  bd_0_i/hls_inst/inst/ddiv_64ns_64ns_64_14_no_dsp_1_U7/md_kernel_ddiv_64ns_64ns_64_14_no_dsp_1_ip_u/inst/i_synth/DIV_OP.SPD.OP/MANT_DIV/RT[36].ADDSUB/ADDSUB/CHAIN_GEN[16].C_MUX.CARRY_MUX_CARRY4_CARRY8/CO[7]
                         net (fo=1, routed)           0.026     2.850    bd_0_i/hls_inst/inst/ddiv_64ns_64ns_64_14_no_dsp_1_U7/md_kernel_ddiv_64ns_64ns_64_14_no_dsp_1_ip_u/inst/i_synth/DIV_OP.SPD.OP/MANT_DIV/RT[36].ADDSUB/ADDSUB/CHAIN_GEN[23].C_MUX.CARRY_MUX_n_0
    SLICE_X42Y85         CARRY8 (Prop_CARRY8_SLICEM_CI_CO[7])
                                                      0.015     2.865 r  bd_0_i/hls_inst/inst/ddiv_64ns_64ns_64_14_no_dsp_1_U7/md_kernel_ddiv_64ns_64ns_64_14_no_dsp_1_ip_u/inst/i_synth/DIV_OP.SPD.OP/MANT_DIV/RT[36].ADDSUB/ADDSUB/CHAIN_GEN[24].C_MUX.CARRY_MUX_CARRY4_CARRY8/CO[7]
                         net (fo=1, routed)           0.026     2.891    bd_0_i/hls_inst/inst/ddiv_64ns_64ns_64_14_no_dsp_1_U7/md_kernel_ddiv_64ns_64ns_64_14_no_dsp_1_ip_u/inst/i_synth/DIV_OP.SPD.OP/MANT_DIV/RT[36].ADDSUB/ADDSUB/CHAIN_GEN[31].C_MUX.CARRY_MUX_n_0
    SLICE_X42Y86         CARRY8 (Prop_CARRY8_SLICEM_CI_CO[7])
                                                      0.015     2.906 r  bd_0_i/hls_inst/inst/ddiv_64ns_64ns_64_14_no_dsp_1_U7/md_kernel_ddiv_64ns_64ns_64_14_no_dsp_1_ip_u/inst/i_synth/DIV_OP.SPD.OP/MANT_DIV/RT[36].ADDSUB/ADDSUB/CHAIN_GEN[32].C_MUX.CARRY_MUX_CARRY4_CARRY8/CO[7]
                         net (fo=1, routed)           0.026     2.932    bd_0_i/hls_inst/inst/ddiv_64ns_64ns_64_14_no_dsp_1_U7/md_kernel_ddiv_64ns_64ns_64_14_no_dsp_1_ip_u/inst/i_synth/DIV_OP.SPD.OP/MANT_DIV/RT[36].ADDSUB/ADDSUB/CHAIN_GEN[39].C_MUX.CARRY_MUX_n_0
    SLICE_X42Y87         CARRY8 (Prop_CARRY8_SLICEM_CI_CO[7])
                                                      0.015     2.947 r  bd_0_i/hls_inst/inst/ddiv_64ns_64ns_64_14_no_dsp_1_U7/md_kernel_ddiv_64ns_64ns_64_14_no_dsp_1_ip_u/inst/i_synth/DIV_OP.SPD.OP/MANT_DIV/RT[36].ADDSUB/ADDSUB/CHAIN_GEN[40].C_MUX.CARRY_MUX_CARRY4_CARRY8/CO[7]
                         net (fo=1, routed)           0.026     2.973    bd_0_i/hls_inst/inst/ddiv_64ns_64ns_64_14_no_dsp_1_U7/md_kernel_ddiv_64ns_64ns_64_14_no_dsp_1_ip_u/inst/i_synth/DIV_OP.SPD.OP/MANT_DIV/RT[36].ADDSUB/ADDSUB/CHAIN_GEN[47].C_MUX.CARRY_MUX_n_0
    SLICE_X42Y88         CARRY8 (Prop_CARRY8_SLICEM_CI_O[5])
                                                      0.116     3.089 r  bd_0_i/hls_inst/inst/ddiv_64ns_64ns_64_14_no_dsp_1_U7/md_kernel_ddiv_64ns_64ns_64_14_no_dsp_1_ip_u/inst/i_synth/DIV_OP.SPD.OP/MANT_DIV/RT[36].ADDSUB/ADDSUB/CHAIN_GEN[48].C_MUX.CARRY_MUX_CARRY4_CARRY8/O[5]
                         net (fo=56, routed)          0.371     3.460    bd_0_i/hls_inst/inst/ddiv_64ns_64ns_64_14_no_dsp_1_U7/md_kernel_ddiv_64ns_64ns_64_14_no_dsp_1_ip_u/inst/i_synth/DIV_OP.SPD.OP/MANT_DIV/RT[36].ADDSUB/ADDSUB/Q[52]
    SLICE_X43Y82         LUT2 (Prop_A6LUT_SLICEL_I0_O)
                                                      0.090     3.550 r  bd_0_i/hls_inst/inst/ddiv_64ns_64ns_64_14_no_dsp_1_U7/md_kernel_ddiv_64ns_64ns_64_14_no_dsp_1_ip_u/inst/i_synth/DIV_OP.SPD.OP/MANT_DIV/RT[36].ADDSUB/ADDSUB/CHAIN_GEN[0].C_MUX.CARRY_MUX_i_1__36/O
                         net (fo=1, routed)           0.009     3.559    bd_0_i/hls_inst/inst/ddiv_64ns_64ns_64_14_no_dsp_1_U7/md_kernel_ddiv_64ns_64ns_64_14_no_dsp_1_ip_u/inst/i_synth/DIV_OP.SPD.OP/MANT_DIV/RT[37].ADDSUB/ADDSUB/CHAIN_GEN[53].Q_XOR.SUM_XOR_0[0]
    SLICE_X43Y82         CARRY8 (Prop_CARRY8_SLICEL_S[0]_CO[7])
                                                      0.190     3.749 r  bd_0_i/hls_inst/inst/ddiv_64ns_64ns_64_14_no_dsp_1_U7/md_kernel_ddiv_64ns_64ns_64_14_no_dsp_1_ip_u/inst/i_synth/DIV_OP.SPD.OP/MANT_DIV/RT[37].ADDSUB/ADDSUB/CHAIN_GEN[0].C_MUX.CARRY_MUX_CARRY4_CARRY8/CO[7]
                         net (fo=1, routed)           0.026     3.775    bd_0_i/hls_inst/inst/ddiv_64ns_64ns_64_14_no_dsp_1_U7/md_kernel_ddiv_64ns_64ns_64_14_no_dsp_1_ip_u/inst/i_synth/DIV_OP.SPD.OP/MANT_DIV/RT[37].ADDSUB/ADDSUB/CHAIN_GEN[7].C_MUX.CARRY_MUX_n_0
    SLICE_X43Y83         CARRY8 (Prop_CARRY8_SLICEL_CI_CO[7])
                                                      0.015     3.790 r  bd_0_i/hls_inst/inst/ddiv_64ns_64ns_64_14_no_dsp_1_U7/md_kernel_ddiv_64ns_64ns_64_14_no_dsp_1_ip_u/inst/i_synth/DIV_OP.SPD.OP/MANT_DIV/RT[37].ADDSUB/ADDSUB/CHAIN_GEN[8].C_MUX.CARRY_MUX_CARRY4_CARRY8/CO[7]
                         net (fo=1, routed)           0.026     3.816    bd_0_i/hls_inst/inst/ddiv_64ns_64ns_64_14_no_dsp_1_U7/md_kernel_ddiv_64ns_64ns_64_14_no_dsp_1_ip_u/inst/i_synth/DIV_OP.SPD.OP/MANT_DIV/RT[37].ADDSUB/ADDSUB/CHAIN_GEN[15].C_MUX.CARRY_MUX_n_0
    SLICE_X43Y84         CARRY8 (Prop_CARRY8_SLICEL_CI_CO[7])
                                                      0.015     3.831 r  bd_0_i/hls_inst/inst/ddiv_64ns_64ns_64_14_no_dsp_1_U7/md_kernel_ddiv_64ns_64ns_64_14_no_dsp_1_ip_u/inst/i_synth/DIV_OP.SPD.OP/MANT_DIV/RT[37].ADDSUB/ADDSUB/CHAIN_GEN[16].C_MUX.CARRY_MUX_CARRY4_CARRY8/CO[7]
                         net (fo=1, routed)           0.026     3.857    bd_0_i/hls_inst/inst/ddiv_64ns_64ns_64_14_no_dsp_1_U7/md_kernel_ddiv_64ns_64ns_64_14_no_dsp_1_ip_u/inst/i_synth/DIV_OP.SPD.OP/MANT_DIV/RT[37].ADDSUB/ADDSUB/CHAIN_GEN[23].C_MUX.CARRY_MUX_n_0
    SLICE_X43Y85         CARRY8 (Prop_CARRY8_SLICEL_CI_CO[7])
                                                      0.015     3.872 r  bd_0_i/hls_inst/inst/ddiv_64ns_64ns_64_14_no_dsp_1_U7/md_kernel_ddiv_64ns_64ns_64_14_no_dsp_1_ip_u/inst/i_synth/DIV_OP.SPD.OP/MANT_DIV/RT[37].ADDSUB/ADDSUB/CHAIN_GEN[24].C_MUX.CARRY_MUX_CARRY4_CARRY8/CO[7]
                         net (fo=1, routed)           0.026     3.898    bd_0_i/hls_inst/inst/ddiv_64ns_64ns_64_14_no_dsp_1_U7/md_kernel_ddiv_64ns_64ns_64_14_no_dsp_1_ip_u/inst/i_synth/DIV_OP.SPD.OP/MANT_DIV/RT[37].ADDSUB/ADDSUB/CHAIN_GEN[31].C_MUX.CARRY_MUX_n_0
    SLICE_X43Y86         CARRY8 (Prop_CARRY8_SLICEL_CI_CO[7])
                                                      0.015     3.913 r  bd_0_i/hls_inst/inst/ddiv_64ns_64ns_64_14_no_dsp_1_U7/md_kernel_ddiv_64ns_64ns_64_14_no_dsp_1_ip_u/inst/i_synth/DIV_OP.SPD.OP/MANT_DIV/RT[37].ADDSUB/ADDSUB/CHAIN_GEN[32].C_MUX.CARRY_MUX_CARRY4_CARRY8/CO[7]
                         net (fo=1, routed)           0.026     3.939    bd_0_i/hls_inst/inst/ddiv_64ns_64ns_64_14_no_dsp_1_U7/md_kernel_ddiv_64ns_64ns_64_14_no_dsp_1_ip_u/inst/i_synth/DIV_OP.SPD.OP/MANT_DIV/RT[37].ADDSUB/ADDSUB/CHAIN_GEN[39].C_MUX.CARRY_MUX_n_0
    SLICE_X43Y87         CARRY8 (Prop_CARRY8_SLICEL_CI_CO[7])
                                                      0.015     3.954 r  bd_0_i/hls_inst/inst/ddiv_64ns_64ns_64_14_no_dsp_1_U7/md_kernel_ddiv_64ns_64ns_64_14_no_dsp_1_ip_u/inst/i_synth/DIV_OP.SPD.OP/MANT_DIV/RT[37].ADDSUB/ADDSUB/CHAIN_GEN[40].C_MUX.CARRY_MUX_CARRY4_CARRY8/CO[7]
                         net (fo=1, routed)           0.026     3.980    bd_0_i/hls_inst/inst/ddiv_64ns_64ns_64_14_no_dsp_1_U7/md_kernel_ddiv_64ns_64ns_64_14_no_dsp_1_ip_u/inst/i_synth/DIV_OP.SPD.OP/MANT_DIV/RT[37].ADDSUB/ADDSUB/CHAIN_GEN[47].C_MUX.CARRY_MUX_n_0
    SLICE_X43Y88         CARRY8 (Prop_CARRY8_SLICEL_CI_O[5])
                                                      0.116     4.096 r  bd_0_i/hls_inst/inst/ddiv_64ns_64ns_64_14_no_dsp_1_U7/md_kernel_ddiv_64ns_64ns_64_14_no_dsp_1_ip_u/inst/i_synth/DIV_OP.SPD.OP/MANT_DIV/RT[37].ADDSUB/ADDSUB/CHAIN_GEN[48].C_MUX.CARRY_MUX_CARRY4_CARRY8/O[5]
                         net (fo=56, routed)          0.392     4.488    bd_0_i/hls_inst/inst/ddiv_64ns_64ns_64_14_no_dsp_1_U7/md_kernel_ddiv_64ns_64ns_64_14_no_dsp_1_ip_u/inst/i_synth/DIV_OP.SPD.OP/MANT_DIV/RT[37].ADDSUB/ADDSUB/Q[52]
    SLICE_X40Y81         LUT3 (Prop_F6LUT_SLICEL_I0_O)
                                                      0.148     4.636 r  bd_0_i/hls_inst/inst/ddiv_64ns_64ns_64_14_no_dsp_1_U7/md_kernel_ddiv_64ns_64ns_64_14_no_dsp_1_ip_u/inst/i_synth/DIV_OP.SPD.OP/MANT_DIV/RT[37].ADDSUB/ADDSUB/CHAIN_GEN[5].C_MUX.CARRY_MUX_i_1__37/O
                         net (fo=1, routed)           0.011     4.647    bd_0_i/hls_inst/inst/ddiv_64ns_64ns_64_14_no_dsp_1_U7/md_kernel_ddiv_64ns_64ns_64_14_no_dsp_1_ip_u/inst/i_synth/DIV_OP.SPD.OP/MANT_DIV/RT[38].ADDSUB/ADDSUB/A[5]
    SLICE_X40Y81         CARRY8 (Prop_CARRY8_SLICEL_S[5]_CO[7])
                                                      0.155     4.802 r  bd_0_i/hls_inst/inst/ddiv_64ns_64ns_64_14_no_dsp_1_U7/md_kernel_ddiv_64ns_64ns_64_14_no_dsp_1_ip_u/inst/i_synth/DIV_OP.SPD.OP/MANT_DIV/RT[38].ADDSUB/ADDSUB/CHAIN_GEN[0].C_MUX.CARRY_MUX_CARRY4_CARRY8/CO[7]
                         net (fo=1, routed)           0.026     4.828    bd_0_i/hls_inst/inst/ddiv_64ns_64ns_64_14_no_dsp_1_U7/md_kernel_ddiv_64ns_64ns_64_14_no_dsp_1_ip_u/inst/i_synth/DIV_OP.SPD.OP/MANT_DIV/RT[38].ADDSUB/ADDSUB/CHAIN_GEN[7].C_MUX.CARRY_MUX_n_0
    SLICE_X40Y82         CARRY8 (Prop_CARRY8_SLICEL_CI_CO[7])
                                                      0.015     4.843 r  bd_0_i/hls_inst/inst/ddiv_64ns_64ns_64_14_no_dsp_1_U7/md_kernel_ddiv_64ns_64ns_64_14_no_dsp_1_ip_u/inst/i_synth/DIV_OP.SPD.OP/MANT_DIV/RT[38].ADDSUB/ADDSUB/CHAIN_GEN[8].C_MUX.CARRY_MUX_CARRY4_CARRY8/CO[7]
                         net (fo=1, routed)           0.026     4.869    bd_0_i/hls_inst/inst/ddiv_64ns_64ns_64_14_no_dsp_1_U7/md_kernel_ddiv_64ns_64ns_64_14_no_dsp_1_ip_u/inst/i_synth/DIV_OP.SPD.OP/MANT_DIV/RT[38].ADDSUB/ADDSUB/CHAIN_GEN[15].C_MUX.CARRY_MUX_n_0
    SLICE_X40Y83         CARRY8 (Prop_CARRY8_SLICEL_CI_CO[7])
                                                      0.015     4.884 r  bd_0_i/hls_inst/inst/ddiv_64ns_64ns_64_14_no_dsp_1_U7/md_kernel_ddiv_64ns_64ns_64_14_no_dsp_1_ip_u/inst/i_synth/DIV_OP.SPD.OP/MANT_DIV/RT[38].ADDSUB/ADDSUB/CHAIN_GEN[16].C_MUX.CARRY_MUX_CARRY4_CARRY8/CO[7]
                         net (fo=1, routed)           0.026     4.910    bd_0_i/hls_inst/inst/ddiv_64ns_64ns_64_14_no_dsp_1_U7/md_kernel_ddiv_64ns_64ns_64_14_no_dsp_1_ip_u/inst/i_synth/DIV_OP.SPD.OP/MANT_DIV/RT[38].ADDSUB/ADDSUB/CHAIN_GEN[23].C_MUX.CARRY_MUX_n_0
    SLICE_X40Y84         CARRY8 (Prop_CARRY8_SLICEL_CI_CO[7])
                                                      0.015     4.925 r  bd_0_i/hls_inst/inst/ddiv_64ns_64ns_64_14_no_dsp_1_U7/md_kernel_ddiv_64ns_64ns_64_14_no_dsp_1_ip_u/inst/i_synth/DIV_OP.SPD.OP/MANT_DIV/RT[38].ADDSUB/ADDSUB/CHAIN_GEN[24].C_MUX.CARRY_MUX_CARRY4_CARRY8/CO[7]
                         net (fo=1, routed)           0.026     4.951    bd_0_i/hls_inst/inst/ddiv_64ns_64ns_64_14_no_dsp_1_U7/md_kernel_ddiv_64ns_64ns_64_14_no_dsp_1_ip_u/inst/i_synth/DIV_OP.SPD.OP/MANT_DIV/RT[38].ADDSUB/ADDSUB/CHAIN_GEN[31].C_MUX.CARRY_MUX_n_0
    SLICE_X40Y85         CARRY8 (Prop_CARRY8_SLICEL_CI_CO[7])
                                                      0.015     4.966 r  bd_0_i/hls_inst/inst/ddiv_64ns_64ns_64_14_no_dsp_1_U7/md_kernel_ddiv_64ns_64ns_64_14_no_dsp_1_ip_u/inst/i_synth/DIV_OP.SPD.OP/MANT_DIV/RT[38].ADDSUB/ADDSUB/CHAIN_GEN[32].C_MUX.CARRY_MUX_CARRY4_CARRY8/CO[7]
                         net (fo=1, routed)           0.026     4.992    bd_0_i/hls_inst/inst/ddiv_64ns_64ns_64_14_no_dsp_1_U7/md_kernel_ddiv_64ns_64ns_64_14_no_dsp_1_ip_u/inst/i_synth/DIV_OP.SPD.OP/MANT_DIV/RT[38].ADDSUB/ADDSUB/CHAIN_GEN[39].C_MUX.CARRY_MUX_n_0
    SLICE_X40Y86         CARRY8 (Prop_CARRY8_SLICEL_CI_CO[7])
                                                      0.015     5.007 r  bd_0_i/hls_inst/inst/ddiv_64ns_64ns_64_14_no_dsp_1_U7/md_kernel_ddiv_64ns_64ns_64_14_no_dsp_1_ip_u/inst/i_synth/DIV_OP.SPD.OP/MANT_DIV/RT[38].ADDSUB/ADDSUB/CHAIN_GEN[40].C_MUX.CARRY_MUX_CARRY4_CARRY8/CO[7]
                         net (fo=1, routed)           0.026     5.033    bd_0_i/hls_inst/inst/ddiv_64ns_64ns_64_14_no_dsp_1_U7/md_kernel_ddiv_64ns_64ns_64_14_no_dsp_1_ip_u/inst/i_synth/DIV_OP.SPD.OP/MANT_DIV/RT[38].ADDSUB/ADDSUB/CHAIN_GEN[47].C_MUX.CARRY_MUX_n_0
    SLICE_X40Y87         CARRY8 (Prop_CARRY8_SLICEL_CI_O[5])
                                                      0.116     5.149 r  bd_0_i/hls_inst/inst/ddiv_64ns_64ns_64_14_no_dsp_1_U7/md_kernel_ddiv_64ns_64ns_64_14_no_dsp_1_ip_u/inst/i_synth/DIV_OP.SPD.OP/MANT_DIV/RT[38].ADDSUB/ADDSUB/CHAIN_GEN[48].C_MUX.CARRY_MUX_CARRY4_CARRY8/O[5]
                         net (fo=56, routed)          0.622     5.771    bd_0_i/hls_inst/inst/ddiv_64ns_64ns_64_14_no_dsp_1_U7/md_kernel_ddiv_64ns_64ns_64_14_no_dsp_1_ip_u/inst/i_synth/DIV_OP.SPD.OP/MANT_DIV/RT[38].ADDSUB/ADDSUB/Q[52]
    SLICE_X39Y82         LUT3 (Prop_H6LUT_SLICEM_I0_O)
                                                      0.152     5.923 r  bd_0_i/hls_inst/inst/ddiv_64ns_64ns_64_14_no_dsp_1_U7/md_kernel_ddiv_64ns_64ns_64_14_no_dsp_1_ip_u/inst/i_synth/DIV_OP.SPD.OP/MANT_DIV/RT[38].ADDSUB/ADDSUB/CHAIN_GEN[7].C_MUX.CARRY_MUX_i_1__38/O
                         net (fo=1, routed)           0.015     5.938    bd_0_i/hls_inst/inst/ddiv_64ns_64ns_64_14_no_dsp_1_U7/md_kernel_ddiv_64ns_64ns_64_14_no_dsp_1_ip_u/inst/i_synth/DIV_OP.SPD.OP/MANT_DIV/RT[39].ADDSUB/ADDSUB/a_xor_b_sub[7]
    SLICE_X39Y82         CARRY8 (Prop_CARRY8_SLICEM_S[7]_CO[7])
                                                      0.117     6.055 r  bd_0_i/hls_inst/inst/ddiv_64ns_64ns_64_14_no_dsp_1_U7/md_kernel_ddiv_64ns_64ns_64_14_no_dsp_1_ip_u/inst/i_synth/DIV_OP.SPD.OP/MANT_DIV/RT[39].ADDSUB/ADDSUB/CHAIN_GEN[0].C_MUX.CARRY_MUX_CARRY4_CARRY8/CO[7]
                         net (fo=1, routed)           0.026     6.081    bd_0_i/hls_inst/inst/ddiv_64ns_64ns_64_14_no_dsp_1_U7/md_kernel_ddiv_64ns_64ns_64_14_no_dsp_1_ip_u/inst/i_synth/DIV_OP.SPD.OP/MANT_DIV/RT[39].ADDSUB/ADDSUB/CHAIN_GEN[7].C_MUX.CARRY_MUX_n_0
    SLICE_X39Y83         CARRY8 (Prop_CARRY8_SLICEM_CI_CO[7])
                                                      0.015     6.096 r  bd_0_i/hls_inst/inst/ddiv_64ns_64ns_64_14_no_dsp_1_U7/md_kernel_ddiv_64ns_64ns_64_14_no_dsp_1_ip_u/inst/i_synth/DIV_OP.SPD.OP/MANT_DIV/RT[39].ADDSUB/ADDSUB/CHAIN_GEN[8].C_MUX.CARRY_MUX_CARRY4_CARRY8/CO[7]
                         net (fo=1, routed)           0.026     6.122    bd_0_i/hls_inst/inst/ddiv_64ns_64ns_64_14_no_dsp_1_U7/md_kernel_ddiv_64ns_64ns_64_14_no_dsp_1_ip_u/inst/i_synth/DIV_OP.SPD.OP/MANT_DIV/RT[39].ADDSUB/ADDSUB/CHAIN_GEN[15].C_MUX.CARRY_MUX_n_0
    SLICE_X39Y84         CARRY8 (Prop_CARRY8_SLICEM_CI_CO[7])
                                                      0.015     6.137 r  bd_0_i/hls_inst/inst/ddiv_64ns_64ns_64_14_no_dsp_1_U7/md_kernel_ddiv_64ns_64ns_64_14_no_dsp_1_ip_u/inst/i_synth/DIV_OP.SPD.OP/MANT_DIV/RT[39].ADDSUB/ADDSUB/CHAIN_GEN[16].C_MUX.CARRY_MUX_CARRY4_CARRY8/CO[7]
                         net (fo=1, routed)           0.026     6.163    bd_0_i/hls_inst/inst/ddiv_64ns_64ns_64_14_no_dsp_1_U7/md_kernel_ddiv_64ns_64ns_64_14_no_dsp_1_ip_u/inst/i_synth/DIV_OP.SPD.OP/MANT_DIV/RT[39].ADDSUB/ADDSUB/CHAIN_GEN[23].C_MUX.CARRY_MUX_n_0
    SLICE_X39Y85         CARRY8 (Prop_CARRY8_SLICEM_CI_CO[7])
                                                      0.015     6.178 r  bd_0_i/hls_inst/inst/ddiv_64ns_64ns_64_14_no_dsp_1_U7/md_kernel_ddiv_64ns_64ns_64_14_no_dsp_1_ip_u/inst/i_synth/DIV_OP.SPD.OP/MANT_DIV/RT[39].ADDSUB/ADDSUB/CHAIN_GEN[24].C_MUX.CARRY_MUX_CARRY4_CARRY8/CO[7]
                         net (fo=1, routed)           0.026     6.204    bd_0_i/hls_inst/inst/ddiv_64ns_64ns_64_14_no_dsp_1_U7/md_kernel_ddiv_64ns_64ns_64_14_no_dsp_1_ip_u/inst/i_synth/DIV_OP.SPD.OP/MANT_DIV/RT[39].ADDSUB/ADDSUB/CHAIN_GEN[31].C_MUX.CARRY_MUX_n_0
    SLICE_X39Y86         CARRY8 (Prop_CARRY8_SLICEM_CI_CO[7])
                                                      0.015     6.219 r  bd_0_i/hls_inst/inst/ddiv_64ns_64ns_64_14_no_dsp_1_U7/md_kernel_ddiv_64ns_64ns_64_14_no_dsp_1_ip_u/inst/i_synth/DIV_OP.SPD.OP/MANT_DIV/RT[39].ADDSUB/ADDSUB/CHAIN_GEN[32].C_MUX.CARRY_MUX_CARRY4_CARRY8/CO[7]
                         net (fo=1, routed)           0.026     6.245    bd_0_i/hls_inst/inst/ddiv_64ns_64ns_64_14_no_dsp_1_U7/md_kernel_ddiv_64ns_64ns_64_14_no_dsp_1_ip_u/inst/i_synth/DIV_OP.SPD.OP/MANT_DIV/RT[39].ADDSUB/ADDSUB/CHAIN_GEN[39].C_MUX.CARRY_MUX_n_0
    SLICE_X39Y87         CARRY8 (Prop_CARRY8_SLICEM_CI_O[4])
                                                      0.086     6.331 r  bd_0_i/hls_inst/inst/ddiv_64ns_64ns_64_14_no_dsp_1_U7/md_kernel_ddiv_64ns_64ns_64_14_no_dsp_1_ip_u/inst/i_synth/DIV_OP.SPD.OP/MANT_DIV/RT[39].ADDSUB/ADDSUB/CHAIN_GEN[40].C_MUX.CARRY_MUX_CARRY4_CARRY8/O[4]
                         net (fo=1, routed)           0.025     6.356    bd_0_i/hls_inst/inst/ddiv_64ns_64ns_64_14_no_dsp_1_U7/md_kernel_ddiv_64ns_64ns_64_14_no_dsp_1_ip_u/inst/i_synth/DIV_OP.SPD.OP/MANT_DIV/RT[39].ADDSUB/ADDSUB/Q_DEL/i_pipe/q_int[44]
    SLICE_X39Y87         FDRE                                         r  bd_0_i/hls_inst/inst/ddiv_64ns_64ns_64_14_no_dsp_1_U7/md_kernel_ddiv_64ns_64ns_64_14_no_dsp_1_ip_u/inst/i_synth/DIV_OP.SPD.OP/MANT_DIV/RT[39].ADDSUB/ADDSUB/Q_DEL/i_pipe/opt_has_pipe.first_q_reg[44]/D
  -------------------------------------------------------------------    -------------------

                         (clock ap_clk rise edge)     8.000     8.000 r  
                                                      0.000     8.000 r  ap_clk (IN)
                         net (fo=4330, unset)         0.021     8.021    bd_0_i/hls_inst/inst/ddiv_64ns_64ns_64_14_no_dsp_1_U7/md_kernel_ddiv_64ns_64ns_64_14_no_dsp_1_ip_u/inst/i_synth/DIV_OP.SPD.OP/MANT_DIV/RT[39].ADDSUB/ADDSUB/Q_DEL/i_pipe/aclk
    SLICE_X39Y87         FDRE                                         r  bd_0_i/hls_inst/inst/ddiv_64ns_64ns_64_14_no_dsp_1_U7/md_kernel_ddiv_64ns_64ns_64_14_no_dsp_1_ip_u/inst/i_synth/DIV_OP.SPD.OP/MANT_DIV/RT[39].ADDSUB/ADDSUB/Q_DEL/i_pipe/opt_has_pipe.first_q_reg[44]/C
                         clock pessimism              0.000     8.021    
                         clock uncertainty           -0.035     7.986    
    SLICE_X39Y87         FDRE (Setup_EFF_SLICEM_C_D)
                                                      0.025     8.011    bd_0_i/hls_inst/inst/ddiv_64ns_64ns_64_14_no_dsp_1_U7/md_kernel_ddiv_64ns_64ns_64_14_no_dsp_1_ip_u/inst/i_synth/DIV_OP.SPD.OP/MANT_DIV/RT[39].ADDSUB/ADDSUB/Q_DEL/i_pipe/opt_has_pipe.first_q_reg[44]
  -------------------------------------------------------------------
                         required time                          8.011    
                         arrival time                          -6.356    
  -------------------------------------------------------------------
                         slack                                  1.655    





Min Delay Paths
--------------------------------------------------------------------------------------
Slack (MET) :             0.029ns  (arrival time - required time)
  Source:                 bd_0_i/hls_inst/inst/reg_272_reg[36]/C
                            (rising edge-triggered cell FDRE clocked by ap_clk  {rise@0.000ns fall@4.000ns period=8.000ns})
  Destination:            bd_0_i/hls_inst/inst/dmul_64ns_64ns_64_4_max_dsp_1_U6/din1_buf1_reg[36]/D
                            (rising edge-triggered cell FDRE clocked by ap_clk  {rise@0.000ns fall@4.000ns period=8.000ns})
  Path Group:             ap_clk
  Path Type:              Hold (Min at Fast Process Corner)
  Requirement:            0.000ns  (ap_clk rise@0.000ns - ap_clk rise@0.000ns)
  Data Path Delay:        0.082ns  (logic 0.039ns (47.746%)  route 0.043ns (52.254%))
  Logic Levels:           0  
  Clock Path Skew:        0.006ns (DCD - SCD - CPR)
    Destination Clock Delay (DCD):    0.019ns
    Source Clock Delay      (SCD):    0.013ns
    Clock Pessimism Removal (CPR):    -0.000ns

    Location             Delay type                Incr(ns)  Path(ns)    Netlist Resource(s)
  -------------------------------------------------------------------    -------------------
                         (clock ap_clk rise edge)     0.000     0.000 r  
                                                      0.000     0.000 r  ap_clk (IN)
                         net (fo=4330, unset)         0.013     0.013    bd_0_i/hls_inst/inst/ap_clk
    SLICE_X53Y131        FDRE                                         r  bd_0_i/hls_inst/inst/reg_272_reg[36]/C
  -------------------------------------------------------------------    -------------------
    SLICE_X53Y131        FDRE (Prop_HFF_SLICEM_C_Q)
                                                      0.039     0.052 r  bd_0_i/hls_inst/inst/reg_272_reg[36]/Q
                         net (fo=6, routed)           0.043     0.095    bd_0_i/hls_inst/inst/dmul_64ns_64ns_64_4_max_dsp_1_U6/din1_buf1_reg[63]_0[36]
    SLICE_X53Y131        FDRE                                         r  bd_0_i/hls_inst/inst/dmul_64ns_64ns_64_4_max_dsp_1_U6/din1_buf1_reg[36]/D
  -------------------------------------------------------------------    -------------------

                         (clock ap_clk rise edge)     0.000     0.000 r  
                                                      0.000     0.000 r  ap_clk (IN)
                         net (fo=4330, unset)         0.019     0.019    bd_0_i/hls_inst/inst/dmul_64ns_64ns_64_4_max_dsp_1_U6/ap_clk
    SLICE_X53Y131        FDRE                                         r  bd_0_i/hls_inst/inst/dmul_64ns_64ns_64_4_max_dsp_1_U6/din1_buf1_reg[36]/C
                         clock pessimism              0.000     0.019    
    SLICE_X53Y131        FDRE (Hold_EFF2_SLICEM_C_D)
                                                      0.047     0.066    bd_0_i/hls_inst/inst/dmul_64ns_64ns_64_4_max_dsp_1_U6/din1_buf1_reg[36]
  -------------------------------------------------------------------
                         required time                         -0.066    
                         arrival time                           0.095    
  -------------------------------------------------------------------
                         slack                                  0.029    

Slack (MET) :             0.038ns  (arrival time - required time)
  Source:                 bd_0_i/hls_inst/inst/dely_reg_523_reg[29]/C
                            (rising edge-triggered cell FDRE clocked by ap_clk  {rise@0.000ns fall@4.000ns period=8.000ns})
  Destination:            bd_0_i/hls_inst/inst/dmul_64ns_64ns_64_4_max_dsp_1_U5/din1_buf1_reg[29]/D
                            (rising edge-triggered cell FDRE clocked by ap_clk  {rise@0.000ns fall@4.000ns period=8.000ns})
  Path Group:             ap_clk
  Path Type:              Hold (Min at Fast Process Corner)
  Requirement:            0.000ns  (ap_clk rise@0.000ns - ap_clk rise@0.000ns)
  Data Path Delay:        0.090ns  (logic 0.059ns (65.666%)  route 0.031ns (34.334%))
  Logic Levels:           1  (LUT3=1)
  Clock Path Skew:        0.005ns (DCD - SCD - CPR)
    Destination Clock Delay (DCD):    0.018ns
    Source Clock Delay      (SCD):    0.013ns
    Clock Pessimism Removal (CPR):    -0.000ns

    Location             Delay type                Incr(ns)  Path(ns)    Netlist Resource(s)
  -------------------------------------------------------------------    -------------------
                         (clock ap_clk rise edge)     0.000     0.000 r  
                                                      0.000     0.000 r  ap_clk (IN)
                         net (fo=4330, unset)         0.013     0.013    bd_0_i/hls_inst/inst/ap_clk
    SLICE_X40Y120        FDRE                                         r  bd_0_i/hls_inst/inst/dely_reg_523_reg[29]/C
  -------------------------------------------------------------------    -------------------
    SLICE_X40Y120        FDRE (Prop_GFF_SLICEL_C_Q)
                                                      0.039     0.052 r  bd_0_i/hls_inst/inst/dely_reg_523_reg[29]/Q
                         net (fo=2, routed)           0.025     0.077    bd_0_i/hls_inst/inst/dmul_64ns_64ns_64_4_max_dsp_1_U5/din0_buf1_reg[63]_0[29]
    SLICE_X40Y120        LUT3 (Prop_D5LUT_SLICEL_I2_O)
                                                      0.020     0.097 r  bd_0_i/hls_inst/inst/dmul_64ns_64ns_64_4_max_dsp_1_U5/din1_buf1[29]_i_1__3/O
                         net (fo=1, routed)           0.006     0.103    bd_0_i/hls_inst/inst/dmul_64ns_64ns_64_4_max_dsp_1_U5/grp_fu_258_p1[29]
    SLICE_X40Y120        FDRE                                         r  bd_0_i/hls_inst/inst/dmul_64ns_64ns_64_4_max_dsp_1_U5/din1_buf1_reg[29]/D
  -------------------------------------------------------------------    -------------------

                         (clock ap_clk rise edge)     0.000     0.000 r  
                                                      0.000     0.000 r  ap_clk (IN)
                         net (fo=4330, unset)         0.018     0.018    bd_0_i/hls_inst/inst/dmul_64ns_64ns_64_4_max_dsp_1_U5/ap_clk
    SLICE_X40Y120        FDRE                                         r  bd_0_i/hls_inst/inst/dmul_64ns_64ns_64_4_max_dsp_1_U5/din1_buf1_reg[29]/C
                         clock pessimism              0.000     0.018    
    SLICE_X40Y120        FDRE (Hold_DFF2_SLICEL_C_D)
                                                      0.047     0.065    bd_0_i/hls_inst/inst/dmul_64ns_64ns_64_4_max_dsp_1_U5/din1_buf1_reg[29]
  -------------------------------------------------------------------
                         required time                         -0.065    
                         arrival time                           0.103    
  -------------------------------------------------------------------
                         slack                                  0.038    

Slack (MET) :             0.040ns  (arrival time - required time)
  Source:                 bd_0_i/hls_inst/inst/dely_reg_523_reg[1]/C
                            (rising edge-triggered cell FDRE clocked by ap_clk  {rise@0.000ns fall@4.000ns period=8.000ns})
  Destination:            bd_0_i/hls_inst/inst/dmul_64ns_64ns_64_4_max_dsp_1_U5/din1_buf1_reg[1]/D
                            (rising edge-triggered cell FDRE clocked by ap_clk  {rise@0.000ns fall@4.000ns period=8.000ns})
  Path Group:             ap_clk
  Path Type:              Hold (Min at Fast Process Corner)
  Requirement:            0.000ns  (ap_clk rise@0.000ns - ap_clk rise@0.000ns)
  Data Path Delay:        0.092ns  (logic 0.059ns (64.352%)  route 0.033ns (35.648%))
  Logic Levels:           1  (LUT3=1)
  Clock Path Skew:        0.005ns (DCD - SCD - CPR)
    Destination Clock Delay (DCD):    0.018ns
    Source Clock Delay      (SCD):    0.013ns
    Clock Pessimism Removal (CPR):    -0.000ns

    Location             Delay type                Incr(ns)  Path(ns)    Netlist Resource(s)
  -------------------------------------------------------------------    -------------------
                         (clock ap_clk rise edge)     0.000     0.000 r  
                                                      0.000     0.000 r  ap_clk (IN)
                         net (fo=4330, unset)         0.013     0.013    bd_0_i/hls_inst/inst/ap_clk
    SLICE_X47Y117        FDRE                                         r  bd_0_i/hls_inst/inst/dely_reg_523_reg[1]/C
  -------------------------------------------------------------------    -------------------
    SLICE_X47Y117        FDRE (Prop_GFF_SLICEL_C_Q)
                                                      0.039     0.052 r  bd_0_i/hls_inst/inst/dely_reg_523_reg[1]/Q
                         net (fo=2, routed)           0.027     0.079    bd_0_i/hls_inst/inst/dmul_64ns_64ns_64_4_max_dsp_1_U5/din0_buf1_reg[63]_0[1]
    SLICE_X47Y117        LUT3 (Prop_D5LUT_SLICEL_I2_O)
                                                      0.020     0.099 r  bd_0_i/hls_inst/inst/dmul_64ns_64ns_64_4_max_dsp_1_U5/din1_buf1[1]_i_1__3/O
                         net (fo=1, routed)           0.006     0.105    bd_0_i/hls_inst/inst/dmul_64ns_64ns_64_4_max_dsp_1_U5/grp_fu_258_p1[1]
    SLICE_X47Y117        FDRE                                         r  bd_0_i/hls_inst/inst/dmul_64ns_64ns_64_4_max_dsp_1_U5/din1_buf1_reg[1]/D
  -------------------------------------------------------------------    -------------------

                         (clock ap_clk rise edge)     0.000     0.000 r  
                                                      0.000     0.000 r  ap_clk (IN)
                         net (fo=4330, unset)         0.018     0.018    bd_0_i/hls_inst/inst/dmul_64ns_64ns_64_4_max_dsp_1_U5/ap_clk
    SLICE_X47Y117        FDRE                                         r  bd_0_i/hls_inst/inst/dmul_64ns_64ns_64_4_max_dsp_1_U5/din1_buf1_reg[1]/C
                         clock pessimism              0.000     0.018    
    SLICE_X47Y117        FDRE (Hold_DFF2_SLICEL_C_D)
                                                      0.047     0.065    bd_0_i/hls_inst/inst/dmul_64ns_64ns_64_4_max_dsp_1_U5/din1_buf1_reg[1]
  -------------------------------------------------------------------
                         required time                         -0.065    
                         arrival time                           0.105    
  -------------------------------------------------------------------
                         slack                                  0.040    

Slack (MET) :             0.040ns  (arrival time - required time)
  Source:                 bd_0_i/hls_inst/inst/dely_reg_523_reg[33]/C
                            (rising edge-triggered cell FDRE clocked by ap_clk  {rise@0.000ns fall@4.000ns period=8.000ns})
  Destination:            bd_0_i/hls_inst/inst/dmul_64ns_64ns_64_4_max_dsp_1_U5/din1_buf1_reg[33]/D
                            (rising edge-triggered cell FDRE clocked by ap_clk  {rise@0.000ns fall@4.000ns period=8.000ns})
  Path Group:             ap_clk
  Path Type:              Hold (Min at Fast Process Corner)
  Requirement:            0.000ns  (ap_clk rise@0.000ns - ap_clk rise@0.000ns)
  Data Path Delay:        0.092ns  (logic 0.059ns (64.352%)  route 0.033ns (35.648%))
  Logic Levels:           1  (LUT3=1)
  Clock Path Skew:        0.005ns (DCD - SCD - CPR)
    Destination Clock Delay (DCD):    0.018ns
    Source Clock Delay      (SCD):    0.013ns
    Clock Pessimism Removal (CPR):    -0.000ns

    Location             Delay type                Incr(ns)  Path(ns)    Netlist Resource(s)
  -------------------------------------------------------------------    -------------------
                         (clock ap_clk rise edge)     0.000     0.000 r  
                                                      0.000     0.000 r  ap_clk (IN)
                         net (fo=4330, unset)         0.013     0.013    bd_0_i/hls_inst/inst/ap_clk
    SLICE_X40Y119        FDRE                                         r  bd_0_i/hls_inst/inst/dely_reg_523_reg[33]/C
  -------------------------------------------------------------------    -------------------
    SLICE_X40Y119        FDRE (Prop_GFF_SLICEL_C_Q)
                                                      0.039     0.052 r  bd_0_i/hls_inst/inst/dely_reg_523_reg[33]/Q
                         net (fo=2, routed)           0.027     0.079    bd_0_i/hls_inst/inst/dmul_64ns_64ns_64_4_max_dsp_1_U5/din0_buf1_reg[63]_0[33]
    SLICE_X40Y119        LUT3 (Prop_D5LUT_SLICEL_I2_O)
                                                      0.020     0.099 r  bd_0_i/hls_inst/inst/dmul_64ns_64ns_64_4_max_dsp_1_U5/din1_buf1[33]_i_1__3/O
                         net (fo=1, routed)           0.006     0.105    bd_0_i/hls_inst/inst/dmul_64ns_64ns_64_4_max_dsp_1_U5/grp_fu_258_p1[33]
    SLICE_X40Y119        FDRE                                         r  bd_0_i/hls_inst/inst/dmul_64ns_64ns_64_4_max_dsp_1_U5/din1_buf1_reg[33]/D
  -------------------------------------------------------------------    -------------------

                         (clock ap_clk rise edge)     0.000     0.000 r  
                                                      0.000     0.000 r  ap_clk (IN)
                         net (fo=4330, unset)         0.018     0.018    bd_0_i/hls_inst/inst/dmul_64ns_64ns_64_4_max_dsp_1_U5/ap_clk
    SLICE_X40Y119        FDRE                                         r  bd_0_i/hls_inst/inst/dmul_64ns_64ns_64_4_max_dsp_1_U5/din1_buf1_reg[33]/C
                         clock pessimism              0.000     0.018    
    SLICE_X40Y119        FDRE (Hold_DFF2_SLICEL_C_D)
                                                      0.047     0.065    bd_0_i/hls_inst/inst/dmul_64ns_64ns_64_4_max_dsp_1_U5/din1_buf1_reg[33]
  -------------------------------------------------------------------
                         required time                         -0.065    
                         arrival time                           0.105    
  -------------------------------------------------------------------
                         slack                                  0.040    

Slack (MET) :             0.041ns  (arrival time - required time)
  Source:                 bd_0_i/hls_inst/inst/dmul_64ns_64ns_64_4_max_dsp_1_U5/md_kernel_dmul_64ns_64ns_64_4_max_dsp_1_ip_u/inst/i_synth/MULT.OP/i_non_prim.OP/RESULT_REG.NORMAL.mant_op_reg[8]/C
                            (rising edge-triggered cell FDRE clocked by ap_clk  {rise@0.000ns fall@4.000ns period=8.000ns})
  Destination:            bd_0_i/hls_inst/inst/reg_282_reg[8]/D
                            (rising edge-triggered cell FDRE clocked by ap_clk  {rise@0.000ns fall@4.000ns period=8.000ns})
  Path Group:             ap_clk
  Path Type:              Hold (Min at Fast Process Corner)
  Requirement:            0.000ns  (ap_clk rise@0.000ns - ap_clk rise@0.000ns)
  Data Path Delay:        0.094ns  (logic 0.039ns (41.489%)  route 0.055ns (58.511%))
  Logic Levels:           0  
  Clock Path Skew:        0.006ns (DCD - SCD - CPR)
    Destination Clock Delay (DCD):    0.019ns
    Source Clock Delay      (SCD):    0.013ns
    Clock Pessimism Removal (CPR):    -0.000ns

    Location             Delay type                Incr(ns)  Path(ns)    Netlist Resource(s)
  -------------------------------------------------------------------    -------------------
                         (clock ap_clk rise edge)     0.000     0.000 r  
                                                      0.000     0.000 r  ap_clk (IN)
                         net (fo=4330, unset)         0.013     0.013    bd_0_i/hls_inst/inst/dmul_64ns_64ns_64_4_max_dsp_1_U5/md_kernel_dmul_64ns_64ns_64_4_max_dsp_1_ip_u/inst/i_synth/MULT.OP/i_non_prim.OP/aclk
    SLICE_X43Y125        FDRE                                         r  bd_0_i/hls_inst/inst/dmul_64ns_64ns_64_4_max_dsp_1_U5/md_kernel_dmul_64ns_64ns_64_4_max_dsp_1_ip_u/inst/i_synth/MULT.OP/i_non_prim.OP/RESULT_REG.NORMAL.mant_op_reg[8]/C
  -------------------------------------------------------------------    -------------------
    SLICE_X43Y125        FDRE (Prop_HFF_SLICEL_C_Q)
                                                      0.039     0.052 r  bd_0_i/hls_inst/inst/dmul_64ns_64ns_64_4_max_dsp_1_U5/md_kernel_dmul_64ns_64ns_64_4_max_dsp_1_ip_u/inst/i_synth/MULT.OP/i_non_prim.OP/RESULT_REG.NORMAL.mant_op_reg[8]/Q
                         net (fo=1, routed)           0.055     0.107    bd_0_i/hls_inst/inst/grp_fu_258_p2[8]
    SLICE_X43Y124        FDRE                                         r  bd_0_i/hls_inst/inst/reg_282_reg[8]/D
  -------------------------------------------------------------------    -------------------

                         (clock ap_clk rise edge)     0.000     0.000 r  
                                                      0.000     0.000 r  ap_clk (IN)
                         net (fo=4330, unset)         0.019     0.019    bd_0_i/hls_inst/inst/ap_clk
    SLICE_X43Y124        FDRE                                         r  bd_0_i/hls_inst/inst/reg_282_reg[8]/C
                         clock pessimism              0.000     0.019    
    SLICE_X43Y124        FDRE (Hold_GFF2_SLICEL_C_D)
                                                      0.047     0.066    bd_0_i/hls_inst/inst/reg_282_reg[8]
  -------------------------------------------------------------------
                         required time                         -0.066    
                         arrival time                           0.107    
  -------------------------------------------------------------------
                         slack                                  0.041    

Slack (MET) :             0.042ns  (arrival time - required time)
  Source:                 bd_0_i/hls_inst/inst/dmul_64ns_64ns_64_4_max_dsp_1_U5/md_kernel_dmul_64ns_64ns_64_4_max_dsp_1_ip_u/inst/i_synth/MULT.OP/i_non_prim.OP/RESULT_REG.NORMAL.mant_op_reg[47]/C
                            (rising edge-triggered cell FDRE clocked by ap_clk  {rise@0.000ns fall@4.000ns period=8.000ns})
  Destination:            bd_0_i/hls_inst/inst/reg_282_reg[47]/D
                            (rising edge-triggered cell FDRE clocked by ap_clk  {rise@0.000ns fall@4.000ns period=8.000ns})
  Path Group:             ap_clk
  Path Type:              Hold (Min at Fast Process Corner)
  Requirement:            0.000ns  (ap_clk rise@0.000ns - ap_clk rise@0.000ns)
  Data Path Delay:        0.096ns  (logic 0.039ns (40.625%)  route 0.057ns (59.375%))
  Logic Levels:           0  
  Clock Path Skew:        0.007ns (DCD - SCD - CPR)
    Destination Clock Delay (DCD):    0.019ns
    Source Clock Delay      (SCD):    0.012ns
    Clock Pessimism Removal (CPR):    -0.000ns

    Location             Delay type                Incr(ns)  Path(ns)    Netlist Resource(s)
  -------------------------------------------------------------------    -------------------
                         (clock ap_clk rise edge)     0.000     0.000 r  
                                                      0.000     0.000 r  ap_clk (IN)
                         net (fo=4330, unset)         0.012     0.012    bd_0_i/hls_inst/inst/dmul_64ns_64ns_64_4_max_dsp_1_U5/md_kernel_dmul_64ns_64ns_64_4_max_dsp_1_ip_u/inst/i_synth/MULT.OP/i_non_prim.OP/aclk
    SLICE_X36Y128        FDRE                                         r  bd_0_i/hls_inst/inst/dmul_64ns_64ns_64_4_max_dsp_1_U5/md_kernel_dmul_64ns_64ns_64_4_max_dsp_1_ip_u/inst/i_synth/MULT.OP/i_non_prim.OP/RESULT_REG.NORMAL.mant_op_reg[47]/C
  -------------------------------------------------------------------    -------------------
    SLICE_X36Y128        FDRE (Prop_BFF_SLICEL_C_Q)
                                                      0.039     0.051 r  bd_0_i/hls_inst/inst/dmul_64ns_64ns_64_4_max_dsp_1_U5/md_kernel_dmul_64ns_64ns_64_4_max_dsp_1_ip_u/inst/i_synth/MULT.OP/i_non_prim.OP/RESULT_REG.NORMAL.mant_op_reg[47]/Q
                         net (fo=1, routed)           0.057     0.108    bd_0_i/hls_inst/inst/grp_fu_258_p2[47]
    SLICE_X36Y126        FDRE                                         r  bd_0_i/hls_inst/inst/reg_282_reg[47]/D
  -------------------------------------------------------------------    -------------------

                         (clock ap_clk rise edge)     0.000     0.000 r  
                                                      0.000     0.000 r  ap_clk (IN)
                         net (fo=4330, unset)         0.019     0.019    bd_0_i/hls_inst/inst/ap_clk
    SLICE_X36Y126        FDRE                                         r  bd_0_i/hls_inst/inst/reg_282_reg[47]/C
                         clock pessimism              0.000     0.019    
    SLICE_X36Y126        FDRE (Hold_HFF2_SLICEL_C_D)
                                                      0.047     0.066    bd_0_i/hls_inst/inst/reg_282_reg[47]
  -------------------------------------------------------------------
                         required time                         -0.066    
                         arrival time                           0.108    
  -------------------------------------------------------------------
                         slack                                  0.042    

Slack (MET) :             0.043ns  (arrival time - required time)
  Source:                 bd_0_i/hls_inst/inst/dmul_64ns_64ns_64_4_max_dsp_1_U6/md_kernel_dmul_64ns_64ns_64_4_max_dsp_1_ip_u/inst/i_synth/MULT.OP/i_non_prim.OP/RESULT_REG.NORMAL.exp_op_reg[4]/C
                            (rising edge-triggered cell FDRE clocked by ap_clk  {rise@0.000ns fall@4.000ns period=8.000ns})
  Destination:            bd_0_i/hls_inst/inst/mul4_reg_547_reg[56]/D
                            (rising edge-triggered cell FDRE clocked by ap_clk  {rise@0.000ns fall@4.000ns period=8.000ns})
  Path Group:             ap_clk
  Path Type:              Hold (Min at Fast Process Corner)
  Requirement:            0.000ns  (ap_clk rise@0.000ns - ap_clk rise@0.000ns)
  Data Path Delay:        0.096ns  (logic 0.039ns (40.625%)  route 0.057ns (59.375%))
  Logic Levels:           0  
  Clock Path Skew:        0.006ns (DCD - SCD - CPR)
    Destination Clock Delay (DCD):    0.018ns
    Source Clock Delay      (SCD):    0.012ns
    Clock Pessimism Removal (CPR):    -0.000ns

    Location             Delay type                Incr(ns)  Path(ns)    Netlist Resource(s)
  -------------------------------------------------------------------    -------------------
                         (clock ap_clk rise edge)     0.000     0.000 r  
                                                      0.000     0.000 r  ap_clk (IN)
                         net (fo=4330, unset)         0.012     0.012    bd_0_i/hls_inst/inst/dmul_64ns_64ns_64_4_max_dsp_1_U6/md_kernel_dmul_64ns_64ns_64_4_max_dsp_1_ip_u/inst/i_synth/MULT.OP/i_non_prim.OP/aclk
    SLICE_X43Y151        FDRE                                         r  bd_0_i/hls_inst/inst/dmul_64ns_64ns_64_4_max_dsp_1_U6/md_kernel_dmul_64ns_64ns_64_4_max_dsp_1_ip_u/inst/i_synth/MULT.OP/i_non_prim.OP/RESULT_REG.NORMAL.exp_op_reg[4]/C
  -------------------------------------------------------------------    -------------------
    SLICE_X43Y151        FDRE (Prop_BFF_SLICEL_C_Q)
                                                      0.039     0.051 r  bd_0_i/hls_inst/inst/dmul_64ns_64ns_64_4_max_dsp_1_U6/md_kernel_dmul_64ns_64ns_64_4_max_dsp_1_ip_u/inst/i_synth/MULT.OP/i_non_prim.OP/RESULT_REG.NORMAL.exp_op_reg[4]/Q
                         net (fo=1, routed)           0.057     0.108    bd_0_i/hls_inst/inst/grp_fu_263_p2[56]
    SLICE_X43Y150        FDRE                                         r  bd_0_i/hls_inst/inst/mul4_reg_547_reg[56]/D
  -------------------------------------------------------------------    -------------------

                         (clock ap_clk rise edge)     0.000     0.000 r  
                                                      0.000     0.000 r  ap_clk (IN)
                         net (fo=4330, unset)         0.018     0.018    bd_0_i/hls_inst/inst/ap_clk
    SLICE_X43Y150        FDRE                                         r  bd_0_i/hls_inst/inst/mul4_reg_547_reg[56]/C
                         clock pessimism              0.000     0.018    
    SLICE_X43Y150        FDRE (Hold_BFF2_SLICEL_C_D)
                                                      0.047     0.065    bd_0_i/hls_inst/inst/mul4_reg_547_reg[56]
  -------------------------------------------------------------------
                         required time                         -0.065    
                         arrival time                           0.108    
  -------------------------------------------------------------------
                         slack                                  0.043    

Slack (MET) :             0.043ns  (arrival time - required time)
  Source:                 bd_0_i/hls_inst/inst/dmul_64ns_64ns_64_4_max_dsp_1_U6/md_kernel_dmul_64ns_64ns_64_4_max_dsp_1_ip_u/inst/i_synth/MULT.OP/i_non_prim.OP/RESULT_REG.NORMAL.mant_op_reg[20]/C
                            (rising edge-triggered cell FDRE clocked by ap_clk  {rise@0.000ns fall@4.000ns period=8.000ns})
  Destination:            bd_0_i/hls_inst/inst/mul4_reg_547_reg[20]/D
                            (rising edge-triggered cell FDRE clocked by ap_clk  {rise@0.000ns fall@4.000ns period=8.000ns})
  Path Group:             ap_clk
  Path Type:              Hold (Min at Fast Process Corner)
  Requirement:            0.000ns  (ap_clk rise@0.000ns - ap_clk rise@0.000ns)
  Data Path Delay:        0.097ns  (logic 0.039ns (40.206%)  route 0.058ns (59.794%))
  Logic Levels:           0  
  Clock Path Skew:        0.007ns (DCD - SCD - CPR)
    Destination Clock Delay (DCD):    0.019ns
    Source Clock Delay      (SCD):    0.012ns
    Clock Pessimism Removal (CPR):    -0.000ns

    Location             Delay type                Incr(ns)  Path(ns)    Netlist Resource(s)
  -------------------------------------------------------------------    -------------------
                         (clock ap_clk rise edge)     0.000     0.000 r  
                                                      0.000     0.000 r  ap_clk (IN)
                         net (fo=4330, unset)         0.012     0.012    bd_0_i/hls_inst/inst/dmul_64ns_64ns_64_4_max_dsp_1_U6/md_kernel_dmul_64ns_64ns_64_4_max_dsp_1_ip_u/inst/i_synth/MULT.OP/i_non_prim.OP/aclk
    SLICE_X51Y142        FDRE                                         r  bd_0_i/hls_inst/inst/dmul_64ns_64ns_64_4_max_dsp_1_U6/md_kernel_dmul_64ns_64ns_64_4_max_dsp_1_ip_u/inst/i_synth/MULT.OP/i_non_prim.OP/RESULT_REG.NORMAL.mant_op_reg[20]/C
  -------------------------------------------------------------------    -------------------
    SLICE_X51Y142        FDRE (Prop_CFF_SLICEL_C_Q)
                                                      0.039     0.051 r  bd_0_i/hls_inst/inst/dmul_64ns_64ns_64_4_max_dsp_1_U6/md_kernel_dmul_64ns_64ns_64_4_max_dsp_1_ip_u/inst/i_synth/MULT.OP/i_non_prim.OP/RESULT_REG.NORMAL.mant_op_reg[20]/Q
                         net (fo=1, routed)           0.058     0.109    bd_0_i/hls_inst/inst/grp_fu_263_p2[20]
    SLICE_X51Y142        FDRE                                         r  bd_0_i/hls_inst/inst/mul4_reg_547_reg[20]/D
  -------------------------------------------------------------------    -------------------

                         (clock ap_clk rise edge)     0.000     0.000 r  
                                                      0.000     0.000 r  ap_clk (IN)
                         net (fo=4330, unset)         0.019     0.019    bd_0_i/hls_inst/inst/ap_clk
    SLICE_X51Y142        FDRE                                         r  bd_0_i/hls_inst/inst/mul4_reg_547_reg[20]/C
                         clock pessimism              0.000     0.019    
    SLICE_X51Y142        FDRE (Hold_FFF2_SLICEL_C_D)
                                                      0.047     0.066    bd_0_i/hls_inst/inst/mul4_reg_547_reg[20]
  -------------------------------------------------------------------
                         required time                         -0.066    
                         arrival time                           0.109    
  -------------------------------------------------------------------
                         slack                                  0.043    

Slack (MET) :             0.044ns  (arrival time - required time)
  Source:                 bd_0_i/hls_inst/inst/dmul_64ns_64ns_64_4_max_dsp_1_U5/md_kernel_dmul_64ns_64ns_64_4_max_dsp_1_ip_u/inst/i_synth/MULT.OP/i_non_prim.OP/RESULT_REG.NORMAL.mant_op_reg[49]/C
                            (rising edge-triggered cell FDRE clocked by ap_clk  {rise@0.000ns fall@4.000ns period=8.000ns})
  Destination:            bd_0_i/hls_inst/inst/reg_282_reg[49]/D
                            (rising edge-triggered cell FDRE clocked by ap_clk  {rise@0.000ns fall@4.000ns period=8.000ns})
  Path Group:             ap_clk
  Path Type:              Hold (Min at Fast Process Corner)
  Requirement:            0.000ns  (ap_clk rise@0.000ns - ap_clk rise@0.000ns)
  Data Path Delay:        0.097ns  (logic 0.039ns (40.206%)  route 0.058ns (59.794%))
  Logic Levels:           0  
  Clock Path Skew:        0.006ns (DCD - SCD - CPR)
    Destination Clock Delay (DCD):    0.019ns
    Source Clock Delay      (SCD):    0.013ns
    Clock Pessimism Removal (CPR):    -0.000ns

    Location             Delay type                Incr(ns)  Path(ns)    Netlist Resource(s)
  -------------------------------------------------------------------    -------------------
                         (clock ap_clk rise edge)     0.000     0.000 r  
                                                      0.000     0.000 r  ap_clk (IN)
                         net (fo=4330, unset)         0.013     0.013    bd_0_i/hls_inst/inst/dmul_64ns_64ns_64_4_max_dsp_1_U5/md_kernel_dmul_64ns_64ns_64_4_max_dsp_1_ip_u/inst/i_synth/MULT.OP/i_non_prim.OP/aclk
    SLICE_X36Y128        FDRE                                         r  bd_0_i/hls_inst/inst/dmul_64ns_64ns_64_4_max_dsp_1_U5/md_kernel_dmul_64ns_64ns_64_4_max_dsp_1_ip_u/inst/i_synth/MULT.OP/i_non_prim.OP/RESULT_REG.NORMAL.mant_op_reg[49]/C
  -------------------------------------------------------------------    -------------------
    SLICE_X36Y128        FDRE (Prop_HFF_SLICEL_C_Q)
                                                      0.039     0.052 r  bd_0_i/hls_inst/inst/dmul_64ns_64ns_64_4_max_dsp_1_U5/md_kernel_dmul_64ns_64ns_64_4_max_dsp_1_ip_u/inst/i_synth/MULT.OP/i_non_prim.OP/RESULT_REG.NORMAL.mant_op_reg[49]/Q
                         net (fo=1, routed)           0.058     0.110    bd_0_i/hls_inst/inst/grp_fu_258_p2[49]
    SLICE_X36Y126        FDRE                                         r  bd_0_i/hls_inst/inst/reg_282_reg[49]/D
  -------------------------------------------------------------------    -------------------

                         (clock ap_clk rise edge)     0.000     0.000 r  
                                                      0.000     0.000 r  ap_clk (IN)
                         net (fo=4330, unset)         0.019     0.019    bd_0_i/hls_inst/inst/ap_clk
    SLICE_X36Y126        FDRE                                         r  bd_0_i/hls_inst/inst/reg_282_reg[49]/C
                         clock pessimism              0.000     0.019    
    SLICE_X36Y126        FDRE (Hold_GFF2_SLICEL_C_D)
                                                      0.047     0.066    bd_0_i/hls_inst/inst/reg_282_reg[49]
  -------------------------------------------------------------------
                         required time                         -0.066    
                         arrival time                           0.110    
  -------------------------------------------------------------------
                         slack                                  0.044    

Slack (MET) :             0.045ns  (arrival time - required time)
  Source:                 bd_0_i/hls_inst/inst/dmul_64ns_64ns_64_4_max_dsp_1_U6/md_kernel_dmul_64ns_64ns_64_4_max_dsp_1_ip_u/inst/i_synth/MULT.OP/i_non_prim.OP/RESULT_REG.NORMAL.exp_op_reg[1]/C
                            (rising edge-triggered cell FDRE clocked by ap_clk  {rise@0.000ns fall@4.000ns period=8.000ns})
  Destination:            bd_0_i/hls_inst/inst/mul4_reg_547_reg[53]/D
                            (rising edge-triggered cell FDRE clocked by ap_clk  {rise@0.000ns fall@4.000ns period=8.000ns})
  Path Group:             ap_clk
  Path Type:              Hold (Min at Fast Process Corner)
  Requirement:            0.000ns  (ap_clk rise@0.000ns - ap_clk rise@0.000ns)
  Data Path Delay:        0.098ns  (logic 0.039ns (39.796%)  route 0.059ns (60.204%))
  Logic Levels:           0  
  Clock Path Skew:        0.006ns (DCD - SCD - CPR)
    Destination Clock Delay (DCD):    0.018ns
    Source Clock Delay      (SCD):    0.012ns
    Clock Pessimism Removal (CPR):    -0.000ns

    Location             Delay type                Incr(ns)  Path(ns)    Netlist Resource(s)
  -------------------------------------------------------------------    -------------------
                         (clock ap_clk rise edge)     0.000     0.000 r  
                                                      0.000     0.000 r  ap_clk (IN)
                         net (fo=4330, unset)         0.012     0.012    bd_0_i/hls_inst/inst/dmul_64ns_64ns_64_4_max_dsp_1_U6/md_kernel_dmul_64ns_64ns_64_4_max_dsp_1_ip_u/inst/i_synth/MULT.OP/i_non_prim.OP/aclk
    SLICE_X43Y151        FDRE                                         r  bd_0_i/hls_inst/inst/dmul_64ns_64ns_64_4_max_dsp_1_U6/md_kernel_dmul_64ns_64ns_64_4_max_dsp_1_ip_u/inst/i_synth/MULT.OP/i_non_prim.OP/RESULT_REG.NORMAL.exp_op_reg[1]/C
  -------------------------------------------------------------------    -------------------
    SLICE_X43Y151        FDRE (Prop_DFF_SLICEL_C_Q)
                                                      0.039     0.051 r  bd_0_i/hls_inst/inst/dmul_64ns_64ns_64_4_max_dsp_1_U6/md_kernel_dmul_64ns_64ns_64_4_max_dsp_1_ip_u/inst/i_synth/MULT.OP/i_non_prim.OP/RESULT_REG.NORMAL.exp_op_reg[1]/Q
                         net (fo=1, routed)           0.059     0.110    bd_0_i/hls_inst/inst/grp_fu_263_p2[53]
    SLICE_X43Y150        FDRE                                         r  bd_0_i/hls_inst/inst/mul4_reg_547_reg[53]/D
  -------------------------------------------------------------------    -------------------

                         (clock ap_clk rise edge)     0.000     0.000 r  
                                                      0.000     0.000 r  ap_clk (IN)
                         net (fo=4330, unset)         0.018     0.018    bd_0_i/hls_inst/inst/ap_clk
    SLICE_X43Y150        FDRE                                         r  bd_0_i/hls_inst/inst/mul4_reg_547_reg[53]/C
                         clock pessimism              0.000     0.018    
    SLICE_X43Y150        FDRE (Hold_AFF2_SLICEL_C_D)
                                                      0.047     0.065    bd_0_i/hls_inst/inst/mul4_reg_547_reg[53]
  -------------------------------------------------------------------
                         required time                         -0.065    
                         arrival time                           0.110    
  -------------------------------------------------------------------
                         slack                                  0.045    





Pulse Width Checks
--------------------------------------------------------------------------------------
Clock Name:         ap_clk
Waveform(ns):       { 0.000 4.000 }
Period(ns):         8.000
Sources:            { ap_clk }

Check Type        Corner  Lib Pin     Reference Pin  Required(ns)  Actual(ns)  Slack(ns)  Location       Pin
Min Period        n/a     SRL16E/CLK  n/a            1.064         8.000       6.936      SLICE_X44Y135  bd_0_i/hls_inst/inst/ddiv_64ns_64ns_64_14_no_dsp_1_U7/md_kernel_ddiv_64ns_64ns_64_14_no_dsp_1_ip_u/inst/i_synth/DIV_OP.SPD.OP/EXP/EXP_PRE_RND_DEL/i_pipe/opt_has_pipe.i_pipe[10].pipe_reg[10][0]_srl10/CLK
Min Period        n/a     SRL16E/CLK  n/a            1.064         8.000       6.936      SLICE_X44Y135  bd_0_i/hls_inst/inst/ddiv_64ns_64ns_64_14_no_dsp_1_U7/md_kernel_ddiv_64ns_64ns_64_14_no_dsp_1_ip_u/inst/i_synth/DIV_OP.SPD.OP/EXP/EXP_PRE_RND_DEL/i_pipe/opt_has_pipe.i_pipe[10].pipe_reg[10][10]_srl10/CLK
Min Period        n/a     SRL16E/CLK  n/a            1.064         8.000       6.936      SLICE_X44Y135  bd_0_i/hls_inst/inst/ddiv_64ns_64ns_64_14_no_dsp_1_U7/md_kernel_ddiv_64ns_64ns_64_14_no_dsp_1_ip_u/inst/i_synth/DIV_OP.SPD.OP/EXP/EXP_PRE_RND_DEL/i_pipe/opt_has_pipe.i_pipe[10].pipe_reg[10][1]_srl10/CLK
Min Period        n/a     SRL16E/CLK  n/a            1.064         8.000       6.936      SLICE_X44Y135  bd_0_i/hls_inst/inst/ddiv_64ns_64ns_64_14_no_dsp_1_U7/md_kernel_ddiv_64ns_64ns_64_14_no_dsp_1_ip_u/inst/i_synth/DIV_OP.SPD.OP/EXP/EXP_PRE_RND_DEL/i_pipe/opt_has_pipe.i_pipe[10].pipe_reg[10][2]_srl10/CLK
Min Period        n/a     SRL16E/CLK  n/a            1.064         8.000       6.936      SLICE_X44Y135  bd_0_i/hls_inst/inst/ddiv_64ns_64ns_64_14_no_dsp_1_U7/md_kernel_ddiv_64ns_64ns_64_14_no_dsp_1_ip_u/inst/i_synth/DIV_OP.SPD.OP/EXP/EXP_PRE_RND_DEL/i_pipe/opt_has_pipe.i_pipe[10].pipe_reg[10][3]_srl10/CLK
Min Period        n/a     SRL16E/CLK  n/a            1.064         8.000       6.936      SLICE_X44Y135  bd_0_i/hls_inst/inst/ddiv_64ns_64ns_64_14_no_dsp_1_U7/md_kernel_ddiv_64ns_64ns_64_14_no_dsp_1_ip_u/inst/i_synth/DIV_OP.SPD.OP/EXP/EXP_PRE_RND_DEL/i_pipe/opt_has_pipe.i_pipe[10].pipe_reg[10][4]_srl10/CLK
Min Period        n/a     SRL16E/CLK  n/a            1.064         8.000       6.936      SLICE_X44Y135  bd_0_i/hls_inst/inst/ddiv_64ns_64ns_64_14_no_dsp_1_U7/md_kernel_ddiv_64ns_64ns_64_14_no_dsp_1_ip_u/inst/i_synth/DIV_OP.SPD.OP/EXP/EXP_PRE_RND_DEL/i_pipe/opt_has_pipe.i_pipe[10].pipe_reg[10][5]_srl10/CLK
Min Period        n/a     SRL16E/CLK  n/a            1.064         8.000       6.936      SLICE_X44Y135  bd_0_i/hls_inst/inst/ddiv_64ns_64ns_64_14_no_dsp_1_U7/md_kernel_ddiv_64ns_64ns_64_14_no_dsp_1_ip_u/inst/i_synth/DIV_OP.SPD.OP/EXP/EXP_PRE_RND_DEL/i_pipe/opt_has_pipe.i_pipe[10].pipe_reg[10][6]_srl10/CLK
Min Period        n/a     SRL16E/CLK  n/a            1.064         8.000       6.936      SLICE_X44Y135  bd_0_i/hls_inst/inst/ddiv_64ns_64ns_64_14_no_dsp_1_U7/md_kernel_ddiv_64ns_64ns_64_14_no_dsp_1_ip_u/inst/i_synth/DIV_OP.SPD.OP/EXP/EXP_PRE_RND_DEL/i_pipe/opt_has_pipe.i_pipe[10].pipe_reg[10][7]_srl10/CLK
Min Period        n/a     SRL16E/CLK  n/a            1.064         8.000       6.936      SLICE_X44Y135  bd_0_i/hls_inst/inst/ddiv_64ns_64ns_64_14_no_dsp_1_U7/md_kernel_ddiv_64ns_64ns_64_14_no_dsp_1_ip_u/inst/i_synth/DIV_OP.SPD.OP/EXP/EXP_PRE_RND_DEL/i_pipe/opt_has_pipe.i_pipe[10].pipe_reg[10][8]_srl10/CLK
Low Pulse Width   Slow    SRL16E/CLK  n/a            0.532         4.000       3.468      SLICE_X44Y135  bd_0_i/hls_inst/inst/ddiv_64ns_64ns_64_14_no_dsp_1_U7/md_kernel_ddiv_64ns_64ns_64_14_no_dsp_1_ip_u/inst/i_synth/DIV_OP.SPD.OP/EXP/EXP_PRE_RND_DEL/i_pipe/opt_has_pipe.i_pipe[10].pipe_reg[10][0]_srl10/CLK
Low Pulse Width   Fast    SRL16E/CLK  n/a            0.532         4.000       3.468      SLICE_X44Y135  bd_0_i/hls_inst/inst/ddiv_64ns_64ns_64_14_no_dsp_1_U7/md_kernel_ddiv_64ns_64ns_64_14_no_dsp_1_ip_u/inst/i_synth/DIV_OP.SPD.OP/EXP/EXP_PRE_RND_DEL/i_pipe/opt_has_pipe.i_pipe[10].pipe_reg[10][0]_srl10/CLK
Low Pulse Width   Slow    SRL16E/CLK  n/a            0.532         4.000       3.468      SLICE_X44Y135  bd_0_i/hls_inst/inst/ddiv_64ns_64ns_64_14_no_dsp_1_U7/md_kernel_ddiv_64ns_64ns_64_14_no_dsp_1_ip_u/inst/i_synth/DIV_OP.SPD.OP/EXP/EXP_PRE_RND_DEL/i_pipe/opt_has_pipe.i_pipe[10].pipe_reg[10][10]_srl10/CLK
Low Pulse Width   Fast    SRL16E/CLK  n/a            0.532         4.000       3.468      SLICE_X44Y135  bd_0_i/hls_inst/inst/ddiv_64ns_64ns_64_14_no_dsp_1_U7/md_kernel_ddiv_64ns_64ns_64_14_no_dsp_1_ip_u/inst/i_synth/DIV_OP.SPD.OP/EXP/EXP_PRE_RND_DEL/i_pipe/opt_has_pipe.i_pipe[10].pipe_reg[10][10]_srl10/CLK
Low Pulse Width   Slow    SRL16E/CLK  n/a            0.532         4.000       3.468      SLICE_X44Y135  bd_0_i/hls_inst/inst/ddiv_64ns_64ns_64_14_no_dsp_1_U7/md_kernel_ddiv_64ns_64ns_64_14_no_dsp_1_ip_u/inst/i_synth/DIV_OP.SPD.OP/EXP/EXP_PRE_RND_DEL/i_pipe/opt_has_pipe.i_pipe[10].pipe_reg[10][1]_srl10/CLK
Low Pulse Width   Fast    SRL16E/CLK  n/a            0.532         4.000       3.468      SLICE_X44Y135  bd_0_i/hls_inst/inst/ddiv_64ns_64ns_64_14_no_dsp_1_U7/md_kernel_ddiv_64ns_64ns_64_14_no_dsp_1_ip_u/inst/i_synth/DIV_OP.SPD.OP/EXP/EXP_PRE_RND_DEL/i_pipe/opt_has_pipe.i_pipe[10].pipe_reg[10][1]_srl10/CLK
Low Pulse Width   Slow    SRL16E/CLK  n/a            0.532         4.000       3.468      SLICE_X44Y135  bd_0_i/hls_inst/inst/ddiv_64ns_64ns_64_14_no_dsp_1_U7/md_kernel_ddiv_64ns_64ns_64_14_no_dsp_1_ip_u/inst/i_synth/DIV_OP.SPD.OP/EXP/EXP_PRE_RND_DEL/i_pipe/opt_has_pipe.i_pipe[10].pipe_reg[10][2]_srl10/CLK
Low Pulse Width   Fast    SRL16E/CLK  n/a            0.532         4.000       3.468      SLICE_X44Y135  bd_0_i/hls_inst/inst/ddiv_64ns_64ns_64_14_no_dsp_1_U7/md_kernel_ddiv_64ns_64ns_64_14_no_dsp_1_ip_u/inst/i_synth/DIV_OP.SPD.OP/EXP/EXP_PRE_RND_DEL/i_pipe/opt_has_pipe.i_pipe[10].pipe_reg[10][2]_srl10/CLK
Low Pulse Width   Slow    SRL16E/CLK  n/a            0.532         4.000       3.468      SLICE_X44Y135  bd_0_i/hls_inst/inst/ddiv_64ns_64ns_64_14_no_dsp_1_U7/md_kernel_ddiv_64ns_64ns_64_14_no_dsp_1_ip_u/inst/i_synth/DIV_OP.SPD.OP/EXP/EXP_PRE_RND_DEL/i_pipe/opt_has_pipe.i_pipe[10].pipe_reg[10][3]_srl10/CLK
Low Pulse Width   Fast    SRL16E/CLK  n/a            0.532         4.000       3.468      SLICE_X44Y135  bd_0_i/hls_inst/inst/ddiv_64ns_64ns_64_14_no_dsp_1_U7/md_kernel_ddiv_64ns_64ns_64_14_no_dsp_1_ip_u/inst/i_synth/DIV_OP.SPD.OP/EXP/EXP_PRE_RND_DEL/i_pipe/opt_has_pipe.i_pipe[10].pipe_reg[10][3]_srl10/CLK
High Pulse Width  Slow    SRL16E/CLK  n/a            0.532         4.000       3.468      SLICE_X44Y135  bd_0_i/hls_inst/inst/ddiv_64ns_64ns_64_14_no_dsp_1_U7/md_kernel_ddiv_64ns_64ns_64_14_no_dsp_1_ip_u/inst/i_synth/DIV_OP.SPD.OP/EXP/EXP_PRE_RND_DEL/i_pipe/opt_has_pipe.i_pipe[10].pipe_reg[10][0]_srl10/CLK
High Pulse Width  Fast    SRL16E/CLK  n/a            0.532         4.000       3.468      SLICE_X44Y135  bd_0_i/hls_inst/inst/ddiv_64ns_64ns_64_14_no_dsp_1_U7/md_kernel_ddiv_64ns_64ns_64_14_no_dsp_1_ip_u/inst/i_synth/DIV_OP.SPD.OP/EXP/EXP_PRE_RND_DEL/i_pipe/opt_has_pipe.i_pipe[10].pipe_reg[10][0]_srl10/CLK
High Pulse Width  Slow    SRL16E/CLK  n/a            0.532         4.000       3.468      SLICE_X44Y135  bd_0_i/hls_inst/inst/ddiv_64ns_64ns_64_14_no_dsp_1_U7/md_kernel_ddiv_64ns_64ns_64_14_no_dsp_1_ip_u/inst/i_synth/DIV_OP.SPD.OP/EXP/EXP_PRE_RND_DEL/i_pipe/opt_has_pipe.i_pipe[10].pipe_reg[10][10]_srl10/CLK
High Pulse Width  Fast    SRL16E/CLK  n/a            0.532         4.000       3.468      SLICE_X44Y135  bd_0_i/hls_inst/inst/ddiv_64ns_64ns_64_14_no_dsp_1_U7/md_kernel_ddiv_64ns_64ns_64_14_no_dsp_1_ip_u/inst/i_synth/DIV_OP.SPD.OP/EXP/EXP_PRE_RND_DEL/i_pipe/opt_has_pipe.i_pipe[10].pipe_reg[10][10]_srl10/CLK
High Pulse Width  Slow    SRL16E/CLK  n/a            0.532         4.000       3.468      SLICE_X44Y135  bd_0_i/hls_inst/inst/ddiv_64ns_64ns_64_14_no_dsp_1_U7/md_kernel_ddiv_64ns_64ns_64_14_no_dsp_1_ip_u/inst/i_synth/DIV_OP.SPD.OP/EXP/EXP_PRE_RND_DEL/i_pipe/opt_has_pipe.i_pipe[10].pipe_reg[10][1]_srl10/CLK
High Pulse Width  Fast    SRL16E/CLK  n/a            0.532         4.000       3.468      SLICE_X44Y135  bd_0_i/hls_inst/inst/ddiv_64ns_64ns_64_14_no_dsp_1_U7/md_kernel_ddiv_64ns_64ns_64_14_no_dsp_1_ip_u/inst/i_synth/DIV_OP.SPD.OP/EXP/EXP_PRE_RND_DEL/i_pipe/opt_has_pipe.i_pipe[10].pipe_reg[10][1]_srl10/CLK
High Pulse Width  Slow    SRL16E/CLK  n/a            0.532         4.000       3.468      SLICE_X44Y135  bd_0_i/hls_inst/inst/ddiv_64ns_64ns_64_14_no_dsp_1_U7/md_kernel_ddiv_64ns_64ns_64_14_no_dsp_1_ip_u/inst/i_synth/DIV_OP.SPD.OP/EXP/EXP_PRE_RND_DEL/i_pipe/opt_has_pipe.i_pipe[10].pipe_reg[10][2]_srl10/CLK
High Pulse Width  Fast    SRL16E/CLK  n/a            0.532         4.000       3.468      SLICE_X44Y135  bd_0_i/hls_inst/inst/ddiv_64ns_64ns_64_14_no_dsp_1_U7/md_kernel_ddiv_64ns_64ns_64_14_no_dsp_1_ip_u/inst/i_synth/DIV_OP.SPD.OP/EXP/EXP_PRE_RND_DEL/i_pipe/opt_has_pipe.i_pipe[10].pipe_reg[10][2]_srl10/CLK
High Pulse Width  Slow    SRL16E/CLK  n/a            0.532         4.000       3.468      SLICE_X44Y135  bd_0_i/hls_inst/inst/ddiv_64ns_64ns_64_14_no_dsp_1_U7/md_kernel_ddiv_64ns_64ns_64_14_no_dsp_1_ip_u/inst/i_synth/DIV_OP.SPD.OP/EXP/EXP_PRE_RND_DEL/i_pipe/opt_has_pipe.i_pipe[10].pipe_reg[10][3]_srl10/CLK
High Pulse Width  Fast    SRL16E/CLK  n/a            0.532         4.000       3.468      SLICE_X44Y135  bd_0_i/hls_inst/inst/ddiv_64ns_64ns_64_14_no_dsp_1_U7/md_kernel_ddiv_64ns_64ns_64_14_no_dsp_1_ip_u/inst/i_synth/DIV_OP.SPD.OP/EXP/EXP_PRE_RND_DEL/i_pipe/opt_has_pipe.i_pipe[10].pipe_reg[10][3]_srl10/CLK



--------------------------------------------------------------------------------------
Path Group:  (none)
From Clock:  
  To Clock:  

Max Delay            25 Endpoints
Min Delay            25 Endpoints
--------------------------------------------------------------------------------------


Max Delay Paths
--------------------------------------------------------------------------------------
Slack:                    inf
  Source:                 NL_q0[5]
                            (input port)
  Destination:            position_x_address0[5]
                            (output port)
  Path Group:             (none)
  Path Type:              Max at Slow Process Corner
  Data Path Delay:        0.206ns  (logic 0.166ns (80.583%)  route 0.040ns (19.417%))
  Logic Levels:           1  (LUT3=1)

    Location             Delay type                Incr(ns)  Path(ns)    Netlist Resource(s)
  -------------------------------------------------------------------    -------------------
                                                      0.000     0.000 r  NL_q0[5] (IN)
                         net (fo=0)                   0.000     0.000    bd_0_i/hls_inst/inst/NL_q0[5]
    SLICE_X37Y150        LUT3 (Prop_F5LUT_SLICEM_I0_O)
                                                      0.166     0.166 r  bd_0_i/hls_inst/inst/position_z_address0[5]_INST_0/O
                         net (fo=0)                   0.040     0.206    position_x_address0[5]
                                                                      r  position_x_address0[5] (OUT)
  -------------------------------------------------------------------    -------------------

Slack:                    inf
  Source:                 NL_q0[5]
                            (input port)
  Destination:            position_y_address0[5]
                            (output port)
  Path Group:             (none)
  Path Type:              Max at Slow Process Corner
  Data Path Delay:        0.206ns  (logic 0.166ns (80.583%)  route 0.040ns (19.417%))
  Logic Levels:           1  (LUT3=1)

    Location             Delay type                Incr(ns)  Path(ns)    Netlist Resource(s)
  -------------------------------------------------------------------    -------------------
                                                      0.000     0.000 r  NL_q0[5] (IN)
                         net (fo=0)                   0.000     0.000    bd_0_i/hls_inst/inst/NL_q0[5]
    SLICE_X37Y150        LUT3 (Prop_F5LUT_SLICEM_I0_O)
                                                      0.166     0.166 r  bd_0_i/hls_inst/inst/position_z_address0[5]_INST_0/O
                         net (fo=0)                   0.040     0.206    position_y_address0[5]
                                                                      r  position_y_address0[5] (OUT)
  -------------------------------------------------------------------    -------------------

Slack:                    inf
  Source:                 NL_q0[5]
                            (input port)
  Destination:            position_z_address0[5]
                            (output port)
  Path Group:             (none)
  Path Type:              Max at Slow Process Corner
  Data Path Delay:        0.206ns  (logic 0.166ns (80.583%)  route 0.040ns (19.417%))
  Logic Levels:           1  (LUT3=1)

    Location             Delay type                Incr(ns)  Path(ns)    Netlist Resource(s)
  -------------------------------------------------------------------    -------------------
                                                      0.000     0.000 r  NL_q0[5] (IN)
                         net (fo=0)                   0.000     0.000    bd_0_i/hls_inst/inst/NL_q0[5]
    SLICE_X37Y150        LUT3 (Prop_F5LUT_SLICEM_I0_O)
                                                      0.166     0.166 r  bd_0_i/hls_inst/inst/position_z_address0[5]_INST_0/O
                         net (fo=0)                   0.040     0.206    position_z_address0[5]
                                                                      r  position_z_address0[5] (OUT)
  -------------------------------------------------------------------    -------------------

Slack:                    inf
  Source:                 NL_q0[7]
                            (input port)
  Destination:            position_x_address0[7]
                            (output port)
  Path Group:             (none)
  Path Type:              Max at Slow Process Corner
  Data Path Delay:        0.194ns  (logic 0.164ns (84.536%)  route 0.030ns (15.464%))
  Logic Levels:           1  (LUT3=1)

    Location             Delay type                Incr(ns)  Path(ns)    Netlist Resource(s)
  -------------------------------------------------------------------    -------------------
                                                      0.000     0.000 r  NL_q0[7] (IN)
                         net (fo=0)                   0.000     0.000    bd_0_i/hls_inst/inst/NL_q0[7]
    SLICE_X37Y150        LUT3 (Prop_E5LUT_SLICEM_I0_O)
                                                      0.164     0.164 r  bd_0_i/hls_inst/inst/position_z_address0[7]_INST_0/O
                         net (fo=0)                   0.030     0.194    position_x_address0[7]
                                                                      r  position_x_address0[7] (OUT)
  -------------------------------------------------------------------    -------------------

Slack:                    inf
  Source:                 NL_q0[7]
                            (input port)
  Destination:            position_y_address0[7]
                            (output port)
  Path Group:             (none)
  Path Type:              Max at Slow Process Corner
  Data Path Delay:        0.194ns  (logic 0.164ns (84.536%)  route 0.030ns (15.464%))
  Logic Levels:           1  (LUT3=1)

    Location             Delay type                Incr(ns)  Path(ns)    Netlist Resource(s)
  -------------------------------------------------------------------    -------------------
                                                      0.000     0.000 r  NL_q0[7] (IN)
                         net (fo=0)                   0.000     0.000    bd_0_i/hls_inst/inst/NL_q0[7]
    SLICE_X37Y150        LUT3 (Prop_E5LUT_SLICEM_I0_O)
                                                      0.164     0.164 r  bd_0_i/hls_inst/inst/position_z_address0[7]_INST_0/O
                         net (fo=0)                   0.030     0.194    position_y_address0[7]
                                                                      r  position_y_address0[7] (OUT)
  -------------------------------------------------------------------    -------------------

Slack:                    inf
  Source:                 NL_q0[7]
                            (input port)
  Destination:            position_z_address0[7]
                            (output port)
  Path Group:             (none)
  Path Type:              Max at Slow Process Corner
  Data Path Delay:        0.194ns  (logic 0.164ns (84.536%)  route 0.030ns (15.464%))
  Logic Levels:           1  (LUT3=1)

    Location             Delay type                Incr(ns)  Path(ns)    Netlist Resource(s)
  -------------------------------------------------------------------    -------------------
                                                      0.000     0.000 r  NL_q0[7] (IN)
                         net (fo=0)                   0.000     0.000    bd_0_i/hls_inst/inst/NL_q0[7]
    SLICE_X37Y150        LUT3 (Prop_E5LUT_SLICEM_I0_O)
                                                      0.164     0.164 r  bd_0_i/hls_inst/inst/position_z_address0[7]_INST_0/O
                         net (fo=0)                   0.030     0.194    position_z_address0[7]
                                                                      r  position_z_address0[7] (OUT)
  -------------------------------------------------------------------    -------------------

Slack:                    inf
  Source:                 ap_ctrl_start
                            (input port)
  Destination:            ap_ctrl_idle
                            (output port)
  Path Group:             (none)
  Path Type:              Max at Slow Process Corner
  Data Path Delay:        0.193ns  (logic 0.158ns (81.865%)  route 0.035ns (18.135%))
  Logic Levels:           1  (LUT2=1)

    Location             Delay type                Incr(ns)  Path(ns)    Netlist Resource(s)
  -------------------------------------------------------------------    -------------------
                                                      0.000     0.000 f  ap_ctrl_start (IN)
                         net (fo=2, unset)            0.000     0.000    bd_0_i/hls_inst/inst/ap_start
    SLICE_X37Y146        LUT2 (Prop_D5LUT_SLICEM_I1_O)
                                                      0.158     0.158 r  bd_0_i/hls_inst/inst/ap_idle_INST_0/O
                         net (fo=1, unset)            0.035     0.193    ap_ctrl_idle
                                                                      r  ap_ctrl_idle (OUT)
  -------------------------------------------------------------------    -------------------

Slack:                    inf
  Source:                 NL_q0[0]
                            (input port)
  Destination:            position_x_address0[0]
                            (output port)
  Path Group:             (none)
  Path Type:              Max at Slow Process Corner
  Data Path Delay:        0.186ns  (logic 0.161ns (86.559%)  route 0.025ns (13.441%))
  Logic Levels:           1  (LUT3=1)

    Location             Delay type                Incr(ns)  Path(ns)    Netlist Resource(s)
  -------------------------------------------------------------------    -------------------
                                                      0.000     0.000 r  NL_q0[0] (IN)
                         net (fo=0)                   0.000     0.000    bd_0_i/hls_inst/inst/NL_q0[0]
    SLICE_X37Y152        LUT3 (Prop_H5LUT_SLICEM_I0_O)
                                                      0.161     0.161 r  bd_0_i/hls_inst/inst/position_z_address0[0]_INST_0/O
                         net (fo=0)                   0.025     0.186    position_x_address0[0]
                                                                      r  position_x_address0[0] (OUT)
  -------------------------------------------------------------------    -------------------

Slack:                    inf
  Source:                 NL_q0[3]
                            (input port)
  Destination:            position_x_address0[3]
                            (output port)
  Path Group:             (none)
  Path Type:              Max at Slow Process Corner
  Data Path Delay:        0.186ns  (logic 0.161ns (86.559%)  route 0.025ns (13.441%))
  Logic Levels:           1  (LUT3=1)

    Location             Delay type                Incr(ns)  Path(ns)    Netlist Resource(s)
  -------------------------------------------------------------------    -------------------
                                                      0.000     0.000 r  NL_q0[3] (IN)
                         net (fo=0)                   0.000     0.000    bd_0_i/hls_inst/inst/NL_q0[3]
    SLICE_X37Y151        LUT3 (Prop_H5LUT_SLICEM_I0_O)
                                                      0.161     0.161 r  bd_0_i/hls_inst/inst/position_z_address0[3]_INST_0/O
                         net (fo=0)                   0.025     0.186    position_x_address0[3]
                                                                      r  position_x_address0[3] (OUT)
  -------------------------------------------------------------------    -------------------

Slack:                    inf
  Source:                 NL_q0[0]
                            (input port)
  Destination:            position_y_address0[0]
                            (output port)
  Path Group:             (none)
  Path Type:              Max at Slow Process Corner
  Data Path Delay:        0.186ns  (logic 0.161ns (86.559%)  route 0.025ns (13.441%))
  Logic Levels:           1  (LUT3=1)

    Location             Delay type                Incr(ns)  Path(ns)    Netlist Resource(s)
  -------------------------------------------------------------------    -------------------
                                                      0.000     0.000 r  NL_q0[0] (IN)
                         net (fo=0)                   0.000     0.000    bd_0_i/hls_inst/inst/NL_q0[0]
    SLICE_X37Y152        LUT3 (Prop_H5LUT_SLICEM_I0_O)
                                                      0.161     0.161 r  bd_0_i/hls_inst/inst/position_z_address0[0]_INST_0/O
                         net (fo=0)                   0.025     0.186    position_y_address0[0]
                                                                      r  position_y_address0[0] (OUT)
  -------------------------------------------------------------------    -------------------





Min Delay Paths
--------------------------------------------------------------------------------------
Slack:                    inf
  Source:                 NL_q0[4]
                            (input port)
  Destination:            position_x_address0[4]
                            (output port)
  Path Group:             (none)
  Path Type:              Min at Fast Process Corner
  Data Path Delay:        0.040ns  (logic 0.040ns (100.000%)  route 0.000ns (0.000%))
  Logic Levels:           1  (LUT3=1)

    Location             Delay type                Incr(ns)  Path(ns)    Netlist Resource(s)
  -------------------------------------------------------------------    -------------------
                                                      0.000     0.000 r  NL_q0[4] (IN)
                         net (fo=0)                   0.000     0.000    bd_0_i/hls_inst/inst/NL_q0[4]
    SLICE_X37Y150        LUT3 (Prop_F6LUT_SLICEM_I0_O)
                                                      0.040     0.040 r  bd_0_i/hls_inst/inst/position_z_address0[4]_INST_0/O
                         net (fo=0)                   0.000     0.040    position_x_address0[4]
                                                                      r  position_x_address0[4] (OUT)
  -------------------------------------------------------------------    -------------------

Slack:                    inf
  Source:                 NL_q0[6]
                            (input port)
  Destination:            position_x_address0[6]
                            (output port)
  Path Group:             (none)
  Path Type:              Min at Fast Process Corner
  Data Path Delay:        0.040ns  (logic 0.040ns (100.000%)  route 0.000ns (0.000%))
  Logic Levels:           1  (LUT3=1)

    Location             Delay type                Incr(ns)  Path(ns)    Netlist Resource(s)
  -------------------------------------------------------------------    -------------------
                                                      0.000     0.000 r  NL_q0[6] (IN)
                         net (fo=0)                   0.000     0.000    bd_0_i/hls_inst/inst/NL_q0[6]
    SLICE_X37Y150        LUT3 (Prop_E6LUT_SLICEM_I0_O)
                                                      0.040     0.040 r  bd_0_i/hls_inst/inst/position_z_address0[6]_INST_0/O
                         net (fo=0)                   0.000     0.040    position_x_address0[6]
                                                                      r  position_x_address0[6] (OUT)
  -------------------------------------------------------------------    -------------------

Slack:                    inf
  Source:                 NL_q0[4]
                            (input port)
  Destination:            position_y_address0[4]
                            (output port)
  Path Group:             (none)
  Path Type:              Min at Fast Process Corner
  Data Path Delay:        0.040ns  (logic 0.040ns (100.000%)  route 0.000ns (0.000%))
  Logic Levels:           1  (LUT3=1)

    Location             Delay type                Incr(ns)  Path(ns)    Netlist Resource(s)
  -------------------------------------------------------------------    -------------------
                                                      0.000     0.000 r  NL_q0[4] (IN)
                         net (fo=0)                   0.000     0.000    bd_0_i/hls_inst/inst/NL_q0[4]
    SLICE_X37Y150        LUT3 (Prop_F6LUT_SLICEM_I0_O)
                                                      0.040     0.040 r  bd_0_i/hls_inst/inst/position_z_address0[4]_INST_0/O
                         net (fo=0)                   0.000     0.040    position_y_address0[4]
                                                                      r  position_y_address0[4] (OUT)
  -------------------------------------------------------------------    -------------------

Slack:                    inf
  Source:                 NL_q0[6]
                            (input port)
  Destination:            position_y_address0[6]
                            (output port)
  Path Group:             (none)
  Path Type:              Min at Fast Process Corner
  Data Path Delay:        0.040ns  (logic 0.040ns (100.000%)  route 0.000ns (0.000%))
  Logic Levels:           1  (LUT3=1)

    Location             Delay type                Incr(ns)  Path(ns)    Netlist Resource(s)
  -------------------------------------------------------------------    -------------------
                                                      0.000     0.000 r  NL_q0[6] (IN)
                         net (fo=0)                   0.000     0.000    bd_0_i/hls_inst/inst/NL_q0[6]
    SLICE_X37Y150        LUT3 (Prop_E6LUT_SLICEM_I0_O)
                                                      0.040     0.040 r  bd_0_i/hls_inst/inst/position_z_address0[6]_INST_0/O
                         net (fo=0)                   0.000     0.040    position_y_address0[6]
                                                                      r  position_y_address0[6] (OUT)
  -------------------------------------------------------------------    -------------------

Slack:                    inf
  Source:                 NL_q0[4]
                            (input port)
  Destination:            position_z_address0[4]
                            (output port)
  Path Group:             (none)
  Path Type:              Min at Fast Process Corner
  Data Path Delay:        0.040ns  (logic 0.040ns (100.000%)  route 0.000ns (0.000%))
  Logic Levels:           1  (LUT3=1)

    Location             Delay type                Incr(ns)  Path(ns)    Netlist Resource(s)
  -------------------------------------------------------------------    -------------------
                                                      0.000     0.000 r  NL_q0[4] (IN)
                         net (fo=0)                   0.000     0.000    bd_0_i/hls_inst/inst/NL_q0[4]
    SLICE_X37Y150        LUT3 (Prop_F6LUT_SLICEM_I0_O)
                                                      0.040     0.040 r  bd_0_i/hls_inst/inst/position_z_address0[4]_INST_0/O
                         net (fo=0)                   0.000     0.040    position_z_address0[4]
                                                                      r  position_z_address0[4] (OUT)
  -------------------------------------------------------------------    -------------------

Slack:                    inf
  Source:                 NL_q0[6]
                            (input port)
  Destination:            position_z_address0[6]
                            (output port)
  Path Group:             (none)
  Path Type:              Min at Fast Process Corner
  Data Path Delay:        0.040ns  (logic 0.040ns (100.000%)  route 0.000ns (0.000%))
  Logic Levels:           1  (LUT3=1)

    Location             Delay type                Incr(ns)  Path(ns)    Netlist Resource(s)
  -------------------------------------------------------------------    -------------------
                                                      0.000     0.000 r  NL_q0[6] (IN)
                         net (fo=0)                   0.000     0.000    bd_0_i/hls_inst/inst/NL_q0[6]
    SLICE_X37Y150        LUT3 (Prop_E6LUT_SLICEM_I0_O)
                                                      0.040     0.040 r  bd_0_i/hls_inst/inst/position_z_address0[6]_INST_0/O
                         net (fo=0)                   0.000     0.040    position_z_address0[6]
                                                                      r  position_z_address0[6] (OUT)
  -------------------------------------------------------------------    -------------------

Slack:                    inf
  Source:                 NL_q0[1]
                            (input port)
  Destination:            position_x_address0[1]
                            (output port)
  Path Group:             (none)
  Path Type:              Min at Fast Process Corner
  Data Path Delay:        0.041ns  (logic 0.041ns (100.000%)  route 0.000ns (0.000%))
  Logic Levels:           1  (LUT3=1)

    Location             Delay type                Incr(ns)  Path(ns)    Netlist Resource(s)
  -------------------------------------------------------------------    -------------------
                                                      0.000     0.000 r  NL_q0[1] (IN)
                         net (fo=0)                   0.000     0.000    bd_0_i/hls_inst/inst/NL_q0[1]
    SLICE_X37Y152        LUT3 (Prop_H6LUT_SLICEM_I0_O)
                                                      0.041     0.041 r  bd_0_i/hls_inst/inst/position_z_address0[1]_INST_0/O
                         net (fo=0)                   0.000     0.041    position_x_address0[1]
                                                                      r  position_x_address0[1] (OUT)
  -------------------------------------------------------------------    -------------------

Slack:                    inf
  Source:                 NL_q0[2]
                            (input port)
  Destination:            position_x_address0[2]
                            (output port)
  Path Group:             (none)
  Path Type:              Min at Fast Process Corner
  Data Path Delay:        0.041ns  (logic 0.041ns (100.000%)  route 0.000ns (0.000%))
  Logic Levels:           1  (LUT3=1)

    Location             Delay type                Incr(ns)  Path(ns)    Netlist Resource(s)
  -------------------------------------------------------------------    -------------------
                                                      0.000     0.000 r  NL_q0[2] (IN)
                         net (fo=0)                   0.000     0.000    bd_0_i/hls_inst/inst/NL_q0[2]
    SLICE_X37Y151        LUT3 (Prop_H6LUT_SLICEM_I0_O)
                                                      0.041     0.041 r  bd_0_i/hls_inst/inst/position_z_address0[2]_INST_0/O
                         net (fo=0)                   0.000     0.041    position_x_address0[2]
                                                                      r  position_x_address0[2] (OUT)
  -------------------------------------------------------------------    -------------------

Slack:                    inf
  Source:                 NL_q0[1]
                            (input port)
  Destination:            position_y_address0[1]
                            (output port)
  Path Group:             (none)
  Path Type:              Min at Fast Process Corner
  Data Path Delay:        0.041ns  (logic 0.041ns (100.000%)  route 0.000ns (0.000%))
  Logic Levels:           1  (LUT3=1)

    Location             Delay type                Incr(ns)  Path(ns)    Netlist Resource(s)
  -------------------------------------------------------------------    -------------------
                                                      0.000     0.000 r  NL_q0[1] (IN)
                         net (fo=0)                   0.000     0.000    bd_0_i/hls_inst/inst/NL_q0[1]
    SLICE_X37Y152        LUT3 (Prop_H6LUT_SLICEM_I0_O)
                                                      0.041     0.041 r  bd_0_i/hls_inst/inst/position_z_address0[1]_INST_0/O
                         net (fo=0)                   0.000     0.041    position_y_address0[1]
                                                                      r  position_y_address0[1] (OUT)
  -------------------------------------------------------------------    -------------------

Slack:                    inf
  Source:                 NL_q0[2]
                            (input port)
  Destination:            position_y_address0[2]
                            (output port)
  Path Group:             (none)
  Path Type:              Min at Fast Process Corner
  Data Path Delay:        0.041ns  (logic 0.041ns (100.000%)  route 0.000ns (0.000%))
  Logic Levels:           1  (LUT3=1)

    Location             Delay type                Incr(ns)  Path(ns)    Netlist Resource(s)
  -------------------------------------------------------------------    -------------------
                                                      0.000     0.000 r  NL_q0[2] (IN)
                         net (fo=0)                   0.000     0.000    bd_0_i/hls_inst/inst/NL_q0[2]
    SLICE_X37Y151        LUT3 (Prop_H6LUT_SLICEM_I0_O)
                                                      0.041     0.041 r  bd_0_i/hls_inst/inst/position_z_address0[2]_INST_0/O
                         net (fo=0)                   0.000     0.041    position_y_address0[2]
                                                                      r  position_y_address0[2] (OUT)
  -------------------------------------------------------------------    -------------------





--------------------------------------------------------------------------------------
Path Group:  (none)
From Clock:  ap_clk
  To Clock:  

Max Delay           265 Endpoints
Min Delay           265 Endpoints
--------------------------------------------------------------------------------------


Max Delay Paths
--------------------------------------------------------------------------------------
Slack:                    inf
  Source:                 bd_0_i/hls_inst/inst/tmp_1_reg_469_reg[5]/C
                            (rising edge-triggered cell FDRE clocked by ap_clk  {rise@0.000ns fall@4.000ns period=8.000ns})
  Destination:            NL_address0[9]
                            (output port)
  Path Group:             (none)
  Path Type:              Max at Slow Process Corner
  Data Path Delay:        0.781ns  (logic 0.311ns (39.821%)  route 0.470ns (60.179%))
  Logic Levels:           1  (CARRY8=1)
  Clock Uncertainty:      0.025ns  ((TSJ^2 + TIJ^2)^1/2 + DJ) / 2 + PE
    Total System Jitter     (TSJ):    0.050ns
    Total Input Jitter      (TIJ):    0.000ns
    Discrete Jitter          (DJ):    0.000ns
    Phase Error              (PE):    0.000ns

    Location             Delay type                Incr(ns)  Path(ns)    Netlist Resource(s)
  -------------------------------------------------------------------    -------------------
                         (clock ap_clk rise edge)     0.000     0.000 r  
                                                      0.000     0.000 r  ap_clk (IN)
                         net (fo=4330, unset)         0.030     0.030    bd_0_i/hls_inst/inst/ap_clk
    SLICE_X37Y151        FDRE                                         r  bd_0_i/hls_inst/inst/tmp_1_reg_469_reg[5]/C
  -------------------------------------------------------------------    -------------------
    SLICE_X37Y151        FDRE (Prop_GFF_SLICEM_C_Q)
                                                      0.078     0.108 r  bd_0_i/hls_inst/inst/tmp_1_reg_469_reg[5]/Q
                         net (fo=1, routed)           0.437     0.545    bd_0_i/hls_inst/inst/tmp_1_reg_469[5]
    SLICE_X36Y151        CARRY8 (Prop_CARRY8_SLICEL_S[1]_O[5])
                                                      0.233     0.778 r  bd_0_i/hls_inst/inst/NL_address0[4]_INST_0/O[5]
                         net (fo=0)                   0.033     0.811    NL_address0[9]
                                                                      r  NL_address0[9] (OUT)
  -------------------------------------------------------------------    -------------------

Slack:                    inf
  Source:                 bd_0_i/hls_inst/inst/tmp_1_reg_469_reg[5]/C
                            (rising edge-triggered cell FDRE clocked by ap_clk  {rise@0.000ns fall@4.000ns period=8.000ns})
  Destination:            NL_address0[11]
                            (output port)
  Path Group:             (none)
  Path Type:              Max at Slow Process Corner
  Data Path Delay:        0.780ns  (logic 0.312ns (40.000%)  route 0.468ns (60.000%))
  Logic Levels:           1  (CARRY8=1)
  Clock Uncertainty:      0.025ns  ((TSJ^2 + TIJ^2)^1/2 + DJ) / 2 + PE
    Total System Jitter     (TSJ):    0.050ns
    Total Input Jitter      (TIJ):    0.000ns
    Discrete Jitter          (DJ):    0.000ns
    Phase Error              (PE):    0.000ns

    Location             Delay type                Incr(ns)  Path(ns)    Netlist Resource(s)
  -------------------------------------------------------------------    -------------------
                         (clock ap_clk rise edge)     0.000     0.000 r  
                                                      0.000     0.000 r  ap_clk (IN)
                         net (fo=4330, unset)         0.030     0.030    bd_0_i/hls_inst/inst/ap_clk
    SLICE_X37Y151        FDRE                                         r  bd_0_i/hls_inst/inst/tmp_1_reg_469_reg[5]/C
  -------------------------------------------------------------------    -------------------
    SLICE_X37Y151        FDRE (Prop_GFF_SLICEM_C_Q)
                                                      0.078     0.108 r  bd_0_i/hls_inst/inst/tmp_1_reg_469_reg[5]/Q
                         net (fo=1, routed)           0.437     0.545    bd_0_i/hls_inst/inst/tmp_1_reg_469[5]
    SLICE_X36Y151        CARRY8 (Prop_CARRY8_SLICEL_S[1]_O[7])
                                                      0.234     0.779 r  bd_0_i/hls_inst/inst/NL_address0[4]_INST_0/O[7]
                         net (fo=0)                   0.031     0.810    NL_address0[11]
                                                                      r  NL_address0[11] (OUT)
  -------------------------------------------------------------------    -------------------

Slack:                    inf
  Source:                 bd_0_i/hls_inst/inst/tmp_1_reg_469_reg[5]/C
                            (rising edge-triggered cell FDRE clocked by ap_clk  {rise@0.000ns fall@4.000ns period=8.000ns})
  Destination:            NL_address0[10]
                            (output port)
  Path Group:             (none)
  Path Type:              Max at Slow Process Corner
  Data Path Delay:        0.767ns  (logic 0.298ns (38.853%)  route 0.469ns (61.147%))
  Logic Levels:           1  (CARRY8=1)
  Clock Uncertainty:      0.025ns  ((TSJ^2 + TIJ^2)^1/2 + DJ) / 2 + PE
    Total System Jitter     (TSJ):    0.050ns
    Total Input Jitter      (TIJ):    0.000ns
    Discrete Jitter          (DJ):    0.000ns
    Phase Error              (PE):    0.000ns

    Location             Delay type                Incr(ns)  Path(ns)    Netlist Resource(s)
  -------------------------------------------------------------------    -------------------
                         (clock ap_clk rise edge)     0.000     0.000 r  
                                                      0.000     0.000 r  ap_clk (IN)
                         net (fo=4330, unset)         0.030     0.030    bd_0_i/hls_inst/inst/ap_clk
    SLICE_X37Y151        FDRE                                         r  bd_0_i/hls_inst/inst/tmp_1_reg_469_reg[5]/C
  -------------------------------------------------------------------    -------------------
    SLICE_X37Y151        FDRE (Prop_GFF_SLICEM_C_Q)
                                                      0.078     0.108 r  bd_0_i/hls_inst/inst/tmp_1_reg_469_reg[5]/Q
                         net (fo=1, routed)           0.437     0.545    bd_0_i/hls_inst/inst/tmp_1_reg_469[5]
    SLICE_X36Y151        CARRY8 (Prop_CARRY8_SLICEL_S[1]_O[6])
                                                      0.220     0.765 r  bd_0_i/hls_inst/inst/NL_address0[4]_INST_0/O[6]
                         net (fo=0)                   0.032     0.797    NL_address0[10]
                                                                      r  NL_address0[10] (OUT)
  -------------------------------------------------------------------    -------------------

Slack:                    inf
  Source:                 bd_0_i/hls_inst/inst/tmp_1_reg_469_reg[5]/C
                            (rising edge-triggered cell FDRE clocked by ap_clk  {rise@0.000ns fall@4.000ns period=8.000ns})
  Destination:            NL_address0[8]
                            (output port)
  Path Group:             (none)
  Path Type:              Max at Slow Process Corner
  Data Path Delay:        0.746ns  (logic 0.278ns (37.265%)  route 0.468ns (62.735%))
  Logic Levels:           1  (CARRY8=1)
  Clock Uncertainty:      0.025ns  ((TSJ^2 + TIJ^2)^1/2 + DJ) / 2 + PE
    Total System Jitter     (TSJ):    0.050ns
    Total Input Jitter      (TIJ):    0.000ns
    Discrete Jitter          (DJ):    0.000ns
    Phase Error              (PE):    0.000ns

    Location             Delay type                Incr(ns)  Path(ns)    Netlist Resource(s)
  -------------------------------------------------------------------    -------------------
                         (clock ap_clk rise edge)     0.000     0.000 r  
                                                      0.000     0.000 r  ap_clk (IN)
                         net (fo=4330, unset)         0.030     0.030    bd_0_i/hls_inst/inst/ap_clk
    SLICE_X37Y151        FDRE                                         r  bd_0_i/hls_inst/inst/tmp_1_reg_469_reg[5]/C
  -------------------------------------------------------------------    -------------------
    SLICE_X37Y151        FDRE (Prop_GFF_SLICEM_C_Q)
                                                      0.078     0.108 r  bd_0_i/hls_inst/inst/tmp_1_reg_469_reg[5]/Q
                         net (fo=1, routed)           0.437     0.545    bd_0_i/hls_inst/inst/tmp_1_reg_469[5]
    SLICE_X36Y151        CARRY8 (Prop_CARRY8_SLICEL_S[1]_O[4])
                                                      0.200     0.745 r  bd_0_i/hls_inst/inst/NL_address0[4]_INST_0/O[4]
                         net (fo=0)                   0.031     0.776    NL_address0[8]
                                                                      r  NL_address0[8] (OUT)
  -------------------------------------------------------------------    -------------------

Slack:                    inf
  Source:                 bd_0_i/hls_inst/inst/tmp_1_reg_469_reg[5]/C
                            (rising edge-triggered cell FDRE clocked by ap_clk  {rise@0.000ns fall@4.000ns period=8.000ns})
  Destination:            NL_address0[7]
                            (output port)
  Path Group:             (none)
  Path Type:              Max at Slow Process Corner
  Data Path Delay:        0.666ns  (logic 0.198ns (29.730%)  route 0.468ns (70.270%))
  Logic Levels:           1  (CARRY8=1)
  Clock Uncertainty:      0.025ns  ((TSJ^2 + TIJ^2)^1/2 + DJ) / 2 + PE
    Total System Jitter     (TSJ):    0.050ns
    Total Input Jitter      (TIJ):    0.000ns
    Discrete Jitter          (DJ):    0.000ns
    Phase Error              (PE):    0.000ns

    Location             Delay type                Incr(ns)  Path(ns)    Netlist Resource(s)
  -------------------------------------------------------------------    -------------------
                         (clock ap_clk rise edge)     0.000     0.000 r  
                                                      0.000     0.000 r  ap_clk (IN)
                         net (fo=4330, unset)         0.030     0.030    bd_0_i/hls_inst/inst/ap_clk
    SLICE_X37Y151        FDRE                                         r  bd_0_i/hls_inst/inst/tmp_1_reg_469_reg[5]/C
  -------------------------------------------------------------------    -------------------
    SLICE_X37Y151        FDRE (Prop_GFF_SLICEM_C_Q)
                                                      0.078     0.108 r  bd_0_i/hls_inst/inst/tmp_1_reg_469_reg[5]/Q
                         net (fo=1, routed)           0.437     0.545    bd_0_i/hls_inst/inst/tmp_1_reg_469[5]
    SLICE_X36Y151        CARRY8 (Prop_CARRY8_SLICEL_S[1]_O[3])
                                                      0.120     0.665 r  bd_0_i/hls_inst/inst/NL_address0[4]_INST_0/O[3]
                         net (fo=0)                   0.031     0.696    NL_address0[7]
                                                                      r  NL_address0[7] (OUT)
  -------------------------------------------------------------------    -------------------

Slack:                    inf
  Source:                 bd_0_i/hls_inst/inst/tmp_1_reg_469_reg[5]/C
                            (rising edge-triggered cell FDRE clocked by ap_clk  {rise@0.000ns fall@4.000ns period=8.000ns})
  Destination:            NL_address0[6]
                            (output port)
  Path Group:             (none)
  Path Type:              Max at Slow Process Corner
  Data Path Delay:        0.662ns  (logic 0.192ns (29.003%)  route 0.470ns (70.997%))
  Logic Levels:           1  (CARRY8=1)
  Clock Uncertainty:      0.025ns  ((TSJ^2 + TIJ^2)^1/2 + DJ) / 2 + PE
    Total System Jitter     (TSJ):    0.050ns
    Total Input Jitter      (TIJ):    0.000ns
    Discrete Jitter          (DJ):    0.000ns
    Phase Error              (PE):    0.000ns

    Location             Delay type                Incr(ns)  Path(ns)    Netlist Resource(s)
  -------------------------------------------------------------------    -------------------
                         (clock ap_clk rise edge)     0.000     0.000 r  
                                                      0.000     0.000 r  ap_clk (IN)
                         net (fo=4330, unset)         0.030     0.030    bd_0_i/hls_inst/inst/ap_clk
    SLICE_X37Y151        FDRE                                         r  bd_0_i/hls_inst/inst/tmp_1_reg_469_reg[5]/C
  -------------------------------------------------------------------    -------------------
    SLICE_X37Y151        FDRE (Prop_GFF_SLICEM_C_Q)
                                                      0.078     0.108 r  bd_0_i/hls_inst/inst/tmp_1_reg_469_reg[5]/Q
                         net (fo=1, routed)           0.437     0.545    bd_0_i/hls_inst/inst/tmp_1_reg_469[5]
    SLICE_X36Y151        CARRY8 (Prop_CARRY8_SLICEL_S[1]_O[2])
                                                      0.114     0.659 r  bd_0_i/hls_inst/inst/NL_address0[4]_INST_0/O[2]
                         net (fo=0)                   0.033     0.692    NL_address0[6]
                                                                      r  NL_address0[6] (OUT)
  -------------------------------------------------------------------    -------------------

Slack:                    inf
  Source:                 bd_0_i/hls_inst/inst/tmp_1_reg_469_reg[5]/C
                            (rising edge-triggered cell FDRE clocked by ap_clk  {rise@0.000ns fall@4.000ns period=8.000ns})
  Destination:            NL_address0[5]
                            (output port)
  Path Group:             (none)
  Path Type:              Max at Slow Process Corner
  Data Path Delay:        0.601ns  (logic 0.131ns (21.797%)  route 0.470ns (78.203%))
  Logic Levels:           1  (CARRY8=1)
  Clock Uncertainty:      0.025ns  ((TSJ^2 + TIJ^2)^1/2 + DJ) / 2 + PE
    Total System Jitter     (TSJ):    0.050ns
    Total Input Jitter      (TIJ):    0.000ns
    Discrete Jitter          (DJ):    0.000ns
    Phase Error              (PE):    0.000ns

    Location             Delay type                Incr(ns)  Path(ns)    Netlist Resource(s)
  -------------------------------------------------------------------    -------------------
                         (clock ap_clk rise edge)     0.000     0.000 r  
                                                      0.000     0.000 r  ap_clk (IN)
                         net (fo=4330, unset)         0.030     0.030    bd_0_i/hls_inst/inst/ap_clk
    SLICE_X37Y151        FDRE                                         r  bd_0_i/hls_inst/inst/tmp_1_reg_469_reg[5]/C
  -------------------------------------------------------------------    -------------------
    SLICE_X37Y151        FDRE (Prop_GFF_SLICEM_C_Q)
                                                      0.078     0.108 r  bd_0_i/hls_inst/inst/tmp_1_reg_469_reg[5]/Q
                         net (fo=1, routed)           0.437     0.545    bd_0_i/hls_inst/inst/tmp_1_reg_469[5]
    SLICE_X36Y151        CARRY8 (Prop_CARRY8_SLICEL_S[1]_O[1])
                                                      0.053     0.598 r  bd_0_i/hls_inst/inst/NL_address0[4]_INST_0/O[1]
                         net (fo=0)                   0.033     0.631    NL_address0[5]
                                                                      r  NL_address0[5] (OUT)
  -------------------------------------------------------------------    -------------------

Slack:                    inf
  Source:                 bd_0_i/hls_inst/inst/i_fu_72_reg[5]/C
                            (rising edge-triggered cell FDRE clocked by ap_clk  {rise@0.000ns fall@4.000ns period=8.000ns})
  Destination:            ap_ctrl_done
                            (output port)
  Path Group:             (none)
  Path Type:              Max at Slow Process Corner
  Data Path Delay:        0.561ns  (logic 0.347ns (61.865%)  route 0.214ns (38.135%))
  Logic Levels:           2  (LUT5=1 LUT6=1)
  Clock Uncertainty:      0.025ns  ((TSJ^2 + TIJ^2)^1/2 + DJ) / 2 + PE
    Total System Jitter     (TSJ):    0.050ns
    Total Input Jitter      (TIJ):    0.000ns
    Discrete Jitter          (DJ):    0.000ns
    Phase Error              (PE):    0.000ns

    Location             Delay type                Incr(ns)  Path(ns)    Netlist Resource(s)
  -------------------------------------------------------------------    -------------------
                         (clock ap_clk rise edge)     0.000     0.000 r  
                                                      0.000     0.000 r  ap_clk (IN)
                         net (fo=4330, unset)         0.030     0.030    bd_0_i/hls_inst/inst/ap_clk
    SLICE_X37Y152        FDRE                                         r  bd_0_i/hls_inst/inst/i_fu_72_reg[5]/C
  -------------------------------------------------------------------    -------------------
    SLICE_X37Y152        FDRE (Prop_GFF2_SLICEM_C_Q)
                                                      0.079     0.109 f  bd_0_i/hls_inst/inst/i_fu_72_reg[5]/Q
                         net (fo=7, routed)           0.122     0.231    bd_0_i/hls_inst/inst/i_fu_72_reg_n_0_[5]
    SLICE_X37Y150        LUT6 (Prop_D6LUT_SLICEM_I5_O)
                                                      0.145     0.376 f  bd_0_i/hls_inst/inst/ap_ready_INST_0_i_1/O
                         net (fo=1, routed)           0.092     0.468    bd_0_i/hls_inst/inst/ap_ready_INST_0_i_1_n_0
    SLICE_X37Y151        LUT5 (Prop_F6LUT_SLICEM_I4_O)
                                                      0.123     0.591 r  bd_0_i/hls_inst/inst/ap_ready_INST_0/O
                         net (fo=2, unset)            0.000     0.591    ap_ctrl_done
                                                                      r  ap_ctrl_done (OUT)
  -------------------------------------------------------------------    -------------------

Slack:                    inf
  Source:                 bd_0_i/hls_inst/inst/i_fu_72_reg[5]/C
                            (rising edge-triggered cell FDRE clocked by ap_clk  {rise@0.000ns fall@4.000ns period=8.000ns})
  Destination:            ap_ctrl_ready
                            (output port)
  Path Group:             (none)
  Path Type:              Max at Slow Process Corner
  Data Path Delay:        0.561ns  (logic 0.347ns (61.865%)  route 0.214ns (38.135%))
  Logic Levels:           2  (LUT5=1 LUT6=1)
  Clock Uncertainty:      0.025ns  ((TSJ^2 + TIJ^2)^1/2 + DJ) / 2 + PE
    Total System Jitter     (TSJ):    0.050ns
    Total Input Jitter      (TIJ):    0.000ns
    Discrete Jitter          (DJ):    0.000ns
    Phase Error              (PE):    0.000ns

    Location             Delay type                Incr(ns)  Path(ns)    Netlist Resource(s)
  -------------------------------------------------------------------    -------------------
                         (clock ap_clk rise edge)     0.000     0.000 r  
                                                      0.000     0.000 r  ap_clk (IN)
                         net (fo=4330, unset)         0.030     0.030    bd_0_i/hls_inst/inst/ap_clk
    SLICE_X37Y152        FDRE                                         r  bd_0_i/hls_inst/inst/i_fu_72_reg[5]/C
  -------------------------------------------------------------------    -------------------
    SLICE_X37Y152        FDRE (Prop_GFF2_SLICEM_C_Q)
                                                      0.079     0.109 f  bd_0_i/hls_inst/inst/i_fu_72_reg[5]/Q
                         net (fo=7, routed)           0.122     0.231    bd_0_i/hls_inst/inst/i_fu_72_reg_n_0_[5]
    SLICE_X37Y150        LUT6 (Prop_D6LUT_SLICEM_I5_O)
                                                      0.145     0.376 f  bd_0_i/hls_inst/inst/ap_ready_INST_0_i_1/O
                         net (fo=1, routed)           0.092     0.468    bd_0_i/hls_inst/inst/ap_ready_INST_0_i_1_n_0
    SLICE_X37Y151        LUT5 (Prop_F6LUT_SLICEM_I4_O)
                                                      0.123     0.591 r  bd_0_i/hls_inst/inst/ap_ready_INST_0/O
                         net (fo=2, unset)            0.000     0.591    ap_ctrl_ready
                                                                      r  ap_ctrl_ready (OUT)
  -------------------------------------------------------------------    -------------------

Slack:                    inf
  Source:                 bd_0_i/hls_inst/inst/i_fu_72_reg[3]/C
                            (rising edge-triggered cell FDRE clocked by ap_clk  {rise@0.000ns fall@4.000ns period=8.000ns})
  Destination:            position_x_address0[3]
                            (output port)
  Path Group:             (none)
  Path Type:              Max at Slow Process Corner
  Data Path Delay:        0.472ns  (logic 0.214ns (45.307%)  route 0.258ns (54.693%))
  Logic Levels:           1  (LUT3=1)
  Clock Uncertainty:      0.025ns  ((TSJ^2 + TIJ^2)^1/2 + DJ) / 2 + PE
    Total System Jitter     (TSJ):    0.050ns
    Total Input Jitter      (TIJ):    0.000ns
    Discrete Jitter          (DJ):    0.000ns
    Phase Error              (PE):    0.000ns

    Location             Delay type                Incr(ns)  Path(ns)    Netlist Resource(s)
  -------------------------------------------------------------------    -------------------
                         (clock ap_clk rise edge)     0.000     0.000 r  
                                                      0.000     0.000 r  ap_clk (IN)
                         net (fo=4330, unset)         0.030     0.030    bd_0_i/hls_inst/inst/ap_clk
    SLICE_X37Y152        FDRE                                         r  bd_0_i/hls_inst/inst/i_fu_72_reg[3]/C
  -------------------------------------------------------------------    -------------------
    SLICE_X37Y152        FDRE (Prop_FFF2_SLICEM_C_Q)
                                                      0.079     0.109 r  bd_0_i/hls_inst/inst/i_fu_72_reg[3]/Q
                         net (fo=7, routed)           0.233     0.342    bd_0_i/hls_inst/inst/i_fu_72_reg_n_0_[3]
    SLICE_X37Y151        LUT3 (Prop_H5LUT_SLICEM_I2_O)
                                                      0.135     0.477 r  bd_0_i/hls_inst/inst/position_z_address0[3]_INST_0/O
                         net (fo=0)                   0.025     0.502    position_x_address0[3]
                                                                      r  position_x_address0[3] (OUT)
  -------------------------------------------------------------------    -------------------





Min Delay Paths
--------------------------------------------------------------------------------------
Slack:                    inf
  Source:                 bd_0_i/hls_inst/inst/j_reg_191_reg[2]/C
                            (rising edge-triggered cell FDRE clocked by ap_clk  {rise@0.000ns fall@4.000ns period=8.000ns})
  Destination:            NL_address0[2]
                            (output port)
  Path Group:             (none)
  Path Type:              Min at Fast Process Corner
  Data Path Delay:        0.037ns  (logic 0.037ns (100.000%)  route 0.000ns (0.000%))
  Logic Levels:           0  
  Clock Uncertainty:      0.025ns  ((TSJ^2 + TIJ^2)^1/2 + DJ) / 2 + PE
    Total System Jitter     (TSJ):    0.050ns
    Total Input Jitter      (TIJ):    0.000ns
    Discrete Jitter          (DJ):    0.000ns
    Phase Error              (PE):    0.000ns

    Location             Delay type                Incr(ns)  Path(ns)    Netlist Resource(s)
  -------------------------------------------------------------------    -------------------
                         (clock ap_clk rise edge)     0.000     0.000 r  
                                                      0.000     0.000 r  ap_clk (IN)
                         net (fo=4330, unset)         0.013     0.013    bd_0_i/hls_inst/inst/ap_clk
    SLICE_X35Y151        FDRE                                         r  bd_0_i/hls_inst/inst/j_reg_191_reg[2]/C
  -------------------------------------------------------------------    -------------------
    SLICE_X35Y151        FDRE (Prop_FFF_SLICEM_C_Q)
                                                      0.037     0.050 r  bd_0_i/hls_inst/inst/j_reg_191_reg[2]/Q
                         net (fo=5, unset)            0.000     0.050    NL_address0[2]
                                                                      r  NL_address0[2] (OUT)
  -------------------------------------------------------------------    -------------------

Slack:                    inf
  Source:                 bd_0_i/hls_inst/inst/fy_reg_214_reg[24]/C
                            (rising edge-triggered cell FDRE clocked by ap_clk  {rise@0.000ns fall@4.000ns period=8.000ns})
  Destination:            force_y_d0[24]
                            (output port)
  Path Group:             (none)
  Path Type:              Min at Fast Process Corner
  Data Path Delay:        0.037ns  (logic 0.037ns (100.000%)  route 0.000ns (0.000%))
  Logic Levels:           0  
  Clock Uncertainty:      0.025ns  ((TSJ^2 + TIJ^2)^1/2 + DJ) / 2 + PE
    Total System Jitter     (TSJ):    0.050ns
    Total Input Jitter      (TIJ):    0.000ns
    Discrete Jitter          (DJ):    0.000ns
    Phase Error              (PE):    0.000ns

    Location             Delay type                Incr(ns)  Path(ns)    Netlist Resource(s)
  -------------------------------------------------------------------    -------------------
                         (clock ap_clk rise edge)     0.000     0.000 r  
                                                      0.000     0.000 r  ap_clk (IN)
                         net (fo=4330, unset)         0.013     0.013    bd_0_i/hls_inst/inst/ap_clk
    SLICE_X46Y113        FDRE                                         r  bd_0_i/hls_inst/inst/fy_reg_214_reg[24]/C
  -------------------------------------------------------------------    -------------------
    SLICE_X46Y113        FDRE (Prop_FFF_SLICEM_C_Q)
                                                      0.037     0.050 r  bd_0_i/hls_inst/inst/fy_reg_214_reg[24]/Q
                         net (fo=1, unset)            0.000     0.050    force_y_d0[24]
                                                                      r  force_y_d0[24] (OUT)
  -------------------------------------------------------------------    -------------------

Slack:                    inf
  Source:                 bd_0_i/hls_inst/inst/fy_reg_214_reg[26]/C
                            (rising edge-triggered cell FDRE clocked by ap_clk  {rise@0.000ns fall@4.000ns period=8.000ns})
  Destination:            force_y_d0[26]
                            (output port)
  Path Group:             (none)
  Path Type:              Min at Fast Process Corner
  Data Path Delay:        0.037ns  (logic 0.037ns (100.000%)  route 0.000ns (0.000%))
  Logic Levels:           0  
  Clock Uncertainty:      0.025ns  ((TSJ^2 + TIJ^2)^1/2 + DJ) / 2 + PE
    Total System Jitter     (TSJ):    0.050ns
    Total Input Jitter      (TIJ):    0.000ns
    Discrete Jitter          (DJ):    0.000ns
    Phase Error              (PE):    0.000ns

    Location             Delay type                Incr(ns)  Path(ns)    Netlist Resource(s)
  -------------------------------------------------------------------    -------------------
                         (clock ap_clk rise edge)     0.000     0.000 r  
                                                      0.000     0.000 r  ap_clk (IN)
                         net (fo=4330, unset)         0.013     0.013    bd_0_i/hls_inst/inst/ap_clk
    SLICE_X48Y117        FDRE                                         r  bd_0_i/hls_inst/inst/fy_reg_214_reg[26]/C
  -------------------------------------------------------------------    -------------------
    SLICE_X48Y117        FDRE (Prop_FFF_SLICEM_C_Q)
                                                      0.037     0.050 r  bd_0_i/hls_inst/inst/fy_reg_214_reg[26]/Q
                         net (fo=1, unset)            0.000     0.050    force_y_d0[26]
                                                                      r  force_y_d0[26] (OUT)
  -------------------------------------------------------------------    -------------------

Slack:                    inf
  Source:                 bd_0_i/hls_inst/inst/fy_reg_214_reg[6]/C
                            (rising edge-triggered cell FDRE clocked by ap_clk  {rise@0.000ns fall@4.000ns period=8.000ns})
  Destination:            force_y_d0[6]
                            (output port)
  Path Group:             (none)
  Path Type:              Min at Fast Process Corner
  Data Path Delay:        0.037ns  (logic 0.037ns (100.000%)  route 0.000ns (0.000%))
  Logic Levels:           0  
  Clock Uncertainty:      0.025ns  ((TSJ^2 + TIJ^2)^1/2 + DJ) / 2 + PE
    Total System Jitter     (TSJ):    0.050ns
    Total Input Jitter      (TIJ):    0.000ns
    Discrete Jitter          (DJ):    0.000ns
    Phase Error              (PE):    0.000ns

    Location             Delay type                Incr(ns)  Path(ns)    Netlist Resource(s)
  -------------------------------------------------------------------    -------------------
                         (clock ap_clk rise edge)     0.000     0.000 r  
                                                      0.000     0.000 r  ap_clk (IN)
                         net (fo=4330, unset)         0.013     0.013    bd_0_i/hls_inst/inst/ap_clk
    SLICE_X44Y108        FDRE                                         r  bd_0_i/hls_inst/inst/fy_reg_214_reg[6]/C
  -------------------------------------------------------------------    -------------------
    SLICE_X44Y108        FDRE (Prop_FFF_SLICEM_C_Q)
                                                      0.037     0.050 r  bd_0_i/hls_inst/inst/fy_reg_214_reg[6]/Q
                         net (fo=1, unset)            0.000     0.050    force_y_d0[6]
                                                                      r  force_y_d0[6] (OUT)
  -------------------------------------------------------------------    -------------------

Slack:                    inf
  Source:                 bd_0_i/hls_inst/inst/fz_reg_202_reg[18]/C
                            (rising edge-triggered cell FDRE clocked by ap_clk  {rise@0.000ns fall@4.000ns period=8.000ns})
  Destination:            force_z_d0[18]
                            (output port)
  Path Group:             (none)
  Path Type:              Min at Fast Process Corner
  Data Path Delay:        0.037ns  (logic 0.037ns (100.000%)  route 0.000ns (0.000%))
  Logic Levels:           0  
  Clock Uncertainty:      0.025ns  ((TSJ^2 + TIJ^2)^1/2 + DJ) / 2 + PE
    Total System Jitter     (TSJ):    0.050ns
    Total Input Jitter      (TIJ):    0.000ns
    Discrete Jitter          (DJ):    0.000ns
    Phase Error              (PE):    0.000ns

    Location             Delay type                Incr(ns)  Path(ns)    Netlist Resource(s)
  -------------------------------------------------------------------    -------------------
                         (clock ap_clk rise edge)     0.000     0.000 r  
                                                      0.000     0.000 r  ap_clk (IN)
                         net (fo=4330, unset)         0.013     0.013    bd_0_i/hls_inst/inst/ap_clk
    SLICE_X53Y140        FDRE                                         r  bd_0_i/hls_inst/inst/fz_reg_202_reg[18]/C
  -------------------------------------------------------------------    -------------------
    SLICE_X53Y140        FDRE (Prop_FFF_SLICEM_C_Q)
                                                      0.037     0.050 r  bd_0_i/hls_inst/inst/fz_reg_202_reg[18]/Q
                         net (fo=1, unset)            0.000     0.050    force_z_d0[18]
                                                                      r  force_z_d0[18] (OUT)
  -------------------------------------------------------------------    -------------------

Slack:                    inf
  Source:                 bd_0_i/hls_inst/inst/fz_reg_202_reg[24]/C
                            (rising edge-triggered cell FDRE clocked by ap_clk  {rise@0.000ns fall@4.000ns period=8.000ns})
  Destination:            force_z_d0[24]
                            (output port)
  Path Group:             (none)
  Path Type:              Min at Fast Process Corner
  Data Path Delay:        0.037ns  (logic 0.037ns (100.000%)  route 0.000ns (0.000%))
  Logic Levels:           0  
  Clock Uncertainty:      0.025ns  ((TSJ^2 + TIJ^2)^1/2 + DJ) / 2 + PE
    Total System Jitter     (TSJ):    0.050ns
    Total Input Jitter      (TIJ):    0.000ns
    Discrete Jitter          (DJ):    0.000ns
    Phase Error              (PE):    0.000ns

    Location             Delay type                Incr(ns)  Path(ns)    Netlist Resource(s)
  -------------------------------------------------------------------    -------------------
                         (clock ap_clk rise edge)     0.000     0.000 r  
                                                      0.000     0.000 r  ap_clk (IN)
                         net (fo=4330, unset)         0.013     0.013    bd_0_i/hls_inst/inst/ap_clk
    SLICE_X53Y143        FDRE                                         r  bd_0_i/hls_inst/inst/fz_reg_202_reg[24]/C
  -------------------------------------------------------------------    -------------------
    SLICE_X53Y143        FDRE (Prop_FFF_SLICEM_C_Q)
                                                      0.037     0.050 r  bd_0_i/hls_inst/inst/fz_reg_202_reg[24]/Q
                         net (fo=1, unset)            0.000     0.050    force_z_d0[24]
                                                                      r  force_z_d0[24] (OUT)
  -------------------------------------------------------------------    -------------------

Slack:                    inf
  Source:                 bd_0_i/hls_inst/inst/fz_reg_202_reg[32]/C
                            (rising edge-triggered cell FDRE clocked by ap_clk  {rise@0.000ns fall@4.000ns period=8.000ns})
  Destination:            force_z_d0[32]
                            (output port)
  Path Group:             (none)
  Path Type:              Min at Fast Process Corner
  Data Path Delay:        0.037ns  (logic 0.037ns (100.000%)  route 0.000ns (0.000%))
  Logic Levels:           0  
  Clock Uncertainty:      0.025ns  ((TSJ^2 + TIJ^2)^1/2 + DJ) / 2 + PE
    Total System Jitter     (TSJ):    0.050ns
    Total Input Jitter      (TIJ):    0.000ns
    Discrete Jitter          (DJ):    0.000ns
    Phase Error              (PE):    0.000ns

    Location             Delay type                Incr(ns)  Path(ns)    Netlist Resource(s)
  -------------------------------------------------------------------    -------------------
                         (clock ap_clk rise edge)     0.000     0.000 r  
                                                      0.000     0.000 r  ap_clk (IN)
                         net (fo=4330, unset)         0.013     0.013    bd_0_i/hls_inst/inst/ap_clk
    SLICE_X52Y139        FDRE                                         r  bd_0_i/hls_inst/inst/fz_reg_202_reg[32]/C
  -------------------------------------------------------------------    -------------------
    SLICE_X52Y139        FDRE (Prop_FFF_SLICEM_C_Q)
                                                      0.037     0.050 r  bd_0_i/hls_inst/inst/fz_reg_202_reg[32]/Q
                         net (fo=1, unset)            0.000     0.050    force_z_d0[32]
                                                                      r  force_z_d0[32] (OUT)
  -------------------------------------------------------------------    -------------------

Slack:                    inf
  Source:                 bd_0_i/hls_inst/inst/fz_reg_202_reg[50]/C
                            (rising edge-triggered cell FDRE clocked by ap_clk  {rise@0.000ns fall@4.000ns period=8.000ns})
  Destination:            force_z_d0[50]
                            (output port)
  Path Group:             (none)
  Path Type:              Min at Fast Process Corner
  Data Path Delay:        0.037ns  (logic 0.037ns (100.000%)  route 0.000ns (0.000%))
  Logic Levels:           0  
  Clock Uncertainty:      0.025ns  ((TSJ^2 + TIJ^2)^1/2 + DJ) / 2 + PE
    Total System Jitter     (TSJ):    0.050ns
    Total Input Jitter      (TIJ):    0.000ns
    Discrete Jitter          (DJ):    0.000ns
    Phase Error              (PE):    0.000ns

    Location             Delay type                Incr(ns)  Path(ns)    Netlist Resource(s)
  -------------------------------------------------------------------    -------------------
                         (clock ap_clk rise edge)     0.000     0.000 r  
                                                      0.000     0.000 r  ap_clk (IN)
                         net (fo=4330, unset)         0.013     0.013    bd_0_i/hls_inst/inst/ap_clk
    SLICE_X50Y147        FDRE                                         r  bd_0_i/hls_inst/inst/fz_reg_202_reg[50]/C
  -------------------------------------------------------------------    -------------------
    SLICE_X50Y147        FDRE (Prop_FFF_SLICEM_C_Q)
                                                      0.037     0.050 r  bd_0_i/hls_inst/inst/fz_reg_202_reg[50]/Q
                         net (fo=1, unset)            0.000     0.050    force_z_d0[50]
                                                                      r  force_z_d0[50] (OUT)
  -------------------------------------------------------------------    -------------------

Slack:                    inf
  Source:                 bd_0_i/hls_inst/inst/fz_reg_202_reg[62]/C
                            (rising edge-triggered cell FDRE clocked by ap_clk  {rise@0.000ns fall@4.000ns period=8.000ns})
  Destination:            force_z_d0[62]
                            (output port)
  Path Group:             (none)
  Path Type:              Min at Fast Process Corner
  Data Path Delay:        0.037ns  (logic 0.037ns (100.000%)  route 0.000ns (0.000%))
  Logic Levels:           0  
  Clock Uncertainty:      0.025ns  ((TSJ^2 + TIJ^2)^1/2 + DJ) / 2 + PE
    Total System Jitter     (TSJ):    0.050ns
    Total Input Jitter      (TIJ):    0.000ns
    Discrete Jitter          (DJ):    0.000ns
    Phase Error              (PE):    0.000ns

    Location             Delay type                Incr(ns)  Path(ns)    Netlist Resource(s)
  -------------------------------------------------------------------    -------------------
                         (clock ap_clk rise edge)     0.000     0.000 r  
                                                      0.000     0.000 r  ap_clk (IN)
                         net (fo=4330, unset)         0.013     0.013    bd_0_i/hls_inst/inst/ap_clk
    SLICE_X46Y151        FDRE                                         r  bd_0_i/hls_inst/inst/fz_reg_202_reg[62]/C
  -------------------------------------------------------------------    -------------------
    SLICE_X46Y151        FDRE (Prop_FFF_SLICEM_C_Q)
                                                      0.037     0.050 r  bd_0_i/hls_inst/inst/fz_reg_202_reg[62]/Q
                         net (fo=1, unset)            0.000     0.050    force_z_d0[62]
                                                                      r  force_z_d0[62] (OUT)
  -------------------------------------------------------------------    -------------------

Slack:                    inf
  Source:                 bd_0_i/hls_inst/inst/j_reg_191_reg[0]/C
                            (rising edge-triggered cell FDRE clocked by ap_clk  {rise@0.000ns fall@4.000ns period=8.000ns})
  Destination:            NL_address0[0]
                            (output port)
  Path Group:             (none)
  Path Type:              Min at Fast Process Corner
  Data Path Delay:        0.038ns  (logic 0.038ns (100.000%)  route 0.000ns (0.000%))
  Logic Levels:           0  
  Clock Uncertainty:      0.025ns  ((TSJ^2 + TIJ^2)^1/2 + DJ) / 2 + PE
    Total System Jitter     (TSJ):    0.050ns
    Total Input Jitter      (TIJ):    0.000ns
    Discrete Jitter          (DJ):    0.000ns
    Phase Error              (PE):    0.000ns

    Location             Delay type                Incr(ns)  Path(ns)    Netlist Resource(s)
  -------------------------------------------------------------------    -------------------
                         (clock ap_clk rise edge)     0.000     0.000 r  
                                                      0.000     0.000 r  ap_clk (IN)
                         net (fo=4330, unset)         0.013     0.013    bd_0_i/hls_inst/inst/ap_clk
    SLICE_X35Y151        FDRE                                         r  bd_0_i/hls_inst/inst/j_reg_191_reg[0]/C
  -------------------------------------------------------------------    -------------------
    SLICE_X35Y151        FDRE (Prop_EFF_SLICEM_C_Q)
                                                      0.038     0.051 r  bd_0_i/hls_inst/inst/j_reg_191_reg[0]/Q
                         net (fo=7, unset)            0.000     0.051    NL_address0[0]
                                                                      r  NL_address0[0] (OUT)
  -------------------------------------------------------------------    -------------------





--------------------------------------------------------------------------------------
Path Group:  (none)
From Clock:  
  To Clock:  ap_clk

Max Delay          1361 Endpoints
Min Delay          1361 Endpoints
--------------------------------------------------------------------------------------


Max Delay Paths
--------------------------------------------------------------------------------------
Slack:                    inf
  Source:                 bd_0_i/hls_inst/inst/dadddsub_64ns_64ns_64_4_full_dsp_1_U2/md_kernel_dadddsub_64ns_64ns_64_4_full_dsp_1_ip_u/inst/i_synth/ADDSUB_OP.ADDSUB/LOGIC_SPEED.OP/ALIGN_BLK/FRAC_ADDSUB/DSP_ADD.FRAC_ADDSUB/i_no_versal_es1_workaround.DSP48E1_GEN.DSP48E1_DEL/i_no_versal_es1_workaround.DSP/DSP_A_B_DATA_INST/B_ALU[1]
                            (internal pin)
  Destination:            bd_0_i/hls_inst/inst/dadddsub_64ns_64ns_64_4_full_dsp_1_U2/md_kernel_dadddsub_64ns_64ns_64_4_full_dsp_1_ip_u/inst/i_synth/ADDSUB_OP.ADDSUB/LOGIC_SPEED.OP/NORM/LZE/ENCODE[0].MUX_0/OP_DEL/i_pipe/opt_has_pipe.first_q_reg[1]/D
                            (rising edge-triggered cell FDRE clocked by ap_clk  {rise@0.000ns fall@4.000ns period=8.000ns})
  Path Group:             (none)
  Path Type:              Setup (Max at Slow Process Corner)
  Data Path Delay:        3.342ns  (logic 1.827ns (54.666%)  route 1.515ns (45.334%))
  Logic Levels:           10  (CARRY8=1 DSP_ALU=2 DSP_OUTPUT=2 LUT2=1 LUT5=1 LUT6=3)
  Clock Uncertainty:      0.025ns  ((TSJ^2 + TIJ^2)^1/2 + DJ) / 2 + PE
    Total System Jitter     (TSJ):    0.050ns
    Total Input Jitter      (TIJ):    0.000ns
    Discrete Jitter          (DJ):    0.000ns
    Phase Error              (PE):    0.000ns

    Location             Delay type                Incr(ns)  Path(ns)    Netlist Resource(s)
  -------------------------------------------------------------------    -------------------
    DSP48E2_X5Y38        DSP_A_B_DATA                 0.000     0.000 r  bd_0_i/hls_inst/inst/dadddsub_64ns_64ns_64_4_full_dsp_1_U2/md_kernel_dadddsub_64ns_64ns_64_4_full_dsp_1_ip_u/inst/i_synth/ADDSUB_OP.ADDSUB/LOGIC_SPEED.OP/ALIGN_BLK/FRAC_ADDSUB/DSP_ADD.FRAC_ADDSUB/i_no_versal_es1_workaround.DSP48E1_GEN.DSP48E1_DEL/i_no_versal_es1_workaround.DSP/DSP_A_B_DATA_INST/B_ALU[1]
                         net (fo=1, routed)           0.000     0.000    bd_0_i/hls_inst/inst/dadddsub_64ns_64ns_64_4_full_dsp_1_U2/md_kernel_dadddsub_64ns_64ns_64_4_full_dsp_1_ip_u/inst/i_synth/ADDSUB_OP.ADDSUB/LOGIC_SPEED.OP/ALIGN_BLK/FRAC_ADDSUB/DSP_ADD.FRAC_ADDSUB/i_no_versal_es1_workaround.DSP48E1_GEN.DSP48E1_DEL/i_no_versal_es1_workaround.DSP/DSP_A_B_DATA.B_ALU<1>
    DSP48E2_X5Y38        DSP_ALU (Prop_DSP_ALU_DSP48E2_B_ALU[1]_ALU_OUT[47])
                                                      0.541     0.541 f  bd_0_i/hls_inst/inst/dadddsub_64ns_64ns_64_4_full_dsp_1_U2/md_kernel_dadddsub_64ns_64ns_64_4_full_dsp_1_ip_u/inst/i_synth/ADDSUB_OP.ADDSUB/LOGIC_SPEED.OP/ALIGN_BLK/FRAC_ADDSUB/DSP_ADD.FRAC_ADDSUB/i_no_versal_es1_workaround.DSP48E1_GEN.DSP48E1_DEL/i_no_versal_es1_workaround.DSP/DSP_ALU_INST/ALU_OUT[47]
                         net (fo=1, routed)           0.000     0.541    bd_0_i/hls_inst/inst/dadddsub_64ns_64ns_64_4_full_dsp_1_U2/md_kernel_dadddsub_64ns_64ns_64_4_full_dsp_1_ip_u/inst/i_synth/ADDSUB_OP.ADDSUB/LOGIC_SPEED.OP/ALIGN_BLK/FRAC_ADDSUB/DSP_ADD.FRAC_ADDSUB/i_no_versal_es1_workaround.DSP48E1_GEN.DSP48E1_DEL/i_no_versal_es1_workaround.DSP/DSP_ALU.ALU_OUT<47>
    DSP48E2_X5Y38        DSP_OUTPUT (Prop_DSP_OUTPUT_DSP48E2_ALU_OUT[47]_PCOUT[47])
                                                      0.122     0.663 r  bd_0_i/hls_inst/inst/dadddsub_64ns_64ns_64_4_full_dsp_1_U2/md_kernel_dadddsub_64ns_64ns_64_4_full_dsp_1_ip_u/inst/i_synth/ADDSUB_OP.ADDSUB/LOGIC_SPEED.OP/ALIGN_BLK/FRAC_ADDSUB/DSP_ADD.FRAC_ADDSUB/i_no_versal_es1_workaround.DSP48E1_GEN.DSP48E1_DEL/i_no_versal_es1_workaround.DSP/DSP_OUTPUT_INST/PCOUT[47]
                         net (fo=1, routed)           0.014     0.677    bd_0_i/hls_inst/inst/dadddsub_64ns_64ns_64_4_full_dsp_1_U2/md_kernel_dadddsub_64ns_64ns_64_4_full_dsp_1_ip_u/inst/i_synth/ADDSUB_OP.ADDSUB/LOGIC_SPEED.OP/ALIGN_BLK/FRAC_ADDSUB/DSP_ADD.FRAC_ADDSUB/i_no_versal_es1_workaround.DSP48E1_ADD.DSP48E1_ADD/i_no_versal_es1_workaround.DSP/PCIN[47]
    DSP48E2_X5Y39        DSP_ALU (Prop_DSP_ALU_DSP48E2_PCIN[47]_ALU_OUT[47])
                                                      0.546     1.223 f  bd_0_i/hls_inst/inst/dadddsub_64ns_64ns_64_4_full_dsp_1_U2/md_kernel_dadddsub_64ns_64ns_64_4_full_dsp_1_ip_u/inst/i_synth/ADDSUB_OP.ADDSUB/LOGIC_SPEED.OP/ALIGN_BLK/FRAC_ADDSUB/DSP_ADD.FRAC_ADDSUB/i_no_versal_es1_workaround.DSP48E1_ADD.DSP48E1_ADD/i_no_versal_es1_workaround.DSP/DSP_ALU_INST/ALU_OUT[47]
                         net (fo=1, routed)           0.000     1.223    bd_0_i/hls_inst/inst/dadddsub_64ns_64ns_64_4_full_dsp_1_U2/md_kernel_dadddsub_64ns_64ns_64_4_full_dsp_1_ip_u/inst/i_synth/ADDSUB_OP.ADDSUB/LOGIC_SPEED.OP/ALIGN_BLK/FRAC_ADDSUB/DSP_ADD.FRAC_ADDSUB/i_no_versal_es1_workaround.DSP48E1_ADD.DSP48E1_ADD/i_no_versal_es1_workaround.DSP/DSP_ALU.ALU_OUT<47>
    DSP48E2_X5Y39        DSP_OUTPUT (Prop_DSP_OUTPUT_DSP48E2_ALU_OUT[47]_P[47])
                                                      0.109     1.332 r  bd_0_i/hls_inst/inst/dadddsub_64ns_64ns_64_4_full_dsp_1_U2/md_kernel_dadddsub_64ns_64ns_64_4_full_dsp_1_ip_u/inst/i_synth/ADDSUB_OP.ADDSUB/LOGIC_SPEED.OP/ALIGN_BLK/FRAC_ADDSUB/DSP_ADD.FRAC_ADDSUB/i_no_versal_es1_workaround.DSP48E1_ADD.DSP48E1_ADD/i_no_versal_es1_workaround.DSP/DSP_OUTPUT_INST/P[47]
                         net (fo=16, routed)          0.353     1.685    bd_0_i/hls_inst/inst/dadddsub_64ns_64ns_64_4_full_dsp_1_U2/md_kernel_dadddsub_64ns_64ns_64_4_full_dsp_1_ip_u/inst/i_synth/ADDSUB_OP.ADDSUB/LOGIC_SPEED.OP/ALIGN_BLK/FRAC_ADDSUB/DSP_ADD.FRAC_ADDSUB/i_no_versal_es1_workaround.LOGIC_ADD.ADD_0/P[0]
    SLICE_X40Y115        LUT5 (Prop_G6LUT_SLICEL_I3_O)
                                                      0.035     1.720 f  bd_0_i/hls_inst/inst/dadddsub_64ns_64ns_64_4_full_dsp_1_U2/md_kernel_dadddsub_64ns_64ns_64_4_full_dsp_1_ip_u/inst/i_synth/ADDSUB_OP.ADDSUB/LOGIC_SPEED.OP/ALIGN_BLK/FRAC_ADDSUB/DSP_ADD.FRAC_ADDSUB/i_no_versal_es1_workaround.LOGIC_ADD.ADD_0/CHAIN_GEN[0].C_MUX.CARRY_MUX_i_2__1/O
                         net (fo=2, routed)           0.199     1.918    bd_0_i/hls_inst/inst/dadddsub_64ns_64ns_64_4_full_dsp_1_U2/md_kernel_dadddsub_64ns_64ns_64_4_full_dsp_1_ip_u/inst/i_synth/ADDSUB_OP.ADDSUB/LOGIC_SPEED.OP/ALIGN_BLK/FRAC_ADDSUB/DSP_ADD.FRAC_ADDSUB/i_no_versal_es1_workaround.LOGIC_ADD.ADD_0/CHAIN_GEN[6].Q_XOR.SUM_XOR_0
    SLICE_X41Y114        LUT6 (Prop_A6LUT_SLICEM_I5_O)
                                                      0.053     1.971 r  bd_0_i/hls_inst/inst/dadddsub_64ns_64ns_64_4_full_dsp_1_U2/md_kernel_dadddsub_64ns_64ns_64_4_full_dsp_1_ip_u/inst/i_synth/ADDSUB_OP.ADDSUB/LOGIC_SPEED.OP/ALIGN_BLK/FRAC_ADDSUB/DSP_ADD.FRAC_ADDSUB/i_no_versal_es1_workaround.LOGIC_ADD.ADD_0/CHAIN_GEN[0].C_MUX.CARRY_MUX_i_1__3/O
                         net (fo=1, routed)           0.013     1.984    bd_0_i/hls_inst/inst/dadddsub_64ns_64ns_64_4_full_dsp_1_U2/md_kernel_dadddsub_64ns_64ns_64_4_full_dsp_1_ip_u/inst/i_synth/ADDSUB_OP.ADDSUB/LOGIC_SPEED.OP/NORM/LZE/ZERO_DET_CC_1/chunk_is_zero[0]
    SLICE_X41Y114        CARRY8 (Prop_CARRY8_SLICEM_S[0]_CO[7])
                                                      0.206     2.190 r  bd_0_i/hls_inst/inst/dadddsub_64ns_64ns_64_4_full_dsp_1_U2/md_kernel_dadddsub_64ns_64ns_64_4_full_dsp_1_ip_u/inst/i_synth/ADDSUB_OP.ADDSUB/LOGIC_SPEED.OP/NORM/LZE/ZERO_DET_CC_1/CHAIN_GEN[0].C_MUX.CARRY_MUX_CARRY4_CARRY8/CO[7]
                         net (fo=67, routed)          0.238     2.428    bd_0_i/hls_inst/inst/dadddsub_64ns_64ns_64_4_full_dsp_1_U2/md_kernel_dadddsub_64ns_64ns_64_4_full_dsp_1_ip_u/inst/i_synth/ADDSUB_OP.ADDSUB/LOGIC_SPEED.OP/NORM/LZE/ZERO_DET_CC_1/CARRYS_OUT[1]
    SLICE_X41Y115        LUT2 (Prop_G5LUT_SLICEM_I0_O)
                                                      0.137     2.565 r  bd_0_i/hls_inst/inst/dadddsub_64ns_64ns_64_4_full_dsp_1_U2/md_kernel_dadddsub_64ns_64ns_64_4_full_dsp_1_ip_u/inst/i_synth/ADDSUB_OP.ADDSUB/LOGIC_SPEED.OP/NORM/LZE/ZERO_DET_CC_1/opt_has_pipe.first_q[7]_i_3/O
                         net (fo=7, routed)           0.356     2.921    bd_0_i/hls_inst/inst/dadddsub_64ns_64ns_64_4_full_dsp_1_U2/md_kernel_dadddsub_64ns_64ns_64_4_full_dsp_1_ip_u/inst/i_synth/ADDSUB_OP.ADDSUB/LOGIC_SPEED.OP/ALIGN_BLK/FRAC_ADDSUB/DSP_ADD.FRAC_ADDSUB/i_no_versal_es1_workaround.DSP48E1_ADD.DSP48E1_ADD/opt_has_pipe.first_q_reg[7]
    SLICE_X44Y113        LUT6 (Prop_H6LUT_SLICEM_I5_O)
                                                      0.039     2.960 r  bd_0_i/hls_inst/inst/dadddsub_64ns_64ns_64_4_full_dsp_1_U2/md_kernel_dadddsub_64ns_64ns_64_4_full_dsp_1_ip_u/inst/i_synth/ADDSUB_OP.ADDSUB/LOGIC_SPEED.OP/ALIGN_BLK/FRAC_ADDSUB/DSP_ADD.FRAC_ADDSUB/i_no_versal_es1_workaround.DSP48E1_ADD.DSP48E1_ADD/opt_has_pipe.first_q[1]_i_2__1/O
                         net (fo=1, routed)           0.285     3.245    bd_0_i/hls_inst/inst/dadddsub_64ns_64ns_64_4_full_dsp_1_U2/md_kernel_dadddsub_64ns_64ns_64_4_full_dsp_1_ip_u/inst/i_synth/ADDSUB_OP.ADDSUB/LOGIC_SPEED.OP/ALIGN_BLK/FRAC_ADDSUB/DSP_ADD.FRAC_ADDSUB/i_no_versal_es1_workaround.DSP48E1_ADD.DSP48E1_ADD/opt_has_pipe.first_q[1]_i_2__1_n_0
    SLICE_X41Y115        LUT6 (Prop_H6LUT_SLICEM_I0_O)
                                                      0.039     3.284 r  bd_0_i/hls_inst/inst/dadddsub_64ns_64ns_64_4_full_dsp_1_U2/md_kernel_dadddsub_64ns_64ns_64_4_full_dsp_1_ip_u/inst/i_synth/ADDSUB_OP.ADDSUB/LOGIC_SPEED.OP/ALIGN_BLK/FRAC_ADDSUB/DSP_ADD.FRAC_ADDSUB/i_no_versal_es1_workaround.DSP48E1_ADD.DSP48E1_ADD/opt_has_pipe.first_q[1]_i_1__0/O
                         net (fo=1, routed)           0.058     3.342    bd_0_i/hls_inst/inst/dadddsub_64ns_64ns_64_4_full_dsp_1_U2/md_kernel_dadddsub_64ns_64ns_64_4_full_dsp_1_ip_u/inst/i_synth/ADDSUB_OP.ADDSUB/LOGIC_SPEED.OP/NORM/LZE/ENCODE[0].MUX_0/OP_DEL/i_pipe/opt_has_pipe.first_q_reg[1]_1
    SLICE_X41Y115        FDRE                                         r  bd_0_i/hls_inst/inst/dadddsub_64ns_64ns_64_4_full_dsp_1_U2/md_kernel_dadddsub_64ns_64ns_64_4_full_dsp_1_ip_u/inst/i_synth/ADDSUB_OP.ADDSUB/LOGIC_SPEED.OP/NORM/LZE/ENCODE[0].MUX_0/OP_DEL/i_pipe/opt_has_pipe.first_q_reg[1]/D
  -------------------------------------------------------------------    -------------------

                         (clock ap_clk rise edge)     0.000     0.000 r  
                                                      0.000     0.000 r  ap_clk (IN)
                         net (fo=4330, unset)         0.021     0.021    bd_0_i/hls_inst/inst/dadddsub_64ns_64ns_64_4_full_dsp_1_U2/md_kernel_dadddsub_64ns_64ns_64_4_full_dsp_1_ip_u/inst/i_synth/ADDSUB_OP.ADDSUB/LOGIC_SPEED.OP/NORM/LZE/ENCODE[0].MUX_0/OP_DEL/i_pipe/aclk
    SLICE_X41Y115        FDRE                                         r  bd_0_i/hls_inst/inst/dadddsub_64ns_64ns_64_4_full_dsp_1_U2/md_kernel_dadddsub_64ns_64ns_64_4_full_dsp_1_ip_u/inst/i_synth/ADDSUB_OP.ADDSUB/LOGIC_SPEED.OP/NORM/LZE/ENCODE[0].MUX_0/OP_DEL/i_pipe/opt_has_pipe.first_q_reg[1]/C

Slack:                    inf
  Source:                 bd_0_i/hls_inst/inst/dadddsub_64ns_64ns_64_4_full_dsp_1_U1/md_kernel_dadddsub_64ns_64ns_64_4_full_dsp_1_ip_u/inst/i_synth/ADDSUB_OP.ADDSUB/LOGIC_SPEED.OP/ALIGN_BLK/FRAC_ADDSUB/DSP_ADD.FRAC_ADDSUB/i_no_versal_es1_workaround.DSP48E1_GEN.DSP48E1_DEL/i_no_versal_es1_workaround.DSP/DSP_A_B_DATA_INST/B_ALU[1]
                            (internal pin)
  Destination:            bd_0_i/hls_inst/inst/dadddsub_64ns_64ns_64_4_full_dsp_1_U1/md_kernel_dadddsub_64ns_64ns_64_4_full_dsp_1_ip_u/inst/i_synth/ADDSUB_OP.ADDSUB/LOGIC_SPEED.OP/NORM/LZE/ENCODE[0].MUX_0/OP_DEL/i_pipe/opt_has_pipe.first_q_reg[4]/D
                            (rising edge-triggered cell FDRE clocked by ap_clk  {rise@0.000ns fall@4.000ns period=8.000ns})
  Path Group:             (none)
  Path Type:              Setup (Max at Slow Process Corner)
  Data Path Delay:        3.261ns  (logic 2.022ns (62.008%)  route 1.239ns (37.992%))
  Logic Levels:           10  (CARRY8=1 DSP_ALU=2 DSP_OUTPUT=2 LUT2=1 LUT5=1 LUT6=3)
  Clock Uncertainty:      0.025ns  ((TSJ^2 + TIJ^2)^1/2 + DJ) / 2 + PE
    Total System Jitter     (TSJ):    0.050ns
    Total Input Jitter      (TIJ):    0.000ns
    Discrete Jitter          (DJ):    0.000ns
    Phase Error              (PE):    0.000ns

    Location             Delay type                Incr(ns)  Path(ns)    Netlist Resource(s)
  -------------------------------------------------------------------    -------------------
    DSP48E2_X5Y45        DSP_A_B_DATA                 0.000     0.000 r  bd_0_i/hls_inst/inst/dadddsub_64ns_64ns_64_4_full_dsp_1_U1/md_kernel_dadddsub_64ns_64ns_64_4_full_dsp_1_ip_u/inst/i_synth/ADDSUB_OP.ADDSUB/LOGIC_SPEED.OP/ALIGN_BLK/FRAC_ADDSUB/DSP_ADD.FRAC_ADDSUB/i_no_versal_es1_workaround.DSP48E1_GEN.DSP48E1_DEL/i_no_versal_es1_workaround.DSP/DSP_A_B_DATA_INST/B_ALU[1]
                         net (fo=1, routed)           0.000     0.000    bd_0_i/hls_inst/inst/dadddsub_64ns_64ns_64_4_full_dsp_1_U1/md_kernel_dadddsub_64ns_64ns_64_4_full_dsp_1_ip_u/inst/i_synth/ADDSUB_OP.ADDSUB/LOGIC_SPEED.OP/ALIGN_BLK/FRAC_ADDSUB/DSP_ADD.FRAC_ADDSUB/i_no_versal_es1_workaround.DSP48E1_GEN.DSP48E1_DEL/i_no_versal_es1_workaround.DSP/DSP_A_B_DATA.B_ALU<1>
    DSP48E2_X5Y45        DSP_ALU (Prop_DSP_ALU_DSP48E2_B_ALU[1]_ALU_OUT[47])
                                                      0.541     0.541 f  bd_0_i/hls_inst/inst/dadddsub_64ns_64ns_64_4_full_dsp_1_U1/md_kernel_dadddsub_64ns_64ns_64_4_full_dsp_1_ip_u/inst/i_synth/ADDSUB_OP.ADDSUB/LOGIC_SPEED.OP/ALIGN_BLK/FRAC_ADDSUB/DSP_ADD.FRAC_ADDSUB/i_no_versal_es1_workaround.DSP48E1_GEN.DSP48E1_DEL/i_no_versal_es1_workaround.DSP/DSP_ALU_INST/ALU_OUT[47]
                         net (fo=1, routed)           0.000     0.541    bd_0_i/hls_inst/inst/dadddsub_64ns_64ns_64_4_full_dsp_1_U1/md_kernel_dadddsub_64ns_64ns_64_4_full_dsp_1_ip_u/inst/i_synth/ADDSUB_OP.ADDSUB/LOGIC_SPEED.OP/ALIGN_BLK/FRAC_ADDSUB/DSP_ADD.FRAC_ADDSUB/i_no_versal_es1_workaround.DSP48E1_GEN.DSP48E1_DEL/i_no_versal_es1_workaround.DSP/DSP_ALU.ALU_OUT<47>
    DSP48E2_X5Y45        DSP_OUTPUT (Prop_DSP_OUTPUT_DSP48E2_ALU_OUT[47]_PCOUT[47])
                                                      0.122     0.663 r  bd_0_i/hls_inst/inst/dadddsub_64ns_64ns_64_4_full_dsp_1_U1/md_kernel_dadddsub_64ns_64ns_64_4_full_dsp_1_ip_u/inst/i_synth/ADDSUB_OP.ADDSUB/LOGIC_SPEED.OP/ALIGN_BLK/FRAC_ADDSUB/DSP_ADD.FRAC_ADDSUB/i_no_versal_es1_workaround.DSP48E1_GEN.DSP48E1_DEL/i_no_versal_es1_workaround.DSP/DSP_OUTPUT_INST/PCOUT[47]
                         net (fo=1, routed)           0.038     0.701    bd_0_i/hls_inst/inst/dadddsub_64ns_64ns_64_4_full_dsp_1_U1/md_kernel_dadddsub_64ns_64ns_64_4_full_dsp_1_ip_u/inst/i_synth/ADDSUB_OP.ADDSUB/LOGIC_SPEED.OP/ALIGN_BLK/FRAC_ADDSUB/DSP_ADD.FRAC_ADDSUB/i_no_versal_es1_workaround.DSP48E1_ADD.DSP48E1_ADD/i_no_versal_es1_workaround.DSP/PCIN[47]
    DSP48E2_X5Y46        DSP_ALU (Prop_DSP_ALU_DSP48E2_PCIN[47]_ALU_OUT[47])
                                                      0.546     1.247 f  bd_0_i/hls_inst/inst/dadddsub_64ns_64ns_64_4_full_dsp_1_U1/md_kernel_dadddsub_64ns_64ns_64_4_full_dsp_1_ip_u/inst/i_synth/ADDSUB_OP.ADDSUB/LOGIC_SPEED.OP/ALIGN_BLK/FRAC_ADDSUB/DSP_ADD.FRAC_ADDSUB/i_no_versal_es1_workaround.DSP48E1_ADD.DSP48E1_ADD/i_no_versal_es1_workaround.DSP/DSP_ALU_INST/ALU_OUT[47]
                         net (fo=1, routed)           0.000     1.247    bd_0_i/hls_inst/inst/dadddsub_64ns_64ns_64_4_full_dsp_1_U1/md_kernel_dadddsub_64ns_64ns_64_4_full_dsp_1_ip_u/inst/i_synth/ADDSUB_OP.ADDSUB/LOGIC_SPEED.OP/ALIGN_BLK/FRAC_ADDSUB/DSP_ADD.FRAC_ADDSUB/i_no_versal_es1_workaround.DSP48E1_ADD.DSP48E1_ADD/i_no_versal_es1_workaround.DSP/DSP_ALU.ALU_OUT<47>
    DSP48E2_X5Y46        DSP_OUTPUT (Prop_DSP_OUTPUT_DSP48E2_ALU_OUT[47]_P[47])
                                                      0.109     1.356 r  bd_0_i/hls_inst/inst/dadddsub_64ns_64ns_64_4_full_dsp_1_U1/md_kernel_dadddsub_64ns_64ns_64_4_full_dsp_1_ip_u/inst/i_synth/ADDSUB_OP.ADDSUB/LOGIC_SPEED.OP/ALIGN_BLK/FRAC_ADDSUB/DSP_ADD.FRAC_ADDSUB/i_no_versal_es1_workaround.DSP48E1_ADD.DSP48E1_ADD/i_no_versal_es1_workaround.DSP/DSP_OUTPUT_INST/P[47]
                         net (fo=16, routed)          0.347     1.703    bd_0_i/hls_inst/inst/dadddsub_64ns_64ns_64_4_full_dsp_1_U1/md_kernel_dadddsub_64ns_64ns_64_4_full_dsp_1_ip_u/inst/i_synth/ADDSUB_OP.ADDSUB/LOGIC_SPEED.OP/ALIGN_BLK/FRAC_ADDSUB/DSP_ADD.FRAC_ADDSUB/i_no_versal_es1_workaround.LOGIC_ADD.ADD_0/P[0]
    SLICE_X44Y130        LUT5 (Prop_A6LUT_SLICEM_I3_O)
                                                      0.100     1.803 f  bd_0_i/hls_inst/inst/dadddsub_64ns_64ns_64_4_full_dsp_1_U1/md_kernel_dadddsub_64ns_64ns_64_4_full_dsp_1_ip_u/inst/i_synth/ADDSUB_OP.ADDSUB/LOGIC_SPEED.OP/ALIGN_BLK/FRAC_ADDSUB/DSP_ADD.FRAC_ADDSUB/i_no_versal_es1_workaround.LOGIC_ADD.ADD_0/CHAIN_GEN[1].C_MUX.CARRY_MUX_i_2__1/O
                         net (fo=2, routed)           0.190     1.993    bd_0_i/hls_inst/inst/dadddsub_64ns_64ns_64_4_full_dsp_1_U1/md_kernel_dadddsub_64ns_64ns_64_4_full_dsp_1_ip_u/inst/i_synth/ADDSUB_OP.ADDSUB/LOGIC_SPEED.OP/ALIGN_BLK/FRAC_ADDSUB/DSP_ADD.FRAC_ADDSUB/i_no_versal_es1_workaround.LOGIC_ADD.ADD_0/CHAIN_GEN[2].Q_XOR.SUM_XOR_0
    SLICE_X43Y133        LUT6 (Prop_B6LUT_SLICEL_I5_O)
                                                      0.051     2.044 r  bd_0_i/hls_inst/inst/dadddsub_64ns_64ns_64_4_full_dsp_1_U1/md_kernel_dadddsub_64ns_64ns_64_4_full_dsp_1_ip_u/inst/i_synth/ADDSUB_OP.ADDSUB/LOGIC_SPEED.OP/ALIGN_BLK/FRAC_ADDSUB/DSP_ADD.FRAC_ADDSUB/i_no_versal_es1_workaround.LOGIC_ADD.ADD_0/CHAIN_GEN[1].C_MUX.CARRY_MUX_i_1__4/O
                         net (fo=1, routed)           0.009     2.053    bd_0_i/hls_inst/inst/dadddsub_64ns_64ns_64_4_full_dsp_1_U1/md_kernel_dadddsub_64ns_64ns_64_4_full_dsp_1_ip_u/inst/i_synth/ADDSUB_OP.ADDSUB/LOGIC_SPEED.OP/NORM/LZE/ZERO_DET_CC_1/chunk_is_zero[1]
    SLICE_X43Y133        CARRY8 (Prop_CARRY8_SLICEL_S[1]_CO[3])
                                                      0.180     2.233 r  bd_0_i/hls_inst/inst/dadddsub_64ns_64ns_64_4_full_dsp_1_U1/md_kernel_dadddsub_64ns_64ns_64_4_full_dsp_1_ip_u/inst/i_synth/ADDSUB_OP.ADDSUB/LOGIC_SPEED.OP/NORM/LZE/ZERO_DET_CC_1/CHAIN_GEN[0].C_MUX.CARRY_MUX_CARRY4_CARRY8/CO[3]
                         net (fo=49, routed)          0.291     2.524    bd_0_i/hls_inst/inst/dadddsub_64ns_64ns_64_4_full_dsp_1_U1/md_kernel_dadddsub_64ns_64ns_64_4_full_dsp_1_ip_u/inst/i_synth/ADDSUB_OP.ADDSUB/LOGIC_SPEED.OP/NORM/LZE/ZERO_DET_CC_1/CARRYS_OUT[0]
    SLICE_X44Y133        LUT2 (Prop_C5LUT_SLICEM_I0_O)
                                                      0.099     2.623 r  bd_0_i/hls_inst/inst/dadddsub_64ns_64ns_64_4_full_dsp_1_U1/md_kernel_dadddsub_64ns_64ns_64_4_full_dsp_1_ip_u/inst/i_synth/ADDSUB_OP.ADDSUB/LOGIC_SPEED.OP/NORM/LZE/ZERO_DET_CC_1/opt_has_pipe.first_q[7]_i_4/O
                         net (fo=4, routed)           0.194     2.817    bd_0_i/hls_inst/inst/dadddsub_64ns_64ns_64_4_full_dsp_1_U1/md_kernel_dadddsub_64ns_64ns_64_4_full_dsp_1_ip_u/inst/i_synth/ADDSUB_OP.ADDSUB/LOGIC_SPEED.OP/ALIGN_BLK/FRAC_ADDSUB/DSP_ADD.FRAC_ADDSUB/i_no_versal_es1_workaround.DSP48E1_ADD.DSP48E1_ADD/opt_has_pipe.first_q_reg[7]_0
    SLICE_X42Y134        LUT6 (Prop_H6LUT_SLICEM_I3_O)
                                                      0.152     2.969 r  bd_0_i/hls_inst/inst/dadddsub_64ns_64ns_64_4_full_dsp_1_U1/md_kernel_dadddsub_64ns_64ns_64_4_full_dsp_1_ip_u/inst/i_synth/ADDSUB_OP.ADDSUB/LOGIC_SPEED.OP/ALIGN_BLK/FRAC_ADDSUB/DSP_ADD.FRAC_ADDSUB/i_no_versal_es1_workaround.DSP48E1_ADD.DSP48E1_ADD/opt_has_pipe.first_q[4]_i_2/O
                         net (fo=1, routed)           0.098     3.067    bd_0_i/hls_inst/inst/dadddsub_64ns_64ns_64_4_full_dsp_1_U1/md_kernel_dadddsub_64ns_64ns_64_4_full_dsp_1_ip_u/inst/i_synth/ADDSUB_OP.ADDSUB/LOGIC_SPEED.OP/ALIGN_BLK/FRAC_ADDSUB/DSP_ADD.FRAC_ADDSUB/i_no_versal_es1_workaround.DSP48E1_ADD.DSP48E1_ADD/opt_has_pipe.first_q[4]_i_2_n_0
    SLICE_X42Y133        LUT6 (Prop_D6LUT_SLICEM_I0_O)
                                                      0.122     3.189 r  bd_0_i/hls_inst/inst/dadddsub_64ns_64ns_64_4_full_dsp_1_U1/md_kernel_dadddsub_64ns_64ns_64_4_full_dsp_1_ip_u/inst/i_synth/ADDSUB_OP.ADDSUB/LOGIC_SPEED.OP/ALIGN_BLK/FRAC_ADDSUB/DSP_ADD.FRAC_ADDSUB/i_no_versal_es1_workaround.DSP48E1_ADD.DSP48E1_ADD/opt_has_pipe.first_q[4]_i_1/O
                         net (fo=1, routed)           0.072     3.261    bd_0_i/hls_inst/inst/dadddsub_64ns_64ns_64_4_full_dsp_1_U1/md_kernel_dadddsub_64ns_64ns_64_4_full_dsp_1_ip_u/inst/i_synth/ADDSUB_OP.ADDSUB/LOGIC_SPEED.OP/NORM/LZE/ENCODE[0].MUX_0/OP_DEL/i_pipe/opt_has_pipe.first_q_reg[4]_0
    SLICE_X42Y133        FDRE                                         r  bd_0_i/hls_inst/inst/dadddsub_64ns_64ns_64_4_full_dsp_1_U1/md_kernel_dadddsub_64ns_64ns_64_4_full_dsp_1_ip_u/inst/i_synth/ADDSUB_OP.ADDSUB/LOGIC_SPEED.OP/NORM/LZE/ENCODE[0].MUX_0/OP_DEL/i_pipe/opt_has_pipe.first_q_reg[4]/D
  -------------------------------------------------------------------    -------------------

                         (clock ap_clk rise edge)     0.000     0.000 r  
                                                      0.000     0.000 r  ap_clk (IN)
                         net (fo=4330, unset)         0.021     0.021    bd_0_i/hls_inst/inst/dadddsub_64ns_64ns_64_4_full_dsp_1_U1/md_kernel_dadddsub_64ns_64ns_64_4_full_dsp_1_ip_u/inst/i_synth/ADDSUB_OP.ADDSUB/LOGIC_SPEED.OP/NORM/LZE/ENCODE[0].MUX_0/OP_DEL/i_pipe/aclk
    SLICE_X42Y133        FDRE                                         r  bd_0_i/hls_inst/inst/dadddsub_64ns_64ns_64_4_full_dsp_1_U1/md_kernel_dadddsub_64ns_64ns_64_4_full_dsp_1_ip_u/inst/i_synth/ADDSUB_OP.ADDSUB/LOGIC_SPEED.OP/NORM/LZE/ENCODE[0].MUX_0/OP_DEL/i_pipe/opt_has_pipe.first_q_reg[4]/C

Slack:                    inf
  Source:                 bd_0_i/hls_inst/inst/dadddsub_64ns_64ns_64_4_full_dsp_1_U2/md_kernel_dadddsub_64ns_64ns_64_4_full_dsp_1_ip_u/inst/i_synth/ADDSUB_OP.ADDSUB/LOGIC_SPEED.OP/ALIGN_BLK/FRAC_ADDSUB/DSP_ADD.FRAC_ADDSUB/i_no_versal_es1_workaround.DSP48E1_GEN.DSP48E1_DEL/i_no_versal_es1_workaround.DSP/DSP_A_B_DATA_INST/B_ALU[1]
                            (internal pin)
  Destination:            bd_0_i/hls_inst/inst/dadddsub_64ns_64ns_64_4_full_dsp_1_U2/md_kernel_dadddsub_64ns_64ns_64_4_full_dsp_1_ip_u/inst/i_synth/ADDSUB_OP.ADDSUB/LOGIC_SPEED.OP/NORM/LZE/ENCODE[0].MUX_0/OP_DEL/i_pipe/opt_has_pipe.first_q_reg[2]/D
                            (rising edge-triggered cell FDRE clocked by ap_clk  {rise@0.000ns fall@4.000ns period=8.000ns})
  Path Group:             (none)
  Path Type:              Setup (Max at Slow Process Corner)
  Data Path Delay:        3.244ns  (logic 1.839ns (56.687%)  route 1.405ns (43.313%))
  Logic Levels:           10  (CARRY8=1 DSP_ALU=2 DSP_OUTPUT=2 LUT2=1 LUT5=1 LUT6=3)
  Clock Uncertainty:      0.025ns  ((TSJ^2 + TIJ^2)^1/2 + DJ) / 2 + PE
    Total System Jitter     (TSJ):    0.050ns
    Total Input Jitter      (TIJ):    0.000ns
    Discrete Jitter          (DJ):    0.000ns
    Phase Error              (PE):    0.000ns

    Location             Delay type                Incr(ns)  Path(ns)    Netlist Resource(s)
  -------------------------------------------------------------------    -------------------
    DSP48E2_X5Y38        DSP_A_B_DATA                 0.000     0.000 r  bd_0_i/hls_inst/inst/dadddsub_64ns_64ns_64_4_full_dsp_1_U2/md_kernel_dadddsub_64ns_64ns_64_4_full_dsp_1_ip_u/inst/i_synth/ADDSUB_OP.ADDSUB/LOGIC_SPEED.OP/ALIGN_BLK/FRAC_ADDSUB/DSP_ADD.FRAC_ADDSUB/i_no_versal_es1_workaround.DSP48E1_GEN.DSP48E1_DEL/i_no_versal_es1_workaround.DSP/DSP_A_B_DATA_INST/B_ALU[1]
                         net (fo=1, routed)           0.000     0.000    bd_0_i/hls_inst/inst/dadddsub_64ns_64ns_64_4_full_dsp_1_U2/md_kernel_dadddsub_64ns_64ns_64_4_full_dsp_1_ip_u/inst/i_synth/ADDSUB_OP.ADDSUB/LOGIC_SPEED.OP/ALIGN_BLK/FRAC_ADDSUB/DSP_ADD.FRAC_ADDSUB/i_no_versal_es1_workaround.DSP48E1_GEN.DSP48E1_DEL/i_no_versal_es1_workaround.DSP/DSP_A_B_DATA.B_ALU<1>
    DSP48E2_X5Y38        DSP_ALU (Prop_DSP_ALU_DSP48E2_B_ALU[1]_ALU_OUT[47])
                                                      0.541     0.541 f  bd_0_i/hls_inst/inst/dadddsub_64ns_64ns_64_4_full_dsp_1_U2/md_kernel_dadddsub_64ns_64ns_64_4_full_dsp_1_ip_u/inst/i_synth/ADDSUB_OP.ADDSUB/LOGIC_SPEED.OP/ALIGN_BLK/FRAC_ADDSUB/DSP_ADD.FRAC_ADDSUB/i_no_versal_es1_workaround.DSP48E1_GEN.DSP48E1_DEL/i_no_versal_es1_workaround.DSP/DSP_ALU_INST/ALU_OUT[47]
                         net (fo=1, routed)           0.000     0.541    bd_0_i/hls_inst/inst/dadddsub_64ns_64ns_64_4_full_dsp_1_U2/md_kernel_dadddsub_64ns_64ns_64_4_full_dsp_1_ip_u/inst/i_synth/ADDSUB_OP.ADDSUB/LOGIC_SPEED.OP/ALIGN_BLK/FRAC_ADDSUB/DSP_ADD.FRAC_ADDSUB/i_no_versal_es1_workaround.DSP48E1_GEN.DSP48E1_DEL/i_no_versal_es1_workaround.DSP/DSP_ALU.ALU_OUT<47>
    DSP48E2_X5Y38        DSP_OUTPUT (Prop_DSP_OUTPUT_DSP48E2_ALU_OUT[47]_PCOUT[47])
                                                      0.122     0.663 r  bd_0_i/hls_inst/inst/dadddsub_64ns_64ns_64_4_full_dsp_1_U2/md_kernel_dadddsub_64ns_64ns_64_4_full_dsp_1_ip_u/inst/i_synth/ADDSUB_OP.ADDSUB/LOGIC_SPEED.OP/ALIGN_BLK/FRAC_ADDSUB/DSP_ADD.FRAC_ADDSUB/i_no_versal_es1_workaround.DSP48E1_GEN.DSP48E1_DEL/i_no_versal_es1_workaround.DSP/DSP_OUTPUT_INST/PCOUT[47]
                         net (fo=1, routed)           0.014     0.677    bd_0_i/hls_inst/inst/dadddsub_64ns_64ns_64_4_full_dsp_1_U2/md_kernel_dadddsub_64ns_64ns_64_4_full_dsp_1_ip_u/inst/i_synth/ADDSUB_OP.ADDSUB/LOGIC_SPEED.OP/ALIGN_BLK/FRAC_ADDSUB/DSP_ADD.FRAC_ADDSUB/i_no_versal_es1_workaround.DSP48E1_ADD.DSP48E1_ADD/i_no_versal_es1_workaround.DSP/PCIN[47]
    DSP48E2_X5Y39        DSP_ALU (Prop_DSP_ALU_DSP48E2_PCIN[47]_ALU_OUT[47])
                                                      0.546     1.223 f  bd_0_i/hls_inst/inst/dadddsub_64ns_64ns_64_4_full_dsp_1_U2/md_kernel_dadddsub_64ns_64ns_64_4_full_dsp_1_ip_u/inst/i_synth/ADDSUB_OP.ADDSUB/LOGIC_SPEED.OP/ALIGN_BLK/FRAC_ADDSUB/DSP_ADD.FRAC_ADDSUB/i_no_versal_es1_workaround.DSP48E1_ADD.DSP48E1_ADD/i_no_versal_es1_workaround.DSP/DSP_ALU_INST/ALU_OUT[47]
                         net (fo=1, routed)           0.000     1.223    bd_0_i/hls_inst/inst/dadddsub_64ns_64ns_64_4_full_dsp_1_U2/md_kernel_dadddsub_64ns_64ns_64_4_full_dsp_1_ip_u/inst/i_synth/ADDSUB_OP.ADDSUB/LOGIC_SPEED.OP/ALIGN_BLK/FRAC_ADDSUB/DSP_ADD.FRAC_ADDSUB/i_no_versal_es1_workaround.DSP48E1_ADD.DSP48E1_ADD/i_no_versal_es1_workaround.DSP/DSP_ALU.ALU_OUT<47>
    DSP48E2_X5Y39        DSP_OUTPUT (Prop_DSP_OUTPUT_DSP48E2_ALU_OUT[47]_P[47])
                                                      0.109     1.332 r  bd_0_i/hls_inst/inst/dadddsub_64ns_64ns_64_4_full_dsp_1_U2/md_kernel_dadddsub_64ns_64ns_64_4_full_dsp_1_ip_u/inst/i_synth/ADDSUB_OP.ADDSUB/LOGIC_SPEED.OP/ALIGN_BLK/FRAC_ADDSUB/DSP_ADD.FRAC_ADDSUB/i_no_versal_es1_workaround.DSP48E1_ADD.DSP48E1_ADD/i_no_versal_es1_workaround.DSP/DSP_OUTPUT_INST/P[47]
                         net (fo=16, routed)          0.353     1.685    bd_0_i/hls_inst/inst/dadddsub_64ns_64ns_64_4_full_dsp_1_U2/md_kernel_dadddsub_64ns_64ns_64_4_full_dsp_1_ip_u/inst/i_synth/ADDSUB_OP.ADDSUB/LOGIC_SPEED.OP/ALIGN_BLK/FRAC_ADDSUB/DSP_ADD.FRAC_ADDSUB/i_no_versal_es1_workaround.LOGIC_ADD.ADD_0/P[0]
    SLICE_X40Y115        LUT5 (Prop_G6LUT_SLICEL_I3_O)
                                                      0.035     1.720 f  bd_0_i/hls_inst/inst/dadddsub_64ns_64ns_64_4_full_dsp_1_U2/md_kernel_dadddsub_64ns_64ns_64_4_full_dsp_1_ip_u/inst/i_synth/ADDSUB_OP.ADDSUB/LOGIC_SPEED.OP/ALIGN_BLK/FRAC_ADDSUB/DSP_ADD.FRAC_ADDSUB/i_no_versal_es1_workaround.LOGIC_ADD.ADD_0/CHAIN_GEN[0].C_MUX.CARRY_MUX_i_2__1/O
                         net (fo=2, routed)           0.199     1.918    bd_0_i/hls_inst/inst/dadddsub_64ns_64ns_64_4_full_dsp_1_U2/md_kernel_dadddsub_64ns_64ns_64_4_full_dsp_1_ip_u/inst/i_synth/ADDSUB_OP.ADDSUB/LOGIC_SPEED.OP/ALIGN_BLK/FRAC_ADDSUB/DSP_ADD.FRAC_ADDSUB/i_no_versal_es1_workaround.LOGIC_ADD.ADD_0/CHAIN_GEN[6].Q_XOR.SUM_XOR_0
    SLICE_X41Y114        LUT6 (Prop_A6LUT_SLICEM_I5_O)
                                                      0.053     1.971 r  bd_0_i/hls_inst/inst/dadddsub_64ns_64ns_64_4_full_dsp_1_U2/md_kernel_dadddsub_64ns_64ns_64_4_full_dsp_1_ip_u/inst/i_synth/ADDSUB_OP.ADDSUB/LOGIC_SPEED.OP/ALIGN_BLK/FRAC_ADDSUB/DSP_ADD.FRAC_ADDSUB/i_no_versal_es1_workaround.LOGIC_ADD.ADD_0/CHAIN_GEN[0].C_MUX.CARRY_MUX_i_1__3/O
                         net (fo=1, routed)           0.013     1.984    bd_0_i/hls_inst/inst/dadddsub_64ns_64ns_64_4_full_dsp_1_U2/md_kernel_dadddsub_64ns_64ns_64_4_full_dsp_1_ip_u/inst/i_synth/ADDSUB_OP.ADDSUB/LOGIC_SPEED.OP/NORM/LZE/ZERO_DET_CC_1/chunk_is_zero[0]
    SLICE_X41Y114        CARRY8 (Prop_CARRY8_SLICEM_S[0]_CO[7])
                                                      0.206     2.190 r  bd_0_i/hls_inst/inst/dadddsub_64ns_64ns_64_4_full_dsp_1_U2/md_kernel_dadddsub_64ns_64ns_64_4_full_dsp_1_ip_u/inst/i_synth/ADDSUB_OP.ADDSUB/LOGIC_SPEED.OP/NORM/LZE/ZERO_DET_CC_1/CHAIN_GEN[0].C_MUX.CARRY_MUX_CARRY4_CARRY8/CO[7]
                         net (fo=67, routed)          0.238     2.428    bd_0_i/hls_inst/inst/dadddsub_64ns_64ns_64_4_full_dsp_1_U2/md_kernel_dadddsub_64ns_64ns_64_4_full_dsp_1_ip_u/inst/i_synth/ADDSUB_OP.ADDSUB/LOGIC_SPEED.OP/NORM/LZE/ZERO_DET_CC_1/CARRYS_OUT[1]
    SLICE_X41Y115        LUT2 (Prop_G5LUT_SLICEM_I0_O)
                                                      0.137     2.565 r  bd_0_i/hls_inst/inst/dadddsub_64ns_64ns_64_4_full_dsp_1_U2/md_kernel_dadddsub_64ns_64ns_64_4_full_dsp_1_ip_u/inst/i_synth/ADDSUB_OP.ADDSUB/LOGIC_SPEED.OP/NORM/LZE/ZERO_DET_CC_1/opt_has_pipe.first_q[7]_i_3/O
                         net (fo=7, routed)           0.352     2.917    bd_0_i/hls_inst/inst/dadddsub_64ns_64ns_64_4_full_dsp_1_U2/md_kernel_dadddsub_64ns_64ns_64_4_full_dsp_1_ip_u/inst/i_synth/ADDSUB_OP.ADDSUB/LOGIC_SPEED.OP/ALIGN_BLK/FRAC_ADDSUB/DSP_ADD.FRAC_ADDSUB/i_no_versal_es1_workaround.DSP48E1_ADD.DSP48E1_ADD/opt_has_pipe.first_q_reg[7]
    SLICE_X44Y113        LUT6 (Prop_G6LUT_SLICEM_I4_O)
                                                      0.037     2.954 r  bd_0_i/hls_inst/inst/dadddsub_64ns_64ns_64_4_full_dsp_1_U2/md_kernel_dadddsub_64ns_64ns_64_4_full_dsp_1_ip_u/inst/i_synth/ADDSUB_OP.ADDSUB/LOGIC_SPEED.OP/ALIGN_BLK/FRAC_ADDSUB/DSP_ADD.FRAC_ADDSUB/i_no_versal_es1_workaround.DSP48E1_ADD.DSP48E1_ADD/opt_has_pipe.first_q[2]_i_2/O
                         net (fo=1, routed)           0.184     3.138    bd_0_i/hls_inst/inst/dadddsub_64ns_64ns_64_4_full_dsp_1_U2/md_kernel_dadddsub_64ns_64ns_64_4_full_dsp_1_ip_u/inst/i_synth/ADDSUB_OP.ADDSUB/LOGIC_SPEED.OP/ALIGN_BLK/FRAC_ADDSUB/DSP_ADD.FRAC_ADDSUB/i_no_versal_es1_workaround.LOGIC_ADD.ADD_1/opt_has_pipe.first_q_reg[2]
    SLICE_X42Y113        LUT6 (Prop_A6LUT_SLICEM_I0_O)
                                                      0.053     3.191 r  bd_0_i/hls_inst/inst/dadddsub_64ns_64ns_64_4_full_dsp_1_U2/md_kernel_dadddsub_64ns_64ns_64_4_full_dsp_1_ip_u/inst/i_synth/ADDSUB_OP.ADDSUB/LOGIC_SPEED.OP/ALIGN_BLK/FRAC_ADDSUB/DSP_ADD.FRAC_ADDSUB/i_no_versal_es1_workaround.LOGIC_ADD.ADD_1/opt_has_pipe.first_q[2]_i_1/O
                         net (fo=1, routed)           0.053     3.244    bd_0_i/hls_inst/inst/dadddsub_64ns_64ns_64_4_full_dsp_1_U2/md_kernel_dadddsub_64ns_64ns_64_4_full_dsp_1_ip_u/inst/i_synth/ADDSUB_OP.ADDSUB/LOGIC_SPEED.OP/NORM/LZE/ENCODE[0].MUX_0/OP_DEL/i_pipe/opt_has_pipe.first_q_reg[2]_3
    SLICE_X42Y113        FDRE                                         r  bd_0_i/hls_inst/inst/dadddsub_64ns_64ns_64_4_full_dsp_1_U2/md_kernel_dadddsub_64ns_64ns_64_4_full_dsp_1_ip_u/inst/i_synth/ADDSUB_OP.ADDSUB/LOGIC_SPEED.OP/NORM/LZE/ENCODE[0].MUX_0/OP_DEL/i_pipe/opt_has_pipe.first_q_reg[2]/D
  -------------------------------------------------------------------    -------------------

                         (clock ap_clk rise edge)     0.000     0.000 r  
                                                      0.000     0.000 r  ap_clk (IN)
                         net (fo=4330, unset)         0.021     0.021    bd_0_i/hls_inst/inst/dadddsub_64ns_64ns_64_4_full_dsp_1_U2/md_kernel_dadddsub_64ns_64ns_64_4_full_dsp_1_ip_u/inst/i_synth/ADDSUB_OP.ADDSUB/LOGIC_SPEED.OP/NORM/LZE/ENCODE[0].MUX_0/OP_DEL/i_pipe/aclk
    SLICE_X42Y113        FDRE                                         r  bd_0_i/hls_inst/inst/dadddsub_64ns_64ns_64_4_full_dsp_1_U2/md_kernel_dadddsub_64ns_64ns_64_4_full_dsp_1_ip_u/inst/i_synth/ADDSUB_OP.ADDSUB/LOGIC_SPEED.OP/NORM/LZE/ENCODE[0].MUX_0/OP_DEL/i_pipe/opt_has_pipe.first_q_reg[2]/C

Slack:                    inf
  Source:                 bd_0_i/hls_inst/inst/dadddsub_64ns_64ns_64_4_full_dsp_1_U2/md_kernel_dadddsub_64ns_64ns_64_4_full_dsp_1_ip_u/inst/i_synth/ADDSUB_OP.ADDSUB/LOGIC_SPEED.OP/ALIGN_BLK/FRAC_ADDSUB/DSP_ADD.FRAC_ADDSUB/i_no_versal_es1_workaround.DSP48E1_GEN.DSP48E1_DEL/i_no_versal_es1_workaround.DSP/DSP_A_B_DATA_INST/B_ALU[1]
                            (internal pin)
  Destination:            bd_0_i/hls_inst/inst/dadddsub_64ns_64ns_64_4_full_dsp_1_U2/md_kernel_dadddsub_64ns_64ns_64_4_full_dsp_1_ip_u/inst/i_synth/ADDSUB_OP.ADDSUB/LOGIC_SPEED.OP/NORM/LZE/ENCODE[0].MUX_0/OP_DEL/i_pipe/opt_has_pipe.first_q_reg[0]/D
                            (rising edge-triggered cell FDRE clocked by ap_clk  {rise@0.000ns fall@4.000ns period=8.000ns})
  Path Group:             (none)
  Path Type:              Setup (Max at Slow Process Corner)
  Data Path Delay:        3.236ns  (logic 1.947ns (60.162%)  route 1.289ns (39.838%))
  Logic Levels:           10  (CARRY8=1 DSP_ALU=2 DSP_OUTPUT=2 LUT2=1 LUT5=1 LUT6=3)
  Clock Uncertainty:      0.025ns  ((TSJ^2 + TIJ^2)^1/2 + DJ) / 2 + PE
    Total System Jitter     (TSJ):    0.050ns
    Total Input Jitter      (TIJ):    0.000ns
    Discrete Jitter          (DJ):    0.000ns
    Phase Error              (PE):    0.000ns

    Location             Delay type                Incr(ns)  Path(ns)    Netlist Resource(s)
  -------------------------------------------------------------------    -------------------
    DSP48E2_X5Y38        DSP_A_B_DATA                 0.000     0.000 r  bd_0_i/hls_inst/inst/dadddsub_64ns_64ns_64_4_full_dsp_1_U2/md_kernel_dadddsub_64ns_64ns_64_4_full_dsp_1_ip_u/inst/i_synth/ADDSUB_OP.ADDSUB/LOGIC_SPEED.OP/ALIGN_BLK/FRAC_ADDSUB/DSP_ADD.FRAC_ADDSUB/i_no_versal_es1_workaround.DSP48E1_GEN.DSP48E1_DEL/i_no_versal_es1_workaround.DSP/DSP_A_B_DATA_INST/B_ALU[1]
                         net (fo=1, routed)           0.000     0.000    bd_0_i/hls_inst/inst/dadddsub_64ns_64ns_64_4_full_dsp_1_U2/md_kernel_dadddsub_64ns_64ns_64_4_full_dsp_1_ip_u/inst/i_synth/ADDSUB_OP.ADDSUB/LOGIC_SPEED.OP/ALIGN_BLK/FRAC_ADDSUB/DSP_ADD.FRAC_ADDSUB/i_no_versal_es1_workaround.DSP48E1_GEN.DSP48E1_DEL/i_no_versal_es1_workaround.DSP/DSP_A_B_DATA.B_ALU<1>
    DSP48E2_X5Y38        DSP_ALU (Prop_DSP_ALU_DSP48E2_B_ALU[1]_ALU_OUT[47])
                                                      0.541     0.541 f  bd_0_i/hls_inst/inst/dadddsub_64ns_64ns_64_4_full_dsp_1_U2/md_kernel_dadddsub_64ns_64ns_64_4_full_dsp_1_ip_u/inst/i_synth/ADDSUB_OP.ADDSUB/LOGIC_SPEED.OP/ALIGN_BLK/FRAC_ADDSUB/DSP_ADD.FRAC_ADDSUB/i_no_versal_es1_workaround.DSP48E1_GEN.DSP48E1_DEL/i_no_versal_es1_workaround.DSP/DSP_ALU_INST/ALU_OUT[47]
                         net (fo=1, routed)           0.000     0.541    bd_0_i/hls_inst/inst/dadddsub_64ns_64ns_64_4_full_dsp_1_U2/md_kernel_dadddsub_64ns_64ns_64_4_full_dsp_1_ip_u/inst/i_synth/ADDSUB_OP.ADDSUB/LOGIC_SPEED.OP/ALIGN_BLK/FRAC_ADDSUB/DSP_ADD.FRAC_ADDSUB/i_no_versal_es1_workaround.DSP48E1_GEN.DSP48E1_DEL/i_no_versal_es1_workaround.DSP/DSP_ALU.ALU_OUT<47>
    DSP48E2_X5Y38        DSP_OUTPUT (Prop_DSP_OUTPUT_DSP48E2_ALU_OUT[47]_PCOUT[47])
                                                      0.122     0.663 r  bd_0_i/hls_inst/inst/dadddsub_64ns_64ns_64_4_full_dsp_1_U2/md_kernel_dadddsub_64ns_64ns_64_4_full_dsp_1_ip_u/inst/i_synth/ADDSUB_OP.ADDSUB/LOGIC_SPEED.OP/ALIGN_BLK/FRAC_ADDSUB/DSP_ADD.FRAC_ADDSUB/i_no_versal_es1_workaround.DSP48E1_GEN.DSP48E1_DEL/i_no_versal_es1_workaround.DSP/DSP_OUTPUT_INST/PCOUT[47]
                         net (fo=1, routed)           0.014     0.677    bd_0_i/hls_inst/inst/dadddsub_64ns_64ns_64_4_full_dsp_1_U2/md_kernel_dadddsub_64ns_64ns_64_4_full_dsp_1_ip_u/inst/i_synth/ADDSUB_OP.ADDSUB/LOGIC_SPEED.OP/ALIGN_BLK/FRAC_ADDSUB/DSP_ADD.FRAC_ADDSUB/i_no_versal_es1_workaround.DSP48E1_ADD.DSP48E1_ADD/i_no_versal_es1_workaround.DSP/PCIN[47]
    DSP48E2_X5Y39        DSP_ALU (Prop_DSP_ALU_DSP48E2_PCIN[47]_ALU_OUT[47])
                                                      0.546     1.223 f  bd_0_i/hls_inst/inst/dadddsub_64ns_64ns_64_4_full_dsp_1_U2/md_kernel_dadddsub_64ns_64ns_64_4_full_dsp_1_ip_u/inst/i_synth/ADDSUB_OP.ADDSUB/LOGIC_SPEED.OP/ALIGN_BLK/FRAC_ADDSUB/DSP_ADD.FRAC_ADDSUB/i_no_versal_es1_workaround.DSP48E1_ADD.DSP48E1_ADD/i_no_versal_es1_workaround.DSP/DSP_ALU_INST/ALU_OUT[47]
                         net (fo=1, routed)           0.000     1.223    bd_0_i/hls_inst/inst/dadddsub_64ns_64ns_64_4_full_dsp_1_U2/md_kernel_dadddsub_64ns_64ns_64_4_full_dsp_1_ip_u/inst/i_synth/ADDSUB_OP.ADDSUB/LOGIC_SPEED.OP/ALIGN_BLK/FRAC_ADDSUB/DSP_ADD.FRAC_ADDSUB/i_no_versal_es1_workaround.DSP48E1_ADD.DSP48E1_ADD/i_no_versal_es1_workaround.DSP/DSP_ALU.ALU_OUT<47>
    DSP48E2_X5Y39        DSP_OUTPUT (Prop_DSP_OUTPUT_DSP48E2_ALU_OUT[47]_P[47])
                                                      0.109     1.332 r  bd_0_i/hls_inst/inst/dadddsub_64ns_64ns_64_4_full_dsp_1_U2/md_kernel_dadddsub_64ns_64ns_64_4_full_dsp_1_ip_u/inst/i_synth/ADDSUB_OP.ADDSUB/LOGIC_SPEED.OP/ALIGN_BLK/FRAC_ADDSUB/DSP_ADD.FRAC_ADDSUB/i_no_versal_es1_workaround.DSP48E1_ADD.DSP48E1_ADD/i_no_versal_es1_workaround.DSP/DSP_OUTPUT_INST/P[47]
                         net (fo=16, routed)          0.353     1.685    bd_0_i/hls_inst/inst/dadddsub_64ns_64ns_64_4_full_dsp_1_U2/md_kernel_dadddsub_64ns_64ns_64_4_full_dsp_1_ip_u/inst/i_synth/ADDSUB_OP.ADDSUB/LOGIC_SPEED.OP/ALIGN_BLK/FRAC_ADDSUB/DSP_ADD.FRAC_ADDSUB/i_no_versal_es1_workaround.LOGIC_ADD.ADD_0/P[0]
    SLICE_X40Y115        LUT5 (Prop_G6LUT_SLICEL_I3_O)
                                                      0.035     1.720 f  bd_0_i/hls_inst/inst/dadddsub_64ns_64ns_64_4_full_dsp_1_U2/md_kernel_dadddsub_64ns_64ns_64_4_full_dsp_1_ip_u/inst/i_synth/ADDSUB_OP.ADDSUB/LOGIC_SPEED.OP/ALIGN_BLK/FRAC_ADDSUB/DSP_ADD.FRAC_ADDSUB/i_no_versal_es1_workaround.LOGIC_ADD.ADD_0/CHAIN_GEN[0].C_MUX.CARRY_MUX_i_2__1/O
                         net (fo=2, routed)           0.199     1.918    bd_0_i/hls_inst/inst/dadddsub_64ns_64ns_64_4_full_dsp_1_U2/md_kernel_dadddsub_64ns_64ns_64_4_full_dsp_1_ip_u/inst/i_synth/ADDSUB_OP.ADDSUB/LOGIC_SPEED.OP/ALIGN_BLK/FRAC_ADDSUB/DSP_ADD.FRAC_ADDSUB/i_no_versal_es1_workaround.LOGIC_ADD.ADD_0/CHAIN_GEN[6].Q_XOR.SUM_XOR_0
    SLICE_X41Y114        LUT6 (Prop_A6LUT_SLICEM_I5_O)
                                                      0.053     1.971 r  bd_0_i/hls_inst/inst/dadddsub_64ns_64ns_64_4_full_dsp_1_U2/md_kernel_dadddsub_64ns_64ns_64_4_full_dsp_1_ip_u/inst/i_synth/ADDSUB_OP.ADDSUB/LOGIC_SPEED.OP/ALIGN_BLK/FRAC_ADDSUB/DSP_ADD.FRAC_ADDSUB/i_no_versal_es1_workaround.LOGIC_ADD.ADD_0/CHAIN_GEN[0].C_MUX.CARRY_MUX_i_1__3/O
                         net (fo=1, routed)           0.013     1.984    bd_0_i/hls_inst/inst/dadddsub_64ns_64ns_64_4_full_dsp_1_U2/md_kernel_dadddsub_64ns_64ns_64_4_full_dsp_1_ip_u/inst/i_synth/ADDSUB_OP.ADDSUB/LOGIC_SPEED.OP/NORM/LZE/ZERO_DET_CC_1/chunk_is_zero[0]
    SLICE_X41Y114        CARRY8 (Prop_CARRY8_SLICEM_S[0]_CO[7])
                                                      0.206     2.190 r  bd_0_i/hls_inst/inst/dadddsub_64ns_64ns_64_4_full_dsp_1_U2/md_kernel_dadddsub_64ns_64ns_64_4_full_dsp_1_ip_u/inst/i_synth/ADDSUB_OP.ADDSUB/LOGIC_SPEED.OP/NORM/LZE/ZERO_DET_CC_1/CHAIN_GEN[0].C_MUX.CARRY_MUX_CARRY4_CARRY8/CO[7]
                         net (fo=67, routed)          0.238     2.428    bd_0_i/hls_inst/inst/dadddsub_64ns_64ns_64_4_full_dsp_1_U2/md_kernel_dadddsub_64ns_64ns_64_4_full_dsp_1_ip_u/inst/i_synth/ADDSUB_OP.ADDSUB/LOGIC_SPEED.OP/NORM/LZE/ZERO_DET_CC_1/CARRYS_OUT[1]
    SLICE_X41Y115        LUT2 (Prop_G5LUT_SLICEM_I0_O)
                                                      0.137     2.565 r  bd_0_i/hls_inst/inst/dadddsub_64ns_64ns_64_4_full_dsp_1_U2/md_kernel_dadddsub_64ns_64ns_64_4_full_dsp_1_ip_u/inst/i_synth/ADDSUB_OP.ADDSUB/LOGIC_SPEED.OP/NORM/LZE/ZERO_DET_CC_1/opt_has_pipe.first_q[7]_i_3/O
                         net (fo=7, routed)           0.258     2.823    bd_0_i/hls_inst/inst/dadddsub_64ns_64ns_64_4_full_dsp_1_U2/md_kernel_dadddsub_64ns_64ns_64_4_full_dsp_1_ip_u/inst/i_synth/ADDSUB_OP.ADDSUB/LOGIC_SPEED.OP/ALIGN_BLK/FRAC_ADDSUB/DSP_ADD.FRAC_ADDSUB/i_no_versal_es1_workaround.DSP48E1_ADD.DSP48E1_ADD/opt_has_pipe.first_q_reg[7]
    SLICE_X43Y114        LUT6 (Prop_H6LUT_SLICEL_I4_O)
                                                      0.099     2.922 r  bd_0_i/hls_inst/inst/dadddsub_64ns_64ns_64_4_full_dsp_1_U2/md_kernel_dadddsub_64ns_64ns_64_4_full_dsp_1_ip_u/inst/i_synth/ADDSUB_OP.ADDSUB/LOGIC_SPEED.OP/ALIGN_BLK/FRAC_ADDSUB/DSP_ADD.FRAC_ADDSUB/i_no_versal_es1_workaround.DSP48E1_ADD.DSP48E1_ADD/opt_has_pipe.first_q[0]_i_2__1/O
                         net (fo=1, routed)           0.166     3.088    bd_0_i/hls_inst/inst/dadddsub_64ns_64ns_64_4_full_dsp_1_U2/md_kernel_dadddsub_64ns_64ns_64_4_full_dsp_1_ip_u/inst/i_synth/ADDSUB_OP.ADDSUB/LOGIC_SPEED.OP/ALIGN_BLK/FRAC_ADDSUB/DSP_ADD.FRAC_ADDSUB/i_no_versal_es1_workaround.LOGIC_ADD.ADD_1/opt_has_pipe.first_q_reg[0]
    SLICE_X40Y115        LUT6 (Prop_D6LUT_SLICEL_I0_O)
                                                      0.099     3.187 r  bd_0_i/hls_inst/inst/dadddsub_64ns_64ns_64_4_full_dsp_1_U2/md_kernel_dadddsub_64ns_64ns_64_4_full_dsp_1_ip_u/inst/i_synth/ADDSUB_OP.ADDSUB/LOGIC_SPEED.OP/ALIGN_BLK/FRAC_ADDSUB/DSP_ADD.FRAC_ADDSUB/i_no_versal_es1_workaround.LOGIC_ADD.ADD_1/opt_has_pipe.first_q[0]_i_1__2/O
                         net (fo=1, routed)           0.049     3.236    bd_0_i/hls_inst/inst/dadddsub_64ns_64ns_64_4_full_dsp_1_U2/md_kernel_dadddsub_64ns_64ns_64_4_full_dsp_1_ip_u/inst/i_synth/ADDSUB_OP.ADDSUB/LOGIC_SPEED.OP/NORM/LZE/ENCODE[0].MUX_0/OP_DEL/i_pipe/opt_has_pipe.first_q_reg[0]_0
    SLICE_X40Y115        FDRE                                         r  bd_0_i/hls_inst/inst/dadddsub_64ns_64ns_64_4_full_dsp_1_U2/md_kernel_dadddsub_64ns_64ns_64_4_full_dsp_1_ip_u/inst/i_synth/ADDSUB_OP.ADDSUB/LOGIC_SPEED.OP/NORM/LZE/ENCODE[0].MUX_0/OP_DEL/i_pipe/opt_has_pipe.first_q_reg[0]/D
  -------------------------------------------------------------------    -------------------

                         (clock ap_clk rise edge)     0.000     0.000 r  
                                                      0.000     0.000 r  ap_clk (IN)
                         net (fo=4330, unset)         0.020     0.020    bd_0_i/hls_inst/inst/dadddsub_64ns_64ns_64_4_full_dsp_1_U2/md_kernel_dadddsub_64ns_64ns_64_4_full_dsp_1_ip_u/inst/i_synth/ADDSUB_OP.ADDSUB/LOGIC_SPEED.OP/NORM/LZE/ENCODE[0].MUX_0/OP_DEL/i_pipe/aclk
    SLICE_X40Y115        FDRE                                         r  bd_0_i/hls_inst/inst/dadddsub_64ns_64ns_64_4_full_dsp_1_U2/md_kernel_dadddsub_64ns_64ns_64_4_full_dsp_1_ip_u/inst/i_synth/ADDSUB_OP.ADDSUB/LOGIC_SPEED.OP/NORM/LZE/ENCODE[0].MUX_0/OP_DEL/i_pipe/opt_has_pipe.first_q_reg[0]/C

Slack:                    inf
  Source:                 bd_0_i/hls_inst/inst/dadddsub_64ns_64ns_64_4_full_dsp_1_U3/md_kernel_dadddsub_64ns_64ns_64_4_full_dsp_1_ip_u/inst/i_synth/ADDSUB_OP.ADDSUB/LOGIC_SPEED.OP/ALIGN_BLK/FRAC_ADDSUB/DSP_ADD.FRAC_ADDSUB/i_no_versal_es1_workaround.DSP48E1_GEN.DSP48E1_DEL/i_no_versal_es1_workaround.DSP/DSP_A_B_DATA_INST/B_ALU[1]
                            (internal pin)
  Destination:            bd_0_i/hls_inst/inst/dadddsub_64ns_64ns_64_4_full_dsp_1_U3/md_kernel_dadddsub_64ns_64ns_64_4_full_dsp_1_ip_u/inst/i_synth/ADDSUB_OP.ADDSUB/LOGIC_SPEED.OP/NORM/LZE/ENCODE[0].MUX_0/OP_DEL/i_pipe/opt_has_pipe.first_q_reg[1]/D
                            (rising edge-triggered cell FDRE clocked by ap_clk  {rise@0.000ns fall@4.000ns period=8.000ns})
  Path Group:             (none)
  Path Type:              Setup (Max at Slow Process Corner)
  Data Path Delay:        3.160ns  (logic 1.946ns (61.575%)  route 1.214ns (38.425%))
  Logic Levels:           10  (CARRY8=1 DSP_ALU=2 DSP_OUTPUT=2 LUT2=1 LUT5=1 LUT6=3)
  Clock Uncertainty:      0.025ns  ((TSJ^2 + TIJ^2)^1/2 + DJ) / 2 + PE
    Total System Jitter     (TSJ):    0.050ns
    Total Input Jitter      (TIJ):    0.000ns
    Discrete Jitter          (DJ):    0.000ns
    Phase Error              (PE):    0.000ns

    Location             Delay type                Incr(ns)  Path(ns)    Netlist Resource(s)
  -------------------------------------------------------------------    -------------------
    DSP48E2_X5Y50        DSP_A_B_DATA                 0.000     0.000 r  bd_0_i/hls_inst/inst/dadddsub_64ns_64ns_64_4_full_dsp_1_U3/md_kernel_dadddsub_64ns_64ns_64_4_full_dsp_1_ip_u/inst/i_synth/ADDSUB_OP.ADDSUB/LOGIC_SPEED.OP/ALIGN_BLK/FRAC_ADDSUB/DSP_ADD.FRAC_ADDSUB/i_no_versal_es1_workaround.DSP48E1_GEN.DSP48E1_DEL/i_no_versal_es1_workaround.DSP/DSP_A_B_DATA_INST/B_ALU[1]
                         net (fo=1, routed)           0.000     0.000    bd_0_i/hls_inst/inst/dadddsub_64ns_64ns_64_4_full_dsp_1_U3/md_kernel_dadddsub_64ns_64ns_64_4_full_dsp_1_ip_u/inst/i_synth/ADDSUB_OP.ADDSUB/LOGIC_SPEED.OP/ALIGN_BLK/FRAC_ADDSUB/DSP_ADD.FRAC_ADDSUB/i_no_versal_es1_workaround.DSP48E1_GEN.DSP48E1_DEL/i_no_versal_es1_workaround.DSP/DSP_A_B_DATA.B_ALU<1>
    DSP48E2_X5Y50        DSP_ALU (Prop_DSP_ALU_DSP48E2_B_ALU[1]_ALU_OUT[47])
                                                      0.541     0.541 f  bd_0_i/hls_inst/inst/dadddsub_64ns_64ns_64_4_full_dsp_1_U3/md_kernel_dadddsub_64ns_64ns_64_4_full_dsp_1_ip_u/inst/i_synth/ADDSUB_OP.ADDSUB/LOGIC_SPEED.OP/ALIGN_BLK/FRAC_ADDSUB/DSP_ADD.FRAC_ADDSUB/i_no_versal_es1_workaround.DSP48E1_GEN.DSP48E1_DEL/i_no_versal_es1_workaround.DSP/DSP_ALU_INST/ALU_OUT[47]
                         net (fo=1, routed)           0.000     0.541    bd_0_i/hls_inst/inst/dadddsub_64ns_64ns_64_4_full_dsp_1_U3/md_kernel_dadddsub_64ns_64ns_64_4_full_dsp_1_ip_u/inst/i_synth/ADDSUB_OP.ADDSUB/LOGIC_SPEED.OP/ALIGN_BLK/FRAC_ADDSUB/DSP_ADD.FRAC_ADDSUB/i_no_versal_es1_workaround.DSP48E1_GEN.DSP48E1_DEL/i_no_versal_es1_workaround.DSP/DSP_ALU.ALU_OUT<47>
    DSP48E2_X5Y50        DSP_OUTPUT (Prop_DSP_OUTPUT_DSP48E2_ALU_OUT[47]_PCOUT[47])
                                                      0.122     0.663 r  bd_0_i/hls_inst/inst/dadddsub_64ns_64ns_64_4_full_dsp_1_U3/md_kernel_dadddsub_64ns_64ns_64_4_full_dsp_1_ip_u/inst/i_synth/ADDSUB_OP.ADDSUB/LOGIC_SPEED.OP/ALIGN_BLK/FRAC_ADDSUB/DSP_ADD.FRAC_ADDSUB/i_no_versal_es1_workaround.DSP48E1_GEN.DSP48E1_DEL/i_no_versal_es1_workaround.DSP/DSP_OUTPUT_INST/PCOUT[47]
                         net (fo=1, routed)           0.014     0.677    bd_0_i/hls_inst/inst/dadddsub_64ns_64ns_64_4_full_dsp_1_U3/md_kernel_dadddsub_64ns_64ns_64_4_full_dsp_1_ip_u/inst/i_synth/ADDSUB_OP.ADDSUB/LOGIC_SPEED.OP/ALIGN_BLK/FRAC_ADDSUB/DSP_ADD.FRAC_ADDSUB/i_no_versal_es1_workaround.DSP48E1_ADD.DSP48E1_ADD/i_no_versal_es1_workaround.DSP/PCIN[47]
    DSP48E2_X5Y51        DSP_ALU (Prop_DSP_ALU_DSP48E2_PCIN[47]_ALU_OUT[47])
                                                      0.546     1.223 f  bd_0_i/hls_inst/inst/dadddsub_64ns_64ns_64_4_full_dsp_1_U3/md_kernel_dadddsub_64ns_64ns_64_4_full_dsp_1_ip_u/inst/i_synth/ADDSUB_OP.ADDSUB/LOGIC_SPEED.OP/ALIGN_BLK/FRAC_ADDSUB/DSP_ADD.FRAC_ADDSUB/i_no_versal_es1_workaround.DSP48E1_ADD.DSP48E1_ADD/i_no_versal_es1_workaround.DSP/DSP_ALU_INST/ALU_OUT[47]
                         net (fo=1, routed)           0.000     1.223    bd_0_i/hls_inst/inst/dadddsub_64ns_64ns_64_4_full_dsp_1_U3/md_kernel_dadddsub_64ns_64ns_64_4_full_dsp_1_ip_u/inst/i_synth/ADDSUB_OP.ADDSUB/LOGIC_SPEED.OP/ALIGN_BLK/FRAC_ADDSUB/DSP_ADD.FRAC_ADDSUB/i_no_versal_es1_workaround.DSP48E1_ADD.DSP48E1_ADD/i_no_versal_es1_workaround.DSP/DSP_ALU.ALU_OUT<47>
    DSP48E2_X5Y51        DSP_OUTPUT (Prop_DSP_OUTPUT_DSP48E2_ALU_OUT[47]_P[47])
                                                      0.109     1.332 r  bd_0_i/hls_inst/inst/dadddsub_64ns_64ns_64_4_full_dsp_1_U3/md_kernel_dadddsub_64ns_64ns_64_4_full_dsp_1_ip_u/inst/i_synth/ADDSUB_OP.ADDSUB/LOGIC_SPEED.OP/ALIGN_BLK/FRAC_ADDSUB/DSP_ADD.FRAC_ADDSUB/i_no_versal_es1_workaround.DSP48E1_ADD.DSP48E1_ADD/i_no_versal_es1_workaround.DSP/DSP_OUTPUT_INST/P[47]
                         net (fo=16, routed)          0.333     1.665    bd_0_i/hls_inst/inst/dadddsub_64ns_64ns_64_4_full_dsp_1_U3/md_kernel_dadddsub_64ns_64ns_64_4_full_dsp_1_ip_u/inst/i_synth/ADDSUB_OP.ADDSUB/LOGIC_SPEED.OP/ALIGN_BLK/FRAC_ADDSUB/DSP_ADD.FRAC_ADDSUB/i_no_versal_es1_workaround.LOGIC_ADD.ADD_0/P[0]
    SLICE_X44Y144        LUT5 (Prop_A6LUT_SLICEM_I3_O)
                                                      0.100     1.765 f  bd_0_i/hls_inst/inst/dadddsub_64ns_64ns_64_4_full_dsp_1_U3/md_kernel_dadddsub_64ns_64ns_64_4_full_dsp_1_ip_u/inst/i_synth/ADDSUB_OP.ADDSUB/LOGIC_SPEED.OP/ALIGN_BLK/FRAC_ADDSUB/DSP_ADD.FRAC_ADDSUB/i_no_versal_es1_workaround.LOGIC_ADD.ADD_0/CHAIN_GEN[1].C_MUX.CARRY_MUX_i_2__1/O
                         net (fo=2, routed)           0.097     1.862    bd_0_i/hls_inst/inst/dadddsub_64ns_64ns_64_4_full_dsp_1_U3/md_kernel_dadddsub_64ns_64ns_64_4_full_dsp_1_ip_u/inst/i_synth/ADDSUB_OP.ADDSUB/LOGIC_SPEED.OP/ALIGN_BLK/FRAC_ADDSUB/DSP_ADD.FRAC_ADDSUB/i_no_versal_es1_workaround.LOGIC_ADD.ADD_0/CHAIN_GEN[2].Q_XOR.SUM_XOR_0
    SLICE_X44Y145        LUT6 (Prop_B6LUT_SLICEM_I5_O)
                                                      0.089     1.951 r  bd_0_i/hls_inst/inst/dadddsub_64ns_64ns_64_4_full_dsp_1_U3/md_kernel_dadddsub_64ns_64ns_64_4_full_dsp_1_ip_u/inst/i_synth/ADDSUB_OP.ADDSUB/LOGIC_SPEED.OP/ALIGN_BLK/FRAC_ADDSUB/DSP_ADD.FRAC_ADDSUB/i_no_versal_es1_workaround.LOGIC_ADD.ADD_0/CHAIN_GEN[1].C_MUX.CARRY_MUX_i_1__4/O
                         net (fo=1, routed)           0.016     1.967    bd_0_i/hls_inst/inst/dadddsub_64ns_64ns_64_4_full_dsp_1_U3/md_kernel_dadddsub_64ns_64ns_64_4_full_dsp_1_ip_u/inst/i_synth/ADDSUB_OP.ADDSUB/LOGIC_SPEED.OP/NORM/LZE/ZERO_DET_CC_1/chunk_is_zero[1]
    SLICE_X44Y145        CARRY8 (Prop_CARRY8_SLICEM_S[1]_CO[7])
                                                      0.204     2.171 r  bd_0_i/hls_inst/inst/dadddsub_64ns_64ns_64_4_full_dsp_1_U3/md_kernel_dadddsub_64ns_64ns_64_4_full_dsp_1_ip_u/inst/i_synth/ADDSUB_OP.ADDSUB/LOGIC_SPEED.OP/NORM/LZE/ZERO_DET_CC_1/CHAIN_GEN[0].C_MUX.CARRY_MUX_CARRY4_CARRY8/CO[7]
                         net (fo=67, routed)          0.230     2.401    bd_0_i/hls_inst/inst/dadddsub_64ns_64ns_64_4_full_dsp_1_U3/md_kernel_dadddsub_64ns_64ns_64_4_full_dsp_1_ip_u/inst/i_synth/ADDSUB_OP.ADDSUB/LOGIC_SPEED.OP/NORM/LZE/ZERO_DET_CC_1/CHAIN_GEN[7].C_MUX.CARRY_MUX_0[1]
    SLICE_X45Y147        LUT2 (Prop_H5LUT_SLICEL_I0_O)
                                                      0.109     2.510 r  bd_0_i/hls_inst/inst/dadddsub_64ns_64ns_64_4_full_dsp_1_U3/md_kernel_dadddsub_64ns_64ns_64_4_full_dsp_1_ip_u/inst/i_synth/ADDSUB_OP.ADDSUB/LOGIC_SPEED.OP/NORM/LZE/ZERO_DET_CC_1/opt_has_pipe.first_q[7]_i_3/O
                         net (fo=7, routed)           0.291     2.800    bd_0_i/hls_inst/inst/dadddsub_64ns_64ns_64_4_full_dsp_1_U3/md_kernel_dadddsub_64ns_64ns_64_4_full_dsp_1_ip_u/inst/i_synth/ADDSUB_OP.ADDSUB/LOGIC_SPEED.OP/ALIGN_BLK/FRAC_ADDSUB/DSP_ADD.FRAC_ADDSUB/i_no_versal_es1_workaround.DSP48E1_ADD.DSP48E1_ADD/opt_has_pipe.first_q_reg[7]
    SLICE_X46Y144        LUT6 (Prop_G6LUT_SLICEM_I5_O)
                                                      0.037     2.837 r  bd_0_i/hls_inst/inst/dadddsub_64ns_64ns_64_4_full_dsp_1_U3/md_kernel_dadddsub_64ns_64ns_64_4_full_dsp_1_ip_u/inst/i_synth/ADDSUB_OP.ADDSUB/LOGIC_SPEED.OP/ALIGN_BLK/FRAC_ADDSUB/DSP_ADD.FRAC_ADDSUB/i_no_versal_es1_workaround.DSP48E1_ADD.DSP48E1_ADD/opt_has_pipe.first_q[1]_i_2__1/O
                         net (fo=1, routed)           0.185     3.022    bd_0_i/hls_inst/inst/dadddsub_64ns_64ns_64_4_full_dsp_1_U3/md_kernel_dadddsub_64ns_64ns_64_4_full_dsp_1_ip_u/inst/i_synth/ADDSUB_OP.ADDSUB/LOGIC_SPEED.OP/ALIGN_BLK/FRAC_ADDSUB/DSP_ADD.FRAC_ADDSUB/i_no_versal_es1_workaround.DSP48E1_ADD.DSP48E1_ADD/opt_has_pipe.first_q[1]_i_2__1_n_0
    SLICE_X45Y147        LUT6 (Prop_D6LUT_SLICEL_I0_O)
                                                      0.089     3.111 r  bd_0_i/hls_inst/inst/dadddsub_64ns_64ns_64_4_full_dsp_1_U3/md_kernel_dadddsub_64ns_64ns_64_4_full_dsp_1_ip_u/inst/i_synth/ADDSUB_OP.ADDSUB/LOGIC_SPEED.OP/ALIGN_BLK/FRAC_ADDSUB/DSP_ADD.FRAC_ADDSUB/i_no_versal_es1_workaround.DSP48E1_ADD.DSP48E1_ADD/opt_has_pipe.first_q[1]_i_1__0/O
                         net (fo=1, routed)           0.049     3.160    bd_0_i/hls_inst/inst/dadddsub_64ns_64ns_64_4_full_dsp_1_U3/md_kernel_dadddsub_64ns_64ns_64_4_full_dsp_1_ip_u/inst/i_synth/ADDSUB_OP.ADDSUB/LOGIC_SPEED.OP/NORM/LZE/ENCODE[0].MUX_0/OP_DEL/i_pipe/opt_has_pipe.first_q_reg[1]_1
    SLICE_X45Y147        FDRE                                         r  bd_0_i/hls_inst/inst/dadddsub_64ns_64ns_64_4_full_dsp_1_U3/md_kernel_dadddsub_64ns_64ns_64_4_full_dsp_1_ip_u/inst/i_synth/ADDSUB_OP.ADDSUB/LOGIC_SPEED.OP/NORM/LZE/ENCODE[0].MUX_0/OP_DEL/i_pipe/opt_has_pipe.first_q_reg[1]/D
  -------------------------------------------------------------------    -------------------

                         (clock ap_clk rise edge)     0.000     0.000 r  
                                                      0.000     0.000 r  ap_clk (IN)
                         net (fo=4330, unset)         0.020     0.020    bd_0_i/hls_inst/inst/dadddsub_64ns_64ns_64_4_full_dsp_1_U3/md_kernel_dadddsub_64ns_64ns_64_4_full_dsp_1_ip_u/inst/i_synth/ADDSUB_OP.ADDSUB/LOGIC_SPEED.OP/NORM/LZE/ENCODE[0].MUX_0/OP_DEL/i_pipe/aclk
    SLICE_X45Y147        FDRE                                         r  bd_0_i/hls_inst/inst/dadddsub_64ns_64ns_64_4_full_dsp_1_U3/md_kernel_dadddsub_64ns_64ns_64_4_full_dsp_1_ip_u/inst/i_synth/ADDSUB_OP.ADDSUB/LOGIC_SPEED.OP/NORM/LZE/ENCODE[0].MUX_0/OP_DEL/i_pipe/opt_has_pipe.first_q_reg[1]/C

Slack:                    inf
  Source:                 bd_0_i/hls_inst/inst/dadddsub_64ns_64ns_64_4_full_dsp_1_U2/md_kernel_dadddsub_64ns_64ns_64_4_full_dsp_1_ip_u/inst/i_synth/ADDSUB_OP.ADDSUB/LOGIC_SPEED.OP/ALIGN_BLK/FRAC_ADDSUB/DSP_ADD.FRAC_ADDSUB/i_no_versal_es1_workaround.DSP48E1_GEN.DSP48E1_DEL/i_no_versal_es1_workaround.DSP/DSP_A_B_DATA_INST/B_ALU[1]
                            (internal pin)
  Destination:            bd_0_i/hls_inst/inst/dadddsub_64ns_64ns_64_4_full_dsp_1_U2/md_kernel_dadddsub_64ns_64ns_64_4_full_dsp_1_ip_u/inst/i_synth/ADDSUB_OP.ADDSUB/LOGIC_SPEED.OP/NORM/LZE/ENCODE[0].MUX_0/OP_DEL/i_pipe/opt_has_pipe.first_q_reg[4]/D
                            (rising edge-triggered cell FDRE clocked by ap_clk  {rise@0.000ns fall@4.000ns period=8.000ns})
  Path Group:             (none)
  Path Type:              Setup (Max at Slow Process Corner)
  Data Path Delay:        3.157ns  (logic 1.944ns (61.571%)  route 1.213ns (38.429%))
  Logic Levels:           10  (CARRY8=1 DSP_ALU=2 DSP_OUTPUT=2 LUT2=1 LUT5=1 LUT6=3)
  Clock Uncertainty:      0.025ns  ((TSJ^2 + TIJ^2)^1/2 + DJ) / 2 + PE
    Total System Jitter     (TSJ):    0.050ns
    Total Input Jitter      (TIJ):    0.000ns
    Discrete Jitter          (DJ):    0.000ns
    Phase Error              (PE):    0.000ns

    Location             Delay type                Incr(ns)  Path(ns)    Netlist Resource(s)
  -------------------------------------------------------------------    -------------------
    DSP48E2_X5Y38        DSP_A_B_DATA                 0.000     0.000 r  bd_0_i/hls_inst/inst/dadddsub_64ns_64ns_64_4_full_dsp_1_U2/md_kernel_dadddsub_64ns_64ns_64_4_full_dsp_1_ip_u/inst/i_synth/ADDSUB_OP.ADDSUB/LOGIC_SPEED.OP/ALIGN_BLK/FRAC_ADDSUB/DSP_ADD.FRAC_ADDSUB/i_no_versal_es1_workaround.DSP48E1_GEN.DSP48E1_DEL/i_no_versal_es1_workaround.DSP/DSP_A_B_DATA_INST/B_ALU[1]
                         net (fo=1, routed)           0.000     0.000    bd_0_i/hls_inst/inst/dadddsub_64ns_64ns_64_4_full_dsp_1_U2/md_kernel_dadddsub_64ns_64ns_64_4_full_dsp_1_ip_u/inst/i_synth/ADDSUB_OP.ADDSUB/LOGIC_SPEED.OP/ALIGN_BLK/FRAC_ADDSUB/DSP_ADD.FRAC_ADDSUB/i_no_versal_es1_workaround.DSP48E1_GEN.DSP48E1_DEL/i_no_versal_es1_workaround.DSP/DSP_A_B_DATA.B_ALU<1>
    DSP48E2_X5Y38        DSP_ALU (Prop_DSP_ALU_DSP48E2_B_ALU[1]_ALU_OUT[47])
                                                      0.541     0.541 f  bd_0_i/hls_inst/inst/dadddsub_64ns_64ns_64_4_full_dsp_1_U2/md_kernel_dadddsub_64ns_64ns_64_4_full_dsp_1_ip_u/inst/i_synth/ADDSUB_OP.ADDSUB/LOGIC_SPEED.OP/ALIGN_BLK/FRAC_ADDSUB/DSP_ADD.FRAC_ADDSUB/i_no_versal_es1_workaround.DSP48E1_GEN.DSP48E1_DEL/i_no_versal_es1_workaround.DSP/DSP_ALU_INST/ALU_OUT[47]
                         net (fo=1, routed)           0.000     0.541    bd_0_i/hls_inst/inst/dadddsub_64ns_64ns_64_4_full_dsp_1_U2/md_kernel_dadddsub_64ns_64ns_64_4_full_dsp_1_ip_u/inst/i_synth/ADDSUB_OP.ADDSUB/LOGIC_SPEED.OP/ALIGN_BLK/FRAC_ADDSUB/DSP_ADD.FRAC_ADDSUB/i_no_versal_es1_workaround.DSP48E1_GEN.DSP48E1_DEL/i_no_versal_es1_workaround.DSP/DSP_ALU.ALU_OUT<47>
    DSP48E2_X5Y38        DSP_OUTPUT (Prop_DSP_OUTPUT_DSP48E2_ALU_OUT[47]_PCOUT[47])
                                                      0.122     0.663 r  bd_0_i/hls_inst/inst/dadddsub_64ns_64ns_64_4_full_dsp_1_U2/md_kernel_dadddsub_64ns_64ns_64_4_full_dsp_1_ip_u/inst/i_synth/ADDSUB_OP.ADDSUB/LOGIC_SPEED.OP/ALIGN_BLK/FRAC_ADDSUB/DSP_ADD.FRAC_ADDSUB/i_no_versal_es1_workaround.DSP48E1_GEN.DSP48E1_DEL/i_no_versal_es1_workaround.DSP/DSP_OUTPUT_INST/PCOUT[47]
                         net (fo=1, routed)           0.014     0.677    bd_0_i/hls_inst/inst/dadddsub_64ns_64ns_64_4_full_dsp_1_U2/md_kernel_dadddsub_64ns_64ns_64_4_full_dsp_1_ip_u/inst/i_synth/ADDSUB_OP.ADDSUB/LOGIC_SPEED.OP/ALIGN_BLK/FRAC_ADDSUB/DSP_ADD.FRAC_ADDSUB/i_no_versal_es1_workaround.DSP48E1_ADD.DSP48E1_ADD/i_no_versal_es1_workaround.DSP/PCIN[47]
    DSP48E2_X5Y39        DSP_ALU (Prop_DSP_ALU_DSP48E2_PCIN[47]_ALU_OUT[47])
                                                      0.546     1.223 f  bd_0_i/hls_inst/inst/dadddsub_64ns_64ns_64_4_full_dsp_1_U2/md_kernel_dadddsub_64ns_64ns_64_4_full_dsp_1_ip_u/inst/i_synth/ADDSUB_OP.ADDSUB/LOGIC_SPEED.OP/ALIGN_BLK/FRAC_ADDSUB/DSP_ADD.FRAC_ADDSUB/i_no_versal_es1_workaround.DSP48E1_ADD.DSP48E1_ADD/i_no_versal_es1_workaround.DSP/DSP_ALU_INST/ALU_OUT[47]
                         net (fo=1, routed)           0.000     1.223    bd_0_i/hls_inst/inst/dadddsub_64ns_64ns_64_4_full_dsp_1_U2/md_kernel_dadddsub_64ns_64ns_64_4_full_dsp_1_ip_u/inst/i_synth/ADDSUB_OP.ADDSUB/LOGIC_SPEED.OP/ALIGN_BLK/FRAC_ADDSUB/DSP_ADD.FRAC_ADDSUB/i_no_versal_es1_workaround.DSP48E1_ADD.DSP48E1_ADD/i_no_versal_es1_workaround.DSP/DSP_ALU.ALU_OUT<47>
    DSP48E2_X5Y39        DSP_OUTPUT (Prop_DSP_OUTPUT_DSP48E2_ALU_OUT[47]_P[47])
                                                      0.109     1.332 r  bd_0_i/hls_inst/inst/dadddsub_64ns_64ns_64_4_full_dsp_1_U2/md_kernel_dadddsub_64ns_64ns_64_4_full_dsp_1_ip_u/inst/i_synth/ADDSUB_OP.ADDSUB/LOGIC_SPEED.OP/ALIGN_BLK/FRAC_ADDSUB/DSP_ADD.FRAC_ADDSUB/i_no_versal_es1_workaround.DSP48E1_ADD.DSP48E1_ADD/i_no_versal_es1_workaround.DSP/DSP_OUTPUT_INST/P[47]
                         net (fo=16, routed)          0.353     1.685    bd_0_i/hls_inst/inst/dadddsub_64ns_64ns_64_4_full_dsp_1_U2/md_kernel_dadddsub_64ns_64ns_64_4_full_dsp_1_ip_u/inst/i_synth/ADDSUB_OP.ADDSUB/LOGIC_SPEED.OP/ALIGN_BLK/FRAC_ADDSUB/DSP_ADD.FRAC_ADDSUB/i_no_versal_es1_workaround.LOGIC_ADD.ADD_0/P[0]
    SLICE_X40Y115        LUT5 (Prop_G6LUT_SLICEL_I3_O)
                                                      0.035     1.720 f  bd_0_i/hls_inst/inst/dadddsub_64ns_64ns_64_4_full_dsp_1_U2/md_kernel_dadddsub_64ns_64ns_64_4_full_dsp_1_ip_u/inst/i_synth/ADDSUB_OP.ADDSUB/LOGIC_SPEED.OP/ALIGN_BLK/FRAC_ADDSUB/DSP_ADD.FRAC_ADDSUB/i_no_versal_es1_workaround.LOGIC_ADD.ADD_0/CHAIN_GEN[0].C_MUX.CARRY_MUX_i_2__1/O
                         net (fo=2, routed)           0.199     1.918    bd_0_i/hls_inst/inst/dadddsub_64ns_64ns_64_4_full_dsp_1_U2/md_kernel_dadddsub_64ns_64ns_64_4_full_dsp_1_ip_u/inst/i_synth/ADDSUB_OP.ADDSUB/LOGIC_SPEED.OP/ALIGN_BLK/FRAC_ADDSUB/DSP_ADD.FRAC_ADDSUB/i_no_versal_es1_workaround.LOGIC_ADD.ADD_0/CHAIN_GEN[6].Q_XOR.SUM_XOR_0
    SLICE_X41Y114        LUT6 (Prop_A6LUT_SLICEM_I5_O)
                                                      0.053     1.971 r  bd_0_i/hls_inst/inst/dadddsub_64ns_64ns_64_4_full_dsp_1_U2/md_kernel_dadddsub_64ns_64ns_64_4_full_dsp_1_ip_u/inst/i_synth/ADDSUB_OP.ADDSUB/LOGIC_SPEED.OP/ALIGN_BLK/FRAC_ADDSUB/DSP_ADD.FRAC_ADDSUB/i_no_versal_es1_workaround.LOGIC_ADD.ADD_0/CHAIN_GEN[0].C_MUX.CARRY_MUX_i_1__3/O
                         net (fo=1, routed)           0.013     1.984    bd_0_i/hls_inst/inst/dadddsub_64ns_64ns_64_4_full_dsp_1_U2/md_kernel_dadddsub_64ns_64ns_64_4_full_dsp_1_ip_u/inst/i_synth/ADDSUB_OP.ADDSUB/LOGIC_SPEED.OP/NORM/LZE/ZERO_DET_CC_1/chunk_is_zero[0]
    SLICE_X41Y114        CARRY8 (Prop_CARRY8_SLICEM_S[0]_CO[3])
                                                      0.186     2.170 r  bd_0_i/hls_inst/inst/dadddsub_64ns_64ns_64_4_full_dsp_1_U2/md_kernel_dadddsub_64ns_64ns_64_4_full_dsp_1_ip_u/inst/i_synth/ADDSUB_OP.ADDSUB/LOGIC_SPEED.OP/NORM/LZE/ZERO_DET_CC_1/CHAIN_GEN[0].C_MUX.CARRY_MUX_CARRY4_CARRY8/CO[3]
                         net (fo=49, routed)          0.217     2.388    bd_0_i/hls_inst/inst/dadddsub_64ns_64ns_64_4_full_dsp_1_U2/md_kernel_dadddsub_64ns_64ns_64_4_full_dsp_1_ip_u/inst/i_synth/ADDSUB_OP.ADDSUB/LOGIC_SPEED.OP/NORM/LZE/ZERO_DET_CC_1/CARRYS_OUT[0]
    SLICE_X42Y114        LUT2 (Prop_G5LUT_SLICEM_I0_O)
                                                      0.163     2.551 r  bd_0_i/hls_inst/inst/dadddsub_64ns_64ns_64_4_full_dsp_1_U2/md_kernel_dadddsub_64ns_64ns_64_4_full_dsp_1_ip_u/inst/i_synth/ADDSUB_OP.ADDSUB/LOGIC_SPEED.OP/NORM/LZE/ZERO_DET_CC_1/opt_has_pipe.first_q[7]_i_4/O
                         net (fo=4, routed)           0.252     2.802    bd_0_i/hls_inst/inst/dadddsub_64ns_64ns_64_4_full_dsp_1_U2/md_kernel_dadddsub_64ns_64ns_64_4_full_dsp_1_ip_u/inst/i_synth/ADDSUB_OP.ADDSUB/LOGIC_SPEED.OP/ALIGN_BLK/FRAC_ADDSUB/DSP_ADD.FRAC_ADDSUB/i_no_versal_es1_workaround.DSP48E1_ADD.DSP48E1_ADD/opt_has_pipe.first_q_reg[7]_0
    SLICE_X41Y116        LUT6 (Prop_H6LUT_SLICEM_I3_O)
                                                      0.090     2.892 r  bd_0_i/hls_inst/inst/dadddsub_64ns_64ns_64_4_full_dsp_1_U2/md_kernel_dadddsub_64ns_64ns_64_4_full_dsp_1_ip_u/inst/i_synth/ADDSUB_OP.ADDSUB/LOGIC_SPEED.OP/ALIGN_BLK/FRAC_ADDSUB/DSP_ADD.FRAC_ADDSUB/i_no_versal_es1_workaround.DSP48E1_ADD.DSP48E1_ADD/opt_has_pipe.first_q[4]_i_2/O
                         net (fo=1, routed)           0.094     2.986    bd_0_i/hls_inst/inst/dadddsub_64ns_64ns_64_4_full_dsp_1_U2/md_kernel_dadddsub_64ns_64ns_64_4_full_dsp_1_ip_u/inst/i_synth/ADDSUB_OP.ADDSUB/LOGIC_SPEED.OP/ALIGN_BLK/FRAC_ADDSUB/DSP_ADD.FRAC_ADDSUB/i_no_versal_es1_workaround.DSP48E1_ADD.DSP48E1_ADD/opt_has_pipe.first_q[4]_i_2_n_0
    SLICE_X41Y116        LUT6 (Prop_D6LUT_SLICEM_I0_O)
                                                      0.099     3.085 r  bd_0_i/hls_inst/inst/dadddsub_64ns_64ns_64_4_full_dsp_1_U2/md_kernel_dadddsub_64ns_64ns_64_4_full_dsp_1_ip_u/inst/i_synth/ADDSUB_OP.ADDSUB/LOGIC_SPEED.OP/ALIGN_BLK/FRAC_ADDSUB/DSP_ADD.FRAC_ADDSUB/i_no_versal_es1_workaround.DSP48E1_ADD.DSP48E1_ADD/opt_has_pipe.first_q[4]_i_1/O
                         net (fo=1, routed)           0.072     3.157    bd_0_i/hls_inst/inst/dadddsub_64ns_64ns_64_4_full_dsp_1_U2/md_kernel_dadddsub_64ns_64ns_64_4_full_dsp_1_ip_u/inst/i_synth/ADDSUB_OP.ADDSUB/LOGIC_SPEED.OP/NORM/LZE/ENCODE[0].MUX_0/OP_DEL/i_pipe/opt_has_pipe.first_q_reg[4]_0
    SLICE_X41Y116        FDRE                                         r  bd_0_i/hls_inst/inst/dadddsub_64ns_64ns_64_4_full_dsp_1_U2/md_kernel_dadddsub_64ns_64ns_64_4_full_dsp_1_ip_u/inst/i_synth/ADDSUB_OP.ADDSUB/LOGIC_SPEED.OP/NORM/LZE/ENCODE[0].MUX_0/OP_DEL/i_pipe/opt_has_pipe.first_q_reg[4]/D
  -------------------------------------------------------------------    -------------------

                         (clock ap_clk rise edge)     0.000     0.000 r  
                                                      0.000     0.000 r  ap_clk (IN)
                         net (fo=4330, unset)         0.021     0.021    bd_0_i/hls_inst/inst/dadddsub_64ns_64ns_64_4_full_dsp_1_U2/md_kernel_dadddsub_64ns_64ns_64_4_full_dsp_1_ip_u/inst/i_synth/ADDSUB_OP.ADDSUB/LOGIC_SPEED.OP/NORM/LZE/ENCODE[0].MUX_0/OP_DEL/i_pipe/aclk
    SLICE_X41Y116        FDRE                                         r  bd_0_i/hls_inst/inst/dadddsub_64ns_64ns_64_4_full_dsp_1_U2/md_kernel_dadddsub_64ns_64ns_64_4_full_dsp_1_ip_u/inst/i_synth/ADDSUB_OP.ADDSUB/LOGIC_SPEED.OP/NORM/LZE/ENCODE[0].MUX_0/OP_DEL/i_pipe/opt_has_pipe.first_q_reg[4]/C

Slack:                    inf
  Source:                 bd_0_i/hls_inst/inst/dadddsub_64ns_64ns_64_4_full_dsp_1_U1/md_kernel_dadddsub_64ns_64ns_64_4_full_dsp_1_ip_u/inst/i_synth/ADDSUB_OP.ADDSUB/LOGIC_SPEED.OP/ALIGN_BLK/FRAC_ADDSUB/DSP_ADD.FRAC_ADDSUB/i_no_versal_es1_workaround.DSP48E1_GEN.DSP48E1_DEL/i_no_versal_es1_workaround.DSP/DSP_A_B_DATA_INST/B_ALU[1]
                            (internal pin)
  Destination:            bd_0_i/hls_inst/inst/dadddsub_64ns_64ns_64_4_full_dsp_1_U1/md_kernel_dadddsub_64ns_64ns_64_4_full_dsp_1_ip_u/inst/i_synth/ADDSUB_OP.ADDSUB/LOGIC_SPEED.OP/NORM/LZE/ENCODE[0].MUX_0/OP_DEL/i_pipe/opt_has_pipe.first_q_reg[6]/D
                            (rising edge-triggered cell FDRE clocked by ap_clk  {rise@0.000ns fall@4.000ns period=8.000ns})
  Path Group:             (none)
  Path Type:              Setup (Max at Slow Process Corner)
  Data Path Delay:        3.139ns  (logic 1.890ns (60.208%)  route 1.249ns (39.792%))
  Logic Levels:           10  (CARRY8=1 DSP_ALU=2 DSP_OUTPUT=2 LUT2=1 LUT5=1 LUT6=3)
  Clock Uncertainty:      0.025ns  ((TSJ^2 + TIJ^2)^1/2 + DJ) / 2 + PE
    Total System Jitter     (TSJ):    0.050ns
    Total Input Jitter      (TIJ):    0.000ns
    Discrete Jitter          (DJ):    0.000ns
    Phase Error              (PE):    0.000ns

    Location             Delay type                Incr(ns)  Path(ns)    Netlist Resource(s)
  -------------------------------------------------------------------    -------------------
    DSP48E2_X5Y45        DSP_A_B_DATA                 0.000     0.000 r  bd_0_i/hls_inst/inst/dadddsub_64ns_64ns_64_4_full_dsp_1_U1/md_kernel_dadddsub_64ns_64ns_64_4_full_dsp_1_ip_u/inst/i_synth/ADDSUB_OP.ADDSUB/LOGIC_SPEED.OP/ALIGN_BLK/FRAC_ADDSUB/DSP_ADD.FRAC_ADDSUB/i_no_versal_es1_workaround.DSP48E1_GEN.DSP48E1_DEL/i_no_versal_es1_workaround.DSP/DSP_A_B_DATA_INST/B_ALU[1]
                         net (fo=1, routed)           0.000     0.000    bd_0_i/hls_inst/inst/dadddsub_64ns_64ns_64_4_full_dsp_1_U1/md_kernel_dadddsub_64ns_64ns_64_4_full_dsp_1_ip_u/inst/i_synth/ADDSUB_OP.ADDSUB/LOGIC_SPEED.OP/ALIGN_BLK/FRAC_ADDSUB/DSP_ADD.FRAC_ADDSUB/i_no_versal_es1_workaround.DSP48E1_GEN.DSP48E1_DEL/i_no_versal_es1_workaround.DSP/DSP_A_B_DATA.B_ALU<1>
    DSP48E2_X5Y45        DSP_ALU (Prop_DSP_ALU_DSP48E2_B_ALU[1]_ALU_OUT[47])
                                                      0.541     0.541 f  bd_0_i/hls_inst/inst/dadddsub_64ns_64ns_64_4_full_dsp_1_U1/md_kernel_dadddsub_64ns_64ns_64_4_full_dsp_1_ip_u/inst/i_synth/ADDSUB_OP.ADDSUB/LOGIC_SPEED.OP/ALIGN_BLK/FRAC_ADDSUB/DSP_ADD.FRAC_ADDSUB/i_no_versal_es1_workaround.DSP48E1_GEN.DSP48E1_DEL/i_no_versal_es1_workaround.DSP/DSP_ALU_INST/ALU_OUT[47]
                         net (fo=1, routed)           0.000     0.541    bd_0_i/hls_inst/inst/dadddsub_64ns_64ns_64_4_full_dsp_1_U1/md_kernel_dadddsub_64ns_64ns_64_4_full_dsp_1_ip_u/inst/i_synth/ADDSUB_OP.ADDSUB/LOGIC_SPEED.OP/ALIGN_BLK/FRAC_ADDSUB/DSP_ADD.FRAC_ADDSUB/i_no_versal_es1_workaround.DSP48E1_GEN.DSP48E1_DEL/i_no_versal_es1_workaround.DSP/DSP_ALU.ALU_OUT<47>
    DSP48E2_X5Y45        DSP_OUTPUT (Prop_DSP_OUTPUT_DSP48E2_ALU_OUT[47]_PCOUT[47])
                                                      0.122     0.663 r  bd_0_i/hls_inst/inst/dadddsub_64ns_64ns_64_4_full_dsp_1_U1/md_kernel_dadddsub_64ns_64ns_64_4_full_dsp_1_ip_u/inst/i_synth/ADDSUB_OP.ADDSUB/LOGIC_SPEED.OP/ALIGN_BLK/FRAC_ADDSUB/DSP_ADD.FRAC_ADDSUB/i_no_versal_es1_workaround.DSP48E1_GEN.DSP48E1_DEL/i_no_versal_es1_workaround.DSP/DSP_OUTPUT_INST/PCOUT[47]
                         net (fo=1, routed)           0.038     0.701    bd_0_i/hls_inst/inst/dadddsub_64ns_64ns_64_4_full_dsp_1_U1/md_kernel_dadddsub_64ns_64ns_64_4_full_dsp_1_ip_u/inst/i_synth/ADDSUB_OP.ADDSUB/LOGIC_SPEED.OP/ALIGN_BLK/FRAC_ADDSUB/DSP_ADD.FRAC_ADDSUB/i_no_versal_es1_workaround.DSP48E1_ADD.DSP48E1_ADD/i_no_versal_es1_workaround.DSP/PCIN[47]
    DSP48E2_X5Y46        DSP_ALU (Prop_DSP_ALU_DSP48E2_PCIN[47]_ALU_OUT[47])
                                                      0.546     1.247 f  bd_0_i/hls_inst/inst/dadddsub_64ns_64ns_64_4_full_dsp_1_U1/md_kernel_dadddsub_64ns_64ns_64_4_full_dsp_1_ip_u/inst/i_synth/ADDSUB_OP.ADDSUB/LOGIC_SPEED.OP/ALIGN_BLK/FRAC_ADDSUB/DSP_ADD.FRAC_ADDSUB/i_no_versal_es1_workaround.DSP48E1_ADD.DSP48E1_ADD/i_no_versal_es1_workaround.DSP/DSP_ALU_INST/ALU_OUT[47]
                         net (fo=1, routed)           0.000     1.247    bd_0_i/hls_inst/inst/dadddsub_64ns_64ns_64_4_full_dsp_1_U1/md_kernel_dadddsub_64ns_64ns_64_4_full_dsp_1_ip_u/inst/i_synth/ADDSUB_OP.ADDSUB/LOGIC_SPEED.OP/ALIGN_BLK/FRAC_ADDSUB/DSP_ADD.FRAC_ADDSUB/i_no_versal_es1_workaround.DSP48E1_ADD.DSP48E1_ADD/i_no_versal_es1_workaround.DSP/DSP_ALU.ALU_OUT<47>
    DSP48E2_X5Y46        DSP_OUTPUT (Prop_DSP_OUTPUT_DSP48E2_ALU_OUT[47]_P[47])
                                                      0.109     1.356 r  bd_0_i/hls_inst/inst/dadddsub_64ns_64ns_64_4_full_dsp_1_U1/md_kernel_dadddsub_64ns_64ns_64_4_full_dsp_1_ip_u/inst/i_synth/ADDSUB_OP.ADDSUB/LOGIC_SPEED.OP/ALIGN_BLK/FRAC_ADDSUB/DSP_ADD.FRAC_ADDSUB/i_no_versal_es1_workaround.DSP48E1_ADD.DSP48E1_ADD/i_no_versal_es1_workaround.DSP/DSP_OUTPUT_INST/P[47]
                         net (fo=16, routed)          0.347     1.703    bd_0_i/hls_inst/inst/dadddsub_64ns_64ns_64_4_full_dsp_1_U1/md_kernel_dadddsub_64ns_64ns_64_4_full_dsp_1_ip_u/inst/i_synth/ADDSUB_OP.ADDSUB/LOGIC_SPEED.OP/ALIGN_BLK/FRAC_ADDSUB/DSP_ADD.FRAC_ADDSUB/i_no_versal_es1_workaround.LOGIC_ADD.ADD_0/P[0]
    SLICE_X44Y130        LUT5 (Prop_A6LUT_SLICEM_I3_O)
                                                      0.100     1.803 f  bd_0_i/hls_inst/inst/dadddsub_64ns_64ns_64_4_full_dsp_1_U1/md_kernel_dadddsub_64ns_64ns_64_4_full_dsp_1_ip_u/inst/i_synth/ADDSUB_OP.ADDSUB/LOGIC_SPEED.OP/ALIGN_BLK/FRAC_ADDSUB/DSP_ADD.FRAC_ADDSUB/i_no_versal_es1_workaround.LOGIC_ADD.ADD_0/CHAIN_GEN[1].C_MUX.CARRY_MUX_i_2__1/O
                         net (fo=2, routed)           0.190     1.993    bd_0_i/hls_inst/inst/dadddsub_64ns_64ns_64_4_full_dsp_1_U1/md_kernel_dadddsub_64ns_64ns_64_4_full_dsp_1_ip_u/inst/i_synth/ADDSUB_OP.ADDSUB/LOGIC_SPEED.OP/ALIGN_BLK/FRAC_ADDSUB/DSP_ADD.FRAC_ADDSUB/i_no_versal_es1_workaround.LOGIC_ADD.ADD_0/CHAIN_GEN[2].Q_XOR.SUM_XOR_0
    SLICE_X43Y133        LUT6 (Prop_B6LUT_SLICEL_I5_O)
                                                      0.051     2.044 r  bd_0_i/hls_inst/inst/dadddsub_64ns_64ns_64_4_full_dsp_1_U1/md_kernel_dadddsub_64ns_64ns_64_4_full_dsp_1_ip_u/inst/i_synth/ADDSUB_OP.ADDSUB/LOGIC_SPEED.OP/ALIGN_BLK/FRAC_ADDSUB/DSP_ADD.FRAC_ADDSUB/i_no_versal_es1_workaround.LOGIC_ADD.ADD_0/CHAIN_GEN[1].C_MUX.CARRY_MUX_i_1__4/O
                         net (fo=1, routed)           0.009     2.053    bd_0_i/hls_inst/inst/dadddsub_64ns_64ns_64_4_full_dsp_1_U1/md_kernel_dadddsub_64ns_64ns_64_4_full_dsp_1_ip_u/inst/i_synth/ADDSUB_OP.ADDSUB/LOGIC_SPEED.OP/NORM/LZE/ZERO_DET_CC_1/chunk_is_zero[1]
    SLICE_X43Y133        CARRY8 (Prop_CARRY8_SLICEL_S[1]_CO[3])
                                                      0.180     2.233 r  bd_0_i/hls_inst/inst/dadddsub_64ns_64ns_64_4_full_dsp_1_U1/md_kernel_dadddsub_64ns_64ns_64_4_full_dsp_1_ip_u/inst/i_synth/ADDSUB_OP.ADDSUB/LOGIC_SPEED.OP/NORM/LZE/ZERO_DET_CC_1/CHAIN_GEN[0].C_MUX.CARRY_MUX_CARRY4_CARRY8/CO[3]
                         net (fo=49, routed)          0.291     2.524    bd_0_i/hls_inst/inst/dadddsub_64ns_64ns_64_4_full_dsp_1_U1/md_kernel_dadddsub_64ns_64ns_64_4_full_dsp_1_ip_u/inst/i_synth/ADDSUB_OP.ADDSUB/LOGIC_SPEED.OP/NORM/LZE/ZERO_DET_CC_1/CARRYS_OUT[0]
    SLICE_X44Y133        LUT2 (Prop_C5LUT_SLICEM_I0_O)
                                                      0.099     2.623 r  bd_0_i/hls_inst/inst/dadddsub_64ns_64ns_64_4_full_dsp_1_U1/md_kernel_dadddsub_64ns_64ns_64_4_full_dsp_1_ip_u/inst/i_synth/ADDSUB_OP.ADDSUB/LOGIC_SPEED.OP/NORM/LZE/ZERO_DET_CC_1/opt_has_pipe.first_q[7]_i_4/O
                         net (fo=4, routed)           0.271     2.894    bd_0_i/hls_inst/inst/dadddsub_64ns_64ns_64_4_full_dsp_1_U1/md_kernel_dadddsub_64ns_64ns_64_4_full_dsp_1_ip_u/inst/i_synth/ADDSUB_OP.ADDSUB/LOGIC_SPEED.OP/ALIGN_BLK/FRAC_ADDSUB/DSP_ADD.FRAC_ADDSUB/i_no_versal_es1_workaround.DSP48E1_ADD.DSP48E1_ADD/opt_has_pipe.first_q_reg[7]_0
    SLICE_X42Y133        LUT6 (Prop_A6LUT_SLICEM_I3_O)
                                                      0.053     2.947 r  bd_0_i/hls_inst/inst/dadddsub_64ns_64ns_64_4_full_dsp_1_U1/md_kernel_dadddsub_64ns_64ns_64_4_full_dsp_1_ip_u/inst/i_synth/ADDSUB_OP.ADDSUB/LOGIC_SPEED.OP/ALIGN_BLK/FRAC_ADDSUB/DSP_ADD.FRAC_ADDSUB/i_no_versal_es1_workaround.DSP48E1_ADD.DSP48E1_ADD/opt_has_pipe.first_q[6]_i_2/O
                         net (fo=1, routed)           0.044     2.991    bd_0_i/hls_inst/inst/dadddsub_64ns_64ns_64_4_full_dsp_1_U1/md_kernel_dadddsub_64ns_64ns_64_4_full_dsp_1_ip_u/inst/i_synth/ADDSUB_OP.ADDSUB/LOGIC_SPEED.OP/ALIGN_BLK/FRAC_ADDSUB/DSP_ADD.FRAC_ADDSUB/i_no_versal_es1_workaround.DSP48E1_ADD.DSP48E1_ADD/opt_has_pipe.first_q[6]_i_2_n_0
    SLICE_X42Y133        LUT6 (Prop_B6LUT_SLICEM_I0_O)
                                                      0.089     3.080 r  bd_0_i/hls_inst/inst/dadddsub_64ns_64ns_64_4_full_dsp_1_U1/md_kernel_dadddsub_64ns_64ns_64_4_full_dsp_1_ip_u/inst/i_synth/ADDSUB_OP.ADDSUB/LOGIC_SPEED.OP/ALIGN_BLK/FRAC_ADDSUB/DSP_ADD.FRAC_ADDSUB/i_no_versal_es1_workaround.DSP48E1_ADD.DSP48E1_ADD/opt_has_pipe.first_q[6]_i_1/O
                         net (fo=1, routed)           0.059     3.139    bd_0_i/hls_inst/inst/dadddsub_64ns_64ns_64_4_full_dsp_1_U1/md_kernel_dadddsub_64ns_64ns_64_4_full_dsp_1_ip_u/inst/i_synth/ADDSUB_OP.ADDSUB/LOGIC_SPEED.OP/NORM/LZE/ENCODE[0].MUX_0/OP_DEL/i_pipe/opt_has_pipe.first_q_reg[6]_1
    SLICE_X42Y133        FDRE                                         r  bd_0_i/hls_inst/inst/dadddsub_64ns_64ns_64_4_full_dsp_1_U1/md_kernel_dadddsub_64ns_64ns_64_4_full_dsp_1_ip_u/inst/i_synth/ADDSUB_OP.ADDSUB/LOGIC_SPEED.OP/NORM/LZE/ENCODE[0].MUX_0/OP_DEL/i_pipe/opt_has_pipe.first_q_reg[6]/D
  -------------------------------------------------------------------    -------------------

                         (clock ap_clk rise edge)     0.000     0.000 r  
                                                      0.000     0.000 r  ap_clk (IN)
                         net (fo=4330, unset)         0.021     0.021    bd_0_i/hls_inst/inst/dadddsub_64ns_64ns_64_4_full_dsp_1_U1/md_kernel_dadddsub_64ns_64ns_64_4_full_dsp_1_ip_u/inst/i_synth/ADDSUB_OP.ADDSUB/LOGIC_SPEED.OP/NORM/LZE/ENCODE[0].MUX_0/OP_DEL/i_pipe/aclk
    SLICE_X42Y133        FDRE                                         r  bd_0_i/hls_inst/inst/dadddsub_64ns_64ns_64_4_full_dsp_1_U1/md_kernel_dadddsub_64ns_64ns_64_4_full_dsp_1_ip_u/inst/i_synth/ADDSUB_OP.ADDSUB/LOGIC_SPEED.OP/NORM/LZE/ENCODE[0].MUX_0/OP_DEL/i_pipe/opt_has_pipe.first_q_reg[6]/C

Slack:                    inf
  Source:                 bd_0_i/hls_inst/inst/dadddsub_64ns_64ns_64_4_full_dsp_1_U1/md_kernel_dadddsub_64ns_64ns_64_4_full_dsp_1_ip_u/inst/i_synth/ADDSUB_OP.ADDSUB/LOGIC_SPEED.OP/ALIGN_BLK/FRAC_ADDSUB/DSP_ADD.FRAC_ADDSUB/i_no_versal_es1_workaround.DSP48E1_GEN.DSP48E1_DEL/i_no_versal_es1_workaround.DSP/DSP_A_B_DATA_INST/B_ALU[1]
                            (internal pin)
  Destination:            bd_0_i/hls_inst/inst/dadddsub_64ns_64ns_64_4_full_dsp_1_U1/md_kernel_dadddsub_64ns_64ns_64_4_full_dsp_1_ip_u/inst/i_synth/ADDSUB_OP.ADDSUB/LOGIC_SPEED.OP/NORM/LZE/ENCODE[0].MUX_0/OP_DEL/i_pipe/opt_has_pipe.first_q_reg[5]/D
                            (rising edge-triggered cell FDRE clocked by ap_clk  {rise@0.000ns fall@4.000ns period=8.000ns})
  Path Group:             (none)
  Path Type:              Setup (Max at Slow Process Corner)
  Data Path Delay:        3.138ns  (logic 1.924ns (61.311%)  route 1.214ns (38.689%))
  Logic Levels:           10  (CARRY8=1 DSP_ALU=2 DSP_OUTPUT=2 LUT2=1 LUT5=1 LUT6=3)
  Clock Uncertainty:      0.025ns  ((TSJ^2 + TIJ^2)^1/2 + DJ) / 2 + PE
    Total System Jitter     (TSJ):    0.050ns
    Total Input Jitter      (TIJ):    0.000ns
    Discrete Jitter          (DJ):    0.000ns
    Phase Error              (PE):    0.000ns

    Location             Delay type                Incr(ns)  Path(ns)    Netlist Resource(s)
  -------------------------------------------------------------------    -------------------
    DSP48E2_X5Y45        DSP_A_B_DATA                 0.000     0.000 r  bd_0_i/hls_inst/inst/dadddsub_64ns_64ns_64_4_full_dsp_1_U1/md_kernel_dadddsub_64ns_64ns_64_4_full_dsp_1_ip_u/inst/i_synth/ADDSUB_OP.ADDSUB/LOGIC_SPEED.OP/ALIGN_BLK/FRAC_ADDSUB/DSP_ADD.FRAC_ADDSUB/i_no_versal_es1_workaround.DSP48E1_GEN.DSP48E1_DEL/i_no_versal_es1_workaround.DSP/DSP_A_B_DATA_INST/B_ALU[1]
                         net (fo=1, routed)           0.000     0.000    bd_0_i/hls_inst/inst/dadddsub_64ns_64ns_64_4_full_dsp_1_U1/md_kernel_dadddsub_64ns_64ns_64_4_full_dsp_1_ip_u/inst/i_synth/ADDSUB_OP.ADDSUB/LOGIC_SPEED.OP/ALIGN_BLK/FRAC_ADDSUB/DSP_ADD.FRAC_ADDSUB/i_no_versal_es1_workaround.DSP48E1_GEN.DSP48E1_DEL/i_no_versal_es1_workaround.DSP/DSP_A_B_DATA.B_ALU<1>
    DSP48E2_X5Y45        DSP_ALU (Prop_DSP_ALU_DSP48E2_B_ALU[1]_ALU_OUT[47])
                                                      0.541     0.541 f  bd_0_i/hls_inst/inst/dadddsub_64ns_64ns_64_4_full_dsp_1_U1/md_kernel_dadddsub_64ns_64ns_64_4_full_dsp_1_ip_u/inst/i_synth/ADDSUB_OP.ADDSUB/LOGIC_SPEED.OP/ALIGN_BLK/FRAC_ADDSUB/DSP_ADD.FRAC_ADDSUB/i_no_versal_es1_workaround.DSP48E1_GEN.DSP48E1_DEL/i_no_versal_es1_workaround.DSP/DSP_ALU_INST/ALU_OUT[47]
                         net (fo=1, routed)           0.000     0.541    bd_0_i/hls_inst/inst/dadddsub_64ns_64ns_64_4_full_dsp_1_U1/md_kernel_dadddsub_64ns_64ns_64_4_full_dsp_1_ip_u/inst/i_synth/ADDSUB_OP.ADDSUB/LOGIC_SPEED.OP/ALIGN_BLK/FRAC_ADDSUB/DSP_ADD.FRAC_ADDSUB/i_no_versal_es1_workaround.DSP48E1_GEN.DSP48E1_DEL/i_no_versal_es1_workaround.DSP/DSP_ALU.ALU_OUT<47>
    DSP48E2_X5Y45        DSP_OUTPUT (Prop_DSP_OUTPUT_DSP48E2_ALU_OUT[47]_PCOUT[47])
                                                      0.122     0.663 r  bd_0_i/hls_inst/inst/dadddsub_64ns_64ns_64_4_full_dsp_1_U1/md_kernel_dadddsub_64ns_64ns_64_4_full_dsp_1_ip_u/inst/i_synth/ADDSUB_OP.ADDSUB/LOGIC_SPEED.OP/ALIGN_BLK/FRAC_ADDSUB/DSP_ADD.FRAC_ADDSUB/i_no_versal_es1_workaround.DSP48E1_GEN.DSP48E1_DEL/i_no_versal_es1_workaround.DSP/DSP_OUTPUT_INST/PCOUT[47]
                         net (fo=1, routed)           0.038     0.701    bd_0_i/hls_inst/inst/dadddsub_64ns_64ns_64_4_full_dsp_1_U1/md_kernel_dadddsub_64ns_64ns_64_4_full_dsp_1_ip_u/inst/i_synth/ADDSUB_OP.ADDSUB/LOGIC_SPEED.OP/ALIGN_BLK/FRAC_ADDSUB/DSP_ADD.FRAC_ADDSUB/i_no_versal_es1_workaround.DSP48E1_ADD.DSP48E1_ADD/i_no_versal_es1_workaround.DSP/PCIN[47]
    DSP48E2_X5Y46        DSP_ALU (Prop_DSP_ALU_DSP48E2_PCIN[47]_ALU_OUT[47])
                                                      0.546     1.247 f  bd_0_i/hls_inst/inst/dadddsub_64ns_64ns_64_4_full_dsp_1_U1/md_kernel_dadddsub_64ns_64ns_64_4_full_dsp_1_ip_u/inst/i_synth/ADDSUB_OP.ADDSUB/LOGIC_SPEED.OP/ALIGN_BLK/FRAC_ADDSUB/DSP_ADD.FRAC_ADDSUB/i_no_versal_es1_workaround.DSP48E1_ADD.DSP48E1_ADD/i_no_versal_es1_workaround.DSP/DSP_ALU_INST/ALU_OUT[47]
                         net (fo=1, routed)           0.000     1.247    bd_0_i/hls_inst/inst/dadddsub_64ns_64ns_64_4_full_dsp_1_U1/md_kernel_dadddsub_64ns_64ns_64_4_full_dsp_1_ip_u/inst/i_synth/ADDSUB_OP.ADDSUB/LOGIC_SPEED.OP/ALIGN_BLK/FRAC_ADDSUB/DSP_ADD.FRAC_ADDSUB/i_no_versal_es1_workaround.DSP48E1_ADD.DSP48E1_ADD/i_no_versal_es1_workaround.DSP/DSP_ALU.ALU_OUT<47>
    DSP48E2_X5Y46        DSP_OUTPUT (Prop_DSP_OUTPUT_DSP48E2_ALU_OUT[47]_P[47])
                                                      0.109     1.356 r  bd_0_i/hls_inst/inst/dadddsub_64ns_64ns_64_4_full_dsp_1_U1/md_kernel_dadddsub_64ns_64ns_64_4_full_dsp_1_ip_u/inst/i_synth/ADDSUB_OP.ADDSUB/LOGIC_SPEED.OP/ALIGN_BLK/FRAC_ADDSUB/DSP_ADD.FRAC_ADDSUB/i_no_versal_es1_workaround.DSP48E1_ADD.DSP48E1_ADD/i_no_versal_es1_workaround.DSP/DSP_OUTPUT_INST/P[47]
                         net (fo=16, routed)          0.347     1.703    bd_0_i/hls_inst/inst/dadddsub_64ns_64ns_64_4_full_dsp_1_U1/md_kernel_dadddsub_64ns_64ns_64_4_full_dsp_1_ip_u/inst/i_synth/ADDSUB_OP.ADDSUB/LOGIC_SPEED.OP/ALIGN_BLK/FRAC_ADDSUB/DSP_ADD.FRAC_ADDSUB/i_no_versal_es1_workaround.LOGIC_ADD.ADD_0/P[0]
    SLICE_X44Y130        LUT5 (Prop_A6LUT_SLICEM_I3_O)
                                                      0.100     1.803 f  bd_0_i/hls_inst/inst/dadddsub_64ns_64ns_64_4_full_dsp_1_U1/md_kernel_dadddsub_64ns_64ns_64_4_full_dsp_1_ip_u/inst/i_synth/ADDSUB_OP.ADDSUB/LOGIC_SPEED.OP/ALIGN_BLK/FRAC_ADDSUB/DSP_ADD.FRAC_ADDSUB/i_no_versal_es1_workaround.LOGIC_ADD.ADD_0/CHAIN_GEN[1].C_MUX.CARRY_MUX_i_2__1/O
                         net (fo=2, routed)           0.190     1.993    bd_0_i/hls_inst/inst/dadddsub_64ns_64ns_64_4_full_dsp_1_U1/md_kernel_dadddsub_64ns_64ns_64_4_full_dsp_1_ip_u/inst/i_synth/ADDSUB_OP.ADDSUB/LOGIC_SPEED.OP/ALIGN_BLK/FRAC_ADDSUB/DSP_ADD.FRAC_ADDSUB/i_no_versal_es1_workaround.LOGIC_ADD.ADD_0/CHAIN_GEN[2].Q_XOR.SUM_XOR_0
    SLICE_X43Y133        LUT6 (Prop_B6LUT_SLICEL_I5_O)
                                                      0.051     2.044 r  bd_0_i/hls_inst/inst/dadddsub_64ns_64ns_64_4_full_dsp_1_U1/md_kernel_dadddsub_64ns_64ns_64_4_full_dsp_1_ip_u/inst/i_synth/ADDSUB_OP.ADDSUB/LOGIC_SPEED.OP/ALIGN_BLK/FRAC_ADDSUB/DSP_ADD.FRAC_ADDSUB/i_no_versal_es1_workaround.LOGIC_ADD.ADD_0/CHAIN_GEN[1].C_MUX.CARRY_MUX_i_1__4/O
                         net (fo=1, routed)           0.009     2.053    bd_0_i/hls_inst/inst/dadddsub_64ns_64ns_64_4_full_dsp_1_U1/md_kernel_dadddsub_64ns_64ns_64_4_full_dsp_1_ip_u/inst/i_synth/ADDSUB_OP.ADDSUB/LOGIC_SPEED.OP/NORM/LZE/ZERO_DET_CC_1/chunk_is_zero[1]
    SLICE_X43Y133        CARRY8 (Prop_CARRY8_SLICEL_S[1]_CO[3])
                                                      0.180     2.233 r  bd_0_i/hls_inst/inst/dadddsub_64ns_64ns_64_4_full_dsp_1_U1/md_kernel_dadddsub_64ns_64ns_64_4_full_dsp_1_ip_u/inst/i_synth/ADDSUB_OP.ADDSUB/LOGIC_SPEED.OP/NORM/LZE/ZERO_DET_CC_1/CHAIN_GEN[0].C_MUX.CARRY_MUX_CARRY4_CARRY8/CO[3]
                         net (fo=49, routed)          0.291     2.524    bd_0_i/hls_inst/inst/dadddsub_64ns_64ns_64_4_full_dsp_1_U1/md_kernel_dadddsub_64ns_64ns_64_4_full_dsp_1_ip_u/inst/i_synth/ADDSUB_OP.ADDSUB/LOGIC_SPEED.OP/NORM/LZE/ZERO_DET_CC_1/CARRYS_OUT[0]
    SLICE_X44Y133        LUT2 (Prop_C5LUT_SLICEM_I0_O)
                                                      0.099     2.623 r  bd_0_i/hls_inst/inst/dadddsub_64ns_64ns_64_4_full_dsp_1_U1/md_kernel_dadddsub_64ns_64ns_64_4_full_dsp_1_ip_u/inst/i_synth/ADDSUB_OP.ADDSUB/LOGIC_SPEED.OP/NORM/LZE/ZERO_DET_CC_1/opt_has_pipe.first_q[7]_i_4/O
                         net (fo=4, routed)           0.225     2.848    bd_0_i/hls_inst/inst/dadddsub_64ns_64ns_64_4_full_dsp_1_U1/md_kernel_dadddsub_64ns_64ns_64_4_full_dsp_1_ip_u/inst/i_synth/ADDSUB_OP.ADDSUB/LOGIC_SPEED.OP/ALIGN_BLK/FRAC_ADDSUB/DSP_ADD.FRAC_ADDSUB/i_no_versal_es1_workaround.DSP48E1_ADD.DSP48E1_ADD/opt_has_pipe.first_q_reg[7]_0
    SLICE_X42Y133        LUT6 (Prop_H6LUT_SLICEM_I4_O)
                                                      0.053     2.901 r  bd_0_i/hls_inst/inst/dadddsub_64ns_64ns_64_4_full_dsp_1_U1/md_kernel_dadddsub_64ns_64ns_64_4_full_dsp_1_ip_u/inst/i_synth/ADDSUB_OP.ADDSUB/LOGIC_SPEED.OP/ALIGN_BLK/FRAC_ADDSUB/DSP_ADD.FRAC_ADDSUB/i_no_versal_es1_workaround.DSP48E1_ADD.DSP48E1_ADD/opt_has_pipe.first_q[5]_i_2/O
                         net (fo=1, routed)           0.048     2.949    bd_0_i/hls_inst/inst/dadddsub_64ns_64ns_64_4_full_dsp_1_U1/md_kernel_dadddsub_64ns_64ns_64_4_full_dsp_1_ip_u/inst/i_synth/ADDSUB_OP.ADDSUB/LOGIC_SPEED.OP/ALIGN_BLK/FRAC_ADDSUB/DSP_ADD.FRAC_ADDSUB/i_no_versal_es1_workaround.DSP48E1_ADD.DSP48E1_ADD/opt_has_pipe.first_q[5]_i_2_n_0
    SLICE_X42Y133        LUT6 (Prop_C6LUT_SLICEM_I0_O)
                                                      0.123     3.072 r  bd_0_i/hls_inst/inst/dadddsub_64ns_64ns_64_4_full_dsp_1_U1/md_kernel_dadddsub_64ns_64ns_64_4_full_dsp_1_ip_u/inst/i_synth/ADDSUB_OP.ADDSUB/LOGIC_SPEED.OP/ALIGN_BLK/FRAC_ADDSUB/DSP_ADD.FRAC_ADDSUB/i_no_versal_es1_workaround.DSP48E1_ADD.DSP48E1_ADD/opt_has_pipe.first_q[5]_i_1/O
                         net (fo=1, routed)           0.066     3.138    bd_0_i/hls_inst/inst/dadddsub_64ns_64ns_64_4_full_dsp_1_U1/md_kernel_dadddsub_64ns_64ns_64_4_full_dsp_1_ip_u/inst/i_synth/ADDSUB_OP.ADDSUB/LOGIC_SPEED.OP/NORM/LZE/ENCODE[0].MUX_0/OP_DEL/i_pipe/opt_has_pipe.first_q_reg[5]_0
    SLICE_X42Y133        FDRE                                         r  bd_0_i/hls_inst/inst/dadddsub_64ns_64ns_64_4_full_dsp_1_U1/md_kernel_dadddsub_64ns_64ns_64_4_full_dsp_1_ip_u/inst/i_synth/ADDSUB_OP.ADDSUB/LOGIC_SPEED.OP/NORM/LZE/ENCODE[0].MUX_0/OP_DEL/i_pipe/opt_has_pipe.first_q_reg[5]/D
  -------------------------------------------------------------------    -------------------

                         (clock ap_clk rise edge)     0.000     0.000 r  
                                                      0.000     0.000 r  ap_clk (IN)
                         net (fo=4330, unset)         0.021     0.021    bd_0_i/hls_inst/inst/dadddsub_64ns_64ns_64_4_full_dsp_1_U1/md_kernel_dadddsub_64ns_64ns_64_4_full_dsp_1_ip_u/inst/i_synth/ADDSUB_OP.ADDSUB/LOGIC_SPEED.OP/NORM/LZE/ENCODE[0].MUX_0/OP_DEL/i_pipe/aclk
    SLICE_X42Y133        FDRE                                         r  bd_0_i/hls_inst/inst/dadddsub_64ns_64ns_64_4_full_dsp_1_U1/md_kernel_dadddsub_64ns_64ns_64_4_full_dsp_1_ip_u/inst/i_synth/ADDSUB_OP.ADDSUB/LOGIC_SPEED.OP/NORM/LZE/ENCODE[0].MUX_0/OP_DEL/i_pipe/opt_has_pipe.first_q_reg[5]/C

Slack:                    inf
  Source:                 bd_0_i/hls_inst/inst/dadddsub_64ns_64ns_64_4_full_dsp_1_U2/md_kernel_dadddsub_64ns_64ns_64_4_full_dsp_1_ip_u/inst/i_synth/ADDSUB_OP.ADDSUB/LOGIC_SPEED.OP/ALIGN_BLK/FRAC_ADDSUB/DSP_ADD.FRAC_ADDSUB/i_no_versal_es1_workaround.DSP48E1_GEN.DSP48E1_DEL/i_no_versal_es1_workaround.DSP/DSP_A_B_DATA_INST/B_ALU[1]
                            (internal pin)
  Destination:            bd_0_i/hls_inst/inst/dadddsub_64ns_64ns_64_4_full_dsp_1_U2/md_kernel_dadddsub_64ns_64ns_64_4_full_dsp_1_ip_u/inst/i_synth/ADDSUB_OP.ADDSUB/LOGIC_SPEED.OP/NORM/LZE/ENCODE[0].MUX_0/OP_DEL/i_pipe/opt_has_pipe.first_q_reg[6]/D
                            (rising edge-triggered cell FDRE clocked by ap_clk  {rise@0.000ns fall@4.000ns period=8.000ns})
  Path Group:             (none)
  Path Type:              Setup (Max at Slow Process Corner)
  Data Path Delay:        3.127ns  (logic 1.991ns (63.669%)  route 1.136ns (36.331%))
  Logic Levels:           10  (CARRY8=1 DSP_ALU=2 DSP_OUTPUT=2 LUT2=1 LUT5=1 LUT6=3)
  Clock Uncertainty:      0.025ns  ((TSJ^2 + TIJ^2)^1/2 + DJ) / 2 + PE
    Total System Jitter     (TSJ):    0.050ns
    Total Input Jitter      (TIJ):    0.000ns
    Discrete Jitter          (DJ):    0.000ns
    Phase Error              (PE):    0.000ns

    Location             Delay type                Incr(ns)  Path(ns)    Netlist Resource(s)
  -------------------------------------------------------------------    -------------------
    DSP48E2_X5Y38        DSP_A_B_DATA                 0.000     0.000 r  bd_0_i/hls_inst/inst/dadddsub_64ns_64ns_64_4_full_dsp_1_U2/md_kernel_dadddsub_64ns_64ns_64_4_full_dsp_1_ip_u/inst/i_synth/ADDSUB_OP.ADDSUB/LOGIC_SPEED.OP/ALIGN_BLK/FRAC_ADDSUB/DSP_ADD.FRAC_ADDSUB/i_no_versal_es1_workaround.DSP48E1_GEN.DSP48E1_DEL/i_no_versal_es1_workaround.DSP/DSP_A_B_DATA_INST/B_ALU[1]
                         net (fo=1, routed)           0.000     0.000    bd_0_i/hls_inst/inst/dadddsub_64ns_64ns_64_4_full_dsp_1_U2/md_kernel_dadddsub_64ns_64ns_64_4_full_dsp_1_ip_u/inst/i_synth/ADDSUB_OP.ADDSUB/LOGIC_SPEED.OP/ALIGN_BLK/FRAC_ADDSUB/DSP_ADD.FRAC_ADDSUB/i_no_versal_es1_workaround.DSP48E1_GEN.DSP48E1_DEL/i_no_versal_es1_workaround.DSP/DSP_A_B_DATA.B_ALU<1>
    DSP48E2_X5Y38        DSP_ALU (Prop_DSP_ALU_DSP48E2_B_ALU[1]_ALU_OUT[47])
                                                      0.541     0.541 f  bd_0_i/hls_inst/inst/dadddsub_64ns_64ns_64_4_full_dsp_1_U2/md_kernel_dadddsub_64ns_64ns_64_4_full_dsp_1_ip_u/inst/i_synth/ADDSUB_OP.ADDSUB/LOGIC_SPEED.OP/ALIGN_BLK/FRAC_ADDSUB/DSP_ADD.FRAC_ADDSUB/i_no_versal_es1_workaround.DSP48E1_GEN.DSP48E1_DEL/i_no_versal_es1_workaround.DSP/DSP_ALU_INST/ALU_OUT[47]
                         net (fo=1, routed)           0.000     0.541    bd_0_i/hls_inst/inst/dadddsub_64ns_64ns_64_4_full_dsp_1_U2/md_kernel_dadddsub_64ns_64ns_64_4_full_dsp_1_ip_u/inst/i_synth/ADDSUB_OP.ADDSUB/LOGIC_SPEED.OP/ALIGN_BLK/FRAC_ADDSUB/DSP_ADD.FRAC_ADDSUB/i_no_versal_es1_workaround.DSP48E1_GEN.DSP48E1_DEL/i_no_versal_es1_workaround.DSP/DSP_ALU.ALU_OUT<47>
    DSP48E2_X5Y38        DSP_OUTPUT (Prop_DSP_OUTPUT_DSP48E2_ALU_OUT[47]_PCOUT[47])
                                                      0.122     0.663 r  bd_0_i/hls_inst/inst/dadddsub_64ns_64ns_64_4_full_dsp_1_U2/md_kernel_dadddsub_64ns_64ns_64_4_full_dsp_1_ip_u/inst/i_synth/ADDSUB_OP.ADDSUB/LOGIC_SPEED.OP/ALIGN_BLK/FRAC_ADDSUB/DSP_ADD.FRAC_ADDSUB/i_no_versal_es1_workaround.DSP48E1_GEN.DSP48E1_DEL/i_no_versal_es1_workaround.DSP/DSP_OUTPUT_INST/PCOUT[47]
                         net (fo=1, routed)           0.014     0.677    bd_0_i/hls_inst/inst/dadddsub_64ns_64ns_64_4_full_dsp_1_U2/md_kernel_dadddsub_64ns_64ns_64_4_full_dsp_1_ip_u/inst/i_synth/ADDSUB_OP.ADDSUB/LOGIC_SPEED.OP/ALIGN_BLK/FRAC_ADDSUB/DSP_ADD.FRAC_ADDSUB/i_no_versal_es1_workaround.DSP48E1_ADD.DSP48E1_ADD/i_no_versal_es1_workaround.DSP/PCIN[47]
    DSP48E2_X5Y39        DSP_ALU (Prop_DSP_ALU_DSP48E2_PCIN[47]_ALU_OUT[47])
                                                      0.546     1.223 f  bd_0_i/hls_inst/inst/dadddsub_64ns_64ns_64_4_full_dsp_1_U2/md_kernel_dadddsub_64ns_64ns_64_4_full_dsp_1_ip_u/inst/i_synth/ADDSUB_OP.ADDSUB/LOGIC_SPEED.OP/ALIGN_BLK/FRAC_ADDSUB/DSP_ADD.FRAC_ADDSUB/i_no_versal_es1_workaround.DSP48E1_ADD.DSP48E1_ADD/i_no_versal_es1_workaround.DSP/DSP_ALU_INST/ALU_OUT[47]
                         net (fo=1, routed)           0.000     1.223    bd_0_i/hls_inst/inst/dadddsub_64ns_64ns_64_4_full_dsp_1_U2/md_kernel_dadddsub_64ns_64ns_64_4_full_dsp_1_ip_u/inst/i_synth/ADDSUB_OP.ADDSUB/LOGIC_SPEED.OP/ALIGN_BLK/FRAC_ADDSUB/DSP_ADD.FRAC_ADDSUB/i_no_versal_es1_workaround.DSP48E1_ADD.DSP48E1_ADD/i_no_versal_es1_workaround.DSP/DSP_ALU.ALU_OUT<47>
    DSP48E2_X5Y39        DSP_OUTPUT (Prop_DSP_OUTPUT_DSP48E2_ALU_OUT[47]_P[47])
                                                      0.109     1.332 r  bd_0_i/hls_inst/inst/dadddsub_64ns_64ns_64_4_full_dsp_1_U2/md_kernel_dadddsub_64ns_64ns_64_4_full_dsp_1_ip_u/inst/i_synth/ADDSUB_OP.ADDSUB/LOGIC_SPEED.OP/ALIGN_BLK/FRAC_ADDSUB/DSP_ADD.FRAC_ADDSUB/i_no_versal_es1_workaround.DSP48E1_ADD.DSP48E1_ADD/i_no_versal_es1_workaround.DSP/DSP_OUTPUT_INST/P[47]
                         net (fo=16, routed)          0.353     1.685    bd_0_i/hls_inst/inst/dadddsub_64ns_64ns_64_4_full_dsp_1_U2/md_kernel_dadddsub_64ns_64ns_64_4_full_dsp_1_ip_u/inst/i_synth/ADDSUB_OP.ADDSUB/LOGIC_SPEED.OP/ALIGN_BLK/FRAC_ADDSUB/DSP_ADD.FRAC_ADDSUB/i_no_versal_es1_workaround.LOGIC_ADD.ADD_0/P[0]
    SLICE_X40Y115        LUT5 (Prop_G6LUT_SLICEL_I3_O)
                                                      0.035     1.720 f  bd_0_i/hls_inst/inst/dadddsub_64ns_64ns_64_4_full_dsp_1_U2/md_kernel_dadddsub_64ns_64ns_64_4_full_dsp_1_ip_u/inst/i_synth/ADDSUB_OP.ADDSUB/LOGIC_SPEED.OP/ALIGN_BLK/FRAC_ADDSUB/DSP_ADD.FRAC_ADDSUB/i_no_versal_es1_workaround.LOGIC_ADD.ADD_0/CHAIN_GEN[0].C_MUX.CARRY_MUX_i_2__1/O
                         net (fo=2, routed)           0.199     1.918    bd_0_i/hls_inst/inst/dadddsub_64ns_64ns_64_4_full_dsp_1_U2/md_kernel_dadddsub_64ns_64ns_64_4_full_dsp_1_ip_u/inst/i_synth/ADDSUB_OP.ADDSUB/LOGIC_SPEED.OP/ALIGN_BLK/FRAC_ADDSUB/DSP_ADD.FRAC_ADDSUB/i_no_versal_es1_workaround.LOGIC_ADD.ADD_0/CHAIN_GEN[6].Q_XOR.SUM_XOR_0
    SLICE_X41Y114        LUT6 (Prop_A6LUT_SLICEM_I5_O)
                                                      0.053     1.971 r  bd_0_i/hls_inst/inst/dadddsub_64ns_64ns_64_4_full_dsp_1_U2/md_kernel_dadddsub_64ns_64ns_64_4_full_dsp_1_ip_u/inst/i_synth/ADDSUB_OP.ADDSUB/LOGIC_SPEED.OP/ALIGN_BLK/FRAC_ADDSUB/DSP_ADD.FRAC_ADDSUB/i_no_versal_es1_workaround.LOGIC_ADD.ADD_0/CHAIN_GEN[0].C_MUX.CARRY_MUX_i_1__3/O
                         net (fo=1, routed)           0.013     1.984    bd_0_i/hls_inst/inst/dadddsub_64ns_64ns_64_4_full_dsp_1_U2/md_kernel_dadddsub_64ns_64ns_64_4_full_dsp_1_ip_u/inst/i_synth/ADDSUB_OP.ADDSUB/LOGIC_SPEED.OP/NORM/LZE/ZERO_DET_CC_1/chunk_is_zero[0]
    SLICE_X41Y114        CARRY8 (Prop_CARRY8_SLICEM_S[0]_CO[3])
                                                      0.186     2.170 r  bd_0_i/hls_inst/inst/dadddsub_64ns_64ns_64_4_full_dsp_1_U2/md_kernel_dadddsub_64ns_64ns_64_4_full_dsp_1_ip_u/inst/i_synth/ADDSUB_OP.ADDSUB/LOGIC_SPEED.OP/NORM/LZE/ZERO_DET_CC_1/CHAIN_GEN[0].C_MUX.CARRY_MUX_CARRY4_CARRY8/CO[3]
                         net (fo=49, routed)          0.217     2.388    bd_0_i/hls_inst/inst/dadddsub_64ns_64ns_64_4_full_dsp_1_U2/md_kernel_dadddsub_64ns_64ns_64_4_full_dsp_1_ip_u/inst/i_synth/ADDSUB_OP.ADDSUB/LOGIC_SPEED.OP/NORM/LZE/ZERO_DET_CC_1/CARRYS_OUT[0]
    SLICE_X42Y114        LUT2 (Prop_G5LUT_SLICEM_I0_O)
                                                      0.163     2.551 r  bd_0_i/hls_inst/inst/dadddsub_64ns_64ns_64_4_full_dsp_1_U2/md_kernel_dadddsub_64ns_64ns_64_4_full_dsp_1_ip_u/inst/i_synth/ADDSUB_OP.ADDSUB/LOGIC_SPEED.OP/NORM/LZE/ZERO_DET_CC_1/opt_has_pipe.first_q[7]_i_4/O
                         net (fo=4, routed)           0.184     2.735    bd_0_i/hls_inst/inst/dadddsub_64ns_64ns_64_4_full_dsp_1_U2/md_kernel_dadddsub_64ns_64ns_64_4_full_dsp_1_ip_u/inst/i_synth/ADDSUB_OP.ADDSUB/LOGIC_SPEED.OP/ALIGN_BLK/FRAC_ADDSUB/DSP_ADD.FRAC_ADDSUB/i_no_versal_es1_workaround.DSP48E1_ADD.DSP48E1_ADD/opt_has_pipe.first_q_reg[7]_0
    SLICE_X42Y114        LUT6 (Prop_F6LUT_SLICEM_I3_O)
                                                      0.148     2.883 r  bd_0_i/hls_inst/inst/dadddsub_64ns_64ns_64_4_full_dsp_1_U2/md_kernel_dadddsub_64ns_64ns_64_4_full_dsp_1_ip_u/inst/i_synth/ADDSUB_OP.ADDSUB/LOGIC_SPEED.OP/ALIGN_BLK/FRAC_ADDSUB/DSP_ADD.FRAC_ADDSUB/i_no_versal_es1_workaround.DSP48E1_ADD.DSP48E1_ADD/opt_has_pipe.first_q[6]_i_2/O
                         net (fo=1, routed)           0.090     2.973    bd_0_i/hls_inst/inst/dadddsub_64ns_64ns_64_4_full_dsp_1_U2/md_kernel_dadddsub_64ns_64ns_64_4_full_dsp_1_ip_u/inst/i_synth/ADDSUB_OP.ADDSUB/LOGIC_SPEED.OP/ALIGN_BLK/FRAC_ADDSUB/DSP_ADD.FRAC_ADDSUB/i_no_versal_es1_workaround.DSP48E1_ADD.DSP48E1_ADD/opt_has_pipe.first_q[6]_i_2_n_0
    SLICE_X42Y114        LUT6 (Prop_C6LUT_SLICEM_I0_O)
                                                      0.088     3.061 r  bd_0_i/hls_inst/inst/dadddsub_64ns_64ns_64_4_full_dsp_1_U2/md_kernel_dadddsub_64ns_64ns_64_4_full_dsp_1_ip_u/inst/i_synth/ADDSUB_OP.ADDSUB/LOGIC_SPEED.OP/ALIGN_BLK/FRAC_ADDSUB/DSP_ADD.FRAC_ADDSUB/i_no_versal_es1_workaround.DSP48E1_ADD.DSP48E1_ADD/opt_has_pipe.first_q[6]_i_1/O
                         net (fo=1, routed)           0.066     3.127    bd_0_i/hls_inst/inst/dadddsub_64ns_64ns_64_4_full_dsp_1_U2/md_kernel_dadddsub_64ns_64ns_64_4_full_dsp_1_ip_u/inst/i_synth/ADDSUB_OP.ADDSUB/LOGIC_SPEED.OP/NORM/LZE/ENCODE[0].MUX_0/OP_DEL/i_pipe/opt_has_pipe.first_q_reg[6]_1
    SLICE_X42Y114        FDRE                                         r  bd_0_i/hls_inst/inst/dadddsub_64ns_64ns_64_4_full_dsp_1_U2/md_kernel_dadddsub_64ns_64ns_64_4_full_dsp_1_ip_u/inst/i_synth/ADDSUB_OP.ADDSUB/LOGIC_SPEED.OP/NORM/LZE/ENCODE[0].MUX_0/OP_DEL/i_pipe/opt_has_pipe.first_q_reg[6]/D
  -------------------------------------------------------------------    -------------------

                         (clock ap_clk rise edge)     0.000     0.000 r  
                                                      0.000     0.000 r  ap_clk (IN)
                         net (fo=4330, unset)         0.021     0.021    bd_0_i/hls_inst/inst/dadddsub_64ns_64ns_64_4_full_dsp_1_U2/md_kernel_dadddsub_64ns_64ns_64_4_full_dsp_1_ip_u/inst/i_synth/ADDSUB_OP.ADDSUB/LOGIC_SPEED.OP/NORM/LZE/ENCODE[0].MUX_0/OP_DEL/i_pipe/aclk
    SLICE_X42Y114        FDRE                                         r  bd_0_i/hls_inst/inst/dadddsub_64ns_64ns_64_4_full_dsp_1_U2/md_kernel_dadddsub_64ns_64ns_64_4_full_dsp_1_ip_u/inst/i_synth/ADDSUB_OP.ADDSUB/LOGIC_SPEED.OP/NORM/LZE/ENCODE[0].MUX_0/OP_DEL/i_pipe/opt_has_pipe.first_q_reg[6]/C

Slack:                    inf
  Source:                 bd_0_i/hls_inst/inst/dadddsub_64ns_64ns_64_4_full_dsp_1_U2/md_kernel_dadddsub_64ns_64ns_64_4_full_dsp_1_ip_u/inst/i_synth/ADDSUB_OP.ADDSUB/LOGIC_SPEED.OP/ALIGN_BLK/FRAC_ADDSUB/DSP_ADD.FRAC_ADDSUB/i_no_versal_es1_workaround.DSP48E1_GEN.DSP48E1_DEL/i_no_versal_es1_workaround.DSP/DSP_A_B_DATA_INST/B_ALU[1]
                            (internal pin)
  Destination:            bd_0_i/hls_inst/inst/dadddsub_64ns_64ns_64_4_full_dsp_1_U2/md_kernel_dadddsub_64ns_64ns_64_4_full_dsp_1_ip_u/inst/i_synth/ADDSUB_OP.ADDSUB/LOGIC_SPEED.OP/NORM/LZE/ENCODE[0].MUX_0/OP_DEL/i_pipe/opt_has_pipe.first_q_reg[5]/D
                            (rising edge-triggered cell FDRE clocked by ap_clk  {rise@0.000ns fall@4.000ns period=8.000ns})
  Path Group:             (none)
  Path Type:              Setup (Max at Slow Process Corner)
  Data Path Delay:        3.124ns  (logic 1.966ns (62.926%)  route 1.158ns (37.074%))
  Logic Levels:           10  (CARRY8=1 DSP_ALU=2 DSP_OUTPUT=2 LUT2=1 LUT5=1 LUT6=3)
  Clock Uncertainty:      0.025ns  ((TSJ^2 + TIJ^2)^1/2 + DJ) / 2 + PE
    Total System Jitter     (TSJ):    0.050ns
    Total Input Jitter      (TIJ):    0.000ns
    Discrete Jitter          (DJ):    0.000ns
    Phase Error              (PE):    0.000ns

    Location             Delay type                Incr(ns)  Path(ns)    Netlist Resource(s)
  -------------------------------------------------------------------    -------------------
    DSP48E2_X5Y38        DSP_A_B_DATA                 0.000     0.000 r  bd_0_i/hls_inst/inst/dadddsub_64ns_64ns_64_4_full_dsp_1_U2/md_kernel_dadddsub_64ns_64ns_64_4_full_dsp_1_ip_u/inst/i_synth/ADDSUB_OP.ADDSUB/LOGIC_SPEED.OP/ALIGN_BLK/FRAC_ADDSUB/DSP_ADD.FRAC_ADDSUB/i_no_versal_es1_workaround.DSP48E1_GEN.DSP48E1_DEL/i_no_versal_es1_workaround.DSP/DSP_A_B_DATA_INST/B_ALU[1]
                         net (fo=1, routed)           0.000     0.000    bd_0_i/hls_inst/inst/dadddsub_64ns_64ns_64_4_full_dsp_1_U2/md_kernel_dadddsub_64ns_64ns_64_4_full_dsp_1_ip_u/inst/i_synth/ADDSUB_OP.ADDSUB/LOGIC_SPEED.OP/ALIGN_BLK/FRAC_ADDSUB/DSP_ADD.FRAC_ADDSUB/i_no_versal_es1_workaround.DSP48E1_GEN.DSP48E1_DEL/i_no_versal_es1_workaround.DSP/DSP_A_B_DATA.B_ALU<1>
    DSP48E2_X5Y38        DSP_ALU (Prop_DSP_ALU_DSP48E2_B_ALU[1]_ALU_OUT[47])
                                                      0.541     0.541 f  bd_0_i/hls_inst/inst/dadddsub_64ns_64ns_64_4_full_dsp_1_U2/md_kernel_dadddsub_64ns_64ns_64_4_full_dsp_1_ip_u/inst/i_synth/ADDSUB_OP.ADDSUB/LOGIC_SPEED.OP/ALIGN_BLK/FRAC_ADDSUB/DSP_ADD.FRAC_ADDSUB/i_no_versal_es1_workaround.DSP48E1_GEN.DSP48E1_DEL/i_no_versal_es1_workaround.DSP/DSP_ALU_INST/ALU_OUT[47]
                         net (fo=1, routed)           0.000     0.541    bd_0_i/hls_inst/inst/dadddsub_64ns_64ns_64_4_full_dsp_1_U2/md_kernel_dadddsub_64ns_64ns_64_4_full_dsp_1_ip_u/inst/i_synth/ADDSUB_OP.ADDSUB/LOGIC_SPEED.OP/ALIGN_BLK/FRAC_ADDSUB/DSP_ADD.FRAC_ADDSUB/i_no_versal_es1_workaround.DSP48E1_GEN.DSP48E1_DEL/i_no_versal_es1_workaround.DSP/DSP_ALU.ALU_OUT<47>
    DSP48E2_X5Y38        DSP_OUTPUT (Prop_DSP_OUTPUT_DSP48E2_ALU_OUT[47]_PCOUT[47])
                                                      0.122     0.663 r  bd_0_i/hls_inst/inst/dadddsub_64ns_64ns_64_4_full_dsp_1_U2/md_kernel_dadddsub_64ns_64ns_64_4_full_dsp_1_ip_u/inst/i_synth/ADDSUB_OP.ADDSUB/LOGIC_SPEED.OP/ALIGN_BLK/FRAC_ADDSUB/DSP_ADD.FRAC_ADDSUB/i_no_versal_es1_workaround.DSP48E1_GEN.DSP48E1_DEL/i_no_versal_es1_workaround.DSP/DSP_OUTPUT_INST/PCOUT[47]
                         net (fo=1, routed)           0.014     0.677    bd_0_i/hls_inst/inst/dadddsub_64ns_64ns_64_4_full_dsp_1_U2/md_kernel_dadddsub_64ns_64ns_64_4_full_dsp_1_ip_u/inst/i_synth/ADDSUB_OP.ADDSUB/LOGIC_SPEED.OP/ALIGN_BLK/FRAC_ADDSUB/DSP_ADD.FRAC_ADDSUB/i_no_versal_es1_workaround.DSP48E1_ADD.DSP48E1_ADD/i_no_versal_es1_workaround.DSP/PCIN[47]
    DSP48E2_X5Y39        DSP_ALU (Prop_DSP_ALU_DSP48E2_PCIN[47]_ALU_OUT[47])
                                                      0.546     1.223 f  bd_0_i/hls_inst/inst/dadddsub_64ns_64ns_64_4_full_dsp_1_U2/md_kernel_dadddsub_64ns_64ns_64_4_full_dsp_1_ip_u/inst/i_synth/ADDSUB_OP.ADDSUB/LOGIC_SPEED.OP/ALIGN_BLK/FRAC_ADDSUB/DSP_ADD.FRAC_ADDSUB/i_no_versal_es1_workaround.DSP48E1_ADD.DSP48E1_ADD/i_no_versal_es1_workaround.DSP/DSP_ALU_INST/ALU_OUT[47]
                         net (fo=1, routed)           0.000     1.223    bd_0_i/hls_inst/inst/dadddsub_64ns_64ns_64_4_full_dsp_1_U2/md_kernel_dadddsub_64ns_64ns_64_4_full_dsp_1_ip_u/inst/i_synth/ADDSUB_OP.ADDSUB/LOGIC_SPEED.OP/ALIGN_BLK/FRAC_ADDSUB/DSP_ADD.FRAC_ADDSUB/i_no_versal_es1_workaround.DSP48E1_ADD.DSP48E1_ADD/i_no_versal_es1_workaround.DSP/DSP_ALU.ALU_OUT<47>
    DSP48E2_X5Y39        DSP_OUTPUT (Prop_DSP_OUTPUT_DSP48E2_ALU_OUT[47]_P[47])
                                                      0.109     1.332 r  bd_0_i/hls_inst/inst/dadddsub_64ns_64ns_64_4_full_dsp_1_U2/md_kernel_dadddsub_64ns_64ns_64_4_full_dsp_1_ip_u/inst/i_synth/ADDSUB_OP.ADDSUB/LOGIC_SPEED.OP/ALIGN_BLK/FRAC_ADDSUB/DSP_ADD.FRAC_ADDSUB/i_no_versal_es1_workaround.DSP48E1_ADD.DSP48E1_ADD/i_no_versal_es1_workaround.DSP/DSP_OUTPUT_INST/P[47]
                         net (fo=16, routed)          0.353     1.685    bd_0_i/hls_inst/inst/dadddsub_64ns_64ns_64_4_full_dsp_1_U2/md_kernel_dadddsub_64ns_64ns_64_4_full_dsp_1_ip_u/inst/i_synth/ADDSUB_OP.ADDSUB/LOGIC_SPEED.OP/ALIGN_BLK/FRAC_ADDSUB/DSP_ADD.FRAC_ADDSUB/i_no_versal_es1_workaround.LOGIC_ADD.ADD_0/P[0]
    SLICE_X40Y115        LUT5 (Prop_G6LUT_SLICEL_I3_O)
                                                      0.035     1.720 f  bd_0_i/hls_inst/inst/dadddsub_64ns_64ns_64_4_full_dsp_1_U2/md_kernel_dadddsub_64ns_64ns_64_4_full_dsp_1_ip_u/inst/i_synth/ADDSUB_OP.ADDSUB/LOGIC_SPEED.OP/ALIGN_BLK/FRAC_ADDSUB/DSP_ADD.FRAC_ADDSUB/i_no_versal_es1_workaround.LOGIC_ADD.ADD_0/CHAIN_GEN[0].C_MUX.CARRY_MUX_i_2__1/O
                         net (fo=2, routed)           0.199     1.918    bd_0_i/hls_inst/inst/dadddsub_64ns_64ns_64_4_full_dsp_1_U2/md_kernel_dadddsub_64ns_64ns_64_4_full_dsp_1_ip_u/inst/i_synth/ADDSUB_OP.ADDSUB/LOGIC_SPEED.OP/ALIGN_BLK/FRAC_ADDSUB/DSP_ADD.FRAC_ADDSUB/i_no_versal_es1_workaround.LOGIC_ADD.ADD_0/CHAIN_GEN[6].Q_XOR.SUM_XOR_0
    SLICE_X41Y114        LUT6 (Prop_A6LUT_SLICEM_I5_O)
                                                      0.053     1.971 r  bd_0_i/hls_inst/inst/dadddsub_64ns_64ns_64_4_full_dsp_1_U2/md_kernel_dadddsub_64ns_64ns_64_4_full_dsp_1_ip_u/inst/i_synth/ADDSUB_OP.ADDSUB/LOGIC_SPEED.OP/ALIGN_BLK/FRAC_ADDSUB/DSP_ADD.FRAC_ADDSUB/i_no_versal_es1_workaround.LOGIC_ADD.ADD_0/CHAIN_GEN[0].C_MUX.CARRY_MUX_i_1__3/O
                         net (fo=1, routed)           0.013     1.984    bd_0_i/hls_inst/inst/dadddsub_64ns_64ns_64_4_full_dsp_1_U2/md_kernel_dadddsub_64ns_64ns_64_4_full_dsp_1_ip_u/inst/i_synth/ADDSUB_OP.ADDSUB/LOGIC_SPEED.OP/NORM/LZE/ZERO_DET_CC_1/chunk_is_zero[0]
    SLICE_X41Y114        CARRY8 (Prop_CARRY8_SLICEM_S[0]_CO[3])
                                                      0.186     2.170 r  bd_0_i/hls_inst/inst/dadddsub_64ns_64ns_64_4_full_dsp_1_U2/md_kernel_dadddsub_64ns_64ns_64_4_full_dsp_1_ip_u/inst/i_synth/ADDSUB_OP.ADDSUB/LOGIC_SPEED.OP/NORM/LZE/ZERO_DET_CC_1/CHAIN_GEN[0].C_MUX.CARRY_MUX_CARRY4_CARRY8/CO[3]
                         net (fo=49, routed)          0.217     2.388    bd_0_i/hls_inst/inst/dadddsub_64ns_64ns_64_4_full_dsp_1_U2/md_kernel_dadddsub_64ns_64ns_64_4_full_dsp_1_ip_u/inst/i_synth/ADDSUB_OP.ADDSUB/LOGIC_SPEED.OP/NORM/LZE/ZERO_DET_CC_1/CARRYS_OUT[0]
    SLICE_X42Y114        LUT2 (Prop_G5LUT_SLICEM_I0_O)
                                                      0.163     2.551 r  bd_0_i/hls_inst/inst/dadddsub_64ns_64ns_64_4_full_dsp_1_U2/md_kernel_dadddsub_64ns_64ns_64_4_full_dsp_1_ip_u/inst/i_synth/ADDSUB_OP.ADDSUB/LOGIC_SPEED.OP/NORM/LZE/ZERO_DET_CC_1/opt_has_pipe.first_q[7]_i_4/O
                         net (fo=4, routed)           0.207     2.757    bd_0_i/hls_inst/inst/dadddsub_64ns_64ns_64_4_full_dsp_1_U2/md_kernel_dadddsub_64ns_64ns_64_4_full_dsp_1_ip_u/inst/i_synth/ADDSUB_OP.ADDSUB/LOGIC_SPEED.OP/ALIGN_BLK/FRAC_ADDSUB/DSP_ADD.FRAC_ADDSUB/i_no_versal_es1_workaround.DSP48E1_ADD.DSP48E1_ADD/opt_has_pipe.first_q_reg[7]_0
    SLICE_X41Y116        LUT6 (Prop_F6LUT_SLICEM_I4_O)
                                                      0.123     2.880 r  bd_0_i/hls_inst/inst/dadddsub_64ns_64ns_64_4_full_dsp_1_U2/md_kernel_dadddsub_64ns_64ns_64_4_full_dsp_1_ip_u/inst/i_synth/ADDSUB_OP.ADDSUB/LOGIC_SPEED.OP/ALIGN_BLK/FRAC_ADDSUB/DSP_ADD.FRAC_ADDSUB/i_no_versal_es1_workaround.DSP48E1_ADD.DSP48E1_ADD/opt_has_pipe.first_q[5]_i_2/O
                         net (fo=1, routed)           0.090     2.970    bd_0_i/hls_inst/inst/dadddsub_64ns_64ns_64_4_full_dsp_1_U2/md_kernel_dadddsub_64ns_64ns_64_4_full_dsp_1_ip_u/inst/i_synth/ADDSUB_OP.ADDSUB/LOGIC_SPEED.OP/ALIGN_BLK/FRAC_ADDSUB/DSP_ADD.FRAC_ADDSUB/i_no_versal_es1_workaround.DSP48E1_ADD.DSP48E1_ADD/opt_has_pipe.first_q[5]_i_2_n_0
    SLICE_X41Y116        LUT6 (Prop_C6LUT_SLICEM_I0_O)
                                                      0.088     3.058 r  bd_0_i/hls_inst/inst/dadddsub_64ns_64ns_64_4_full_dsp_1_U2/md_kernel_dadddsub_64ns_64ns_64_4_full_dsp_1_ip_u/inst/i_synth/ADDSUB_OP.ADDSUB/LOGIC_SPEED.OP/ALIGN_BLK/FRAC_ADDSUB/DSP_ADD.FRAC_ADDSUB/i_no_versal_es1_workaround.DSP48E1_ADD.DSP48E1_ADD/opt_has_pipe.first_q[5]_i_1/O
                         net (fo=1, routed)           0.066     3.124    bd_0_i/hls_inst/inst/dadddsub_64ns_64ns_64_4_full_dsp_1_U2/md_kernel_dadddsub_64ns_64ns_64_4_full_dsp_1_ip_u/inst/i_synth/ADDSUB_OP.ADDSUB/LOGIC_SPEED.OP/NORM/LZE/ENCODE[0].MUX_0/OP_DEL/i_pipe/opt_has_pipe.first_q_reg[5]_0
    SLICE_X41Y116        FDRE                                         r  bd_0_i/hls_inst/inst/dadddsub_64ns_64ns_64_4_full_dsp_1_U2/md_kernel_dadddsub_64ns_64ns_64_4_full_dsp_1_ip_u/inst/i_synth/ADDSUB_OP.ADDSUB/LOGIC_SPEED.OP/NORM/LZE/ENCODE[0].MUX_0/OP_DEL/i_pipe/opt_has_pipe.first_q_reg[5]/D
  -------------------------------------------------------------------    -------------------

                         (clock ap_clk rise edge)     0.000     0.000 r  
                                                      0.000     0.000 r  ap_clk (IN)
                         net (fo=4330, unset)         0.021     0.021    bd_0_i/hls_inst/inst/dadddsub_64ns_64ns_64_4_full_dsp_1_U2/md_kernel_dadddsub_64ns_64ns_64_4_full_dsp_1_ip_u/inst/i_synth/ADDSUB_OP.ADDSUB/LOGIC_SPEED.OP/NORM/LZE/ENCODE[0].MUX_0/OP_DEL/i_pipe/aclk
    SLICE_X41Y116        FDRE                                         r  bd_0_i/hls_inst/inst/dadddsub_64ns_64ns_64_4_full_dsp_1_U2/md_kernel_dadddsub_64ns_64ns_64_4_full_dsp_1_ip_u/inst/i_synth/ADDSUB_OP.ADDSUB/LOGIC_SPEED.OP/NORM/LZE/ENCODE[0].MUX_0/OP_DEL/i_pipe/opt_has_pipe.first_q_reg[5]/C





Min Delay Paths
--------------------------------------------------------------------------------------
Slack:                    inf
  Source:                 position_x_q0[0]
                            (input port)
  Destination:            bd_0_i/hls_inst/inst/i_x_reg_454_reg[0]/D
                            (rising edge-triggered cell FDRE clocked by ap_clk  {rise@0.000ns fall@4.000ns period=8.000ns})
  Path Group:             (none)
  Path Type:              Hold (Min at Fast Process Corner)
  Data Path Delay:        0.007ns  (logic 0.000ns (0.000%)  route 0.007ns (100.000%))
  Logic Levels:           0  
  Clock Path Skew:        0.019ns (DCD - SCD - CPR)
    Destination Clock Delay (DCD):    0.019ns
    Source Clock Delay      (SCD):    0.000ns
    Clock Pessimism Removal (CPR):    -0.000ns

    Location             Delay type                Incr(ns)  Path(ns)    Netlist Resource(s)
  -------------------------------------------------------------------    -------------------
                                                      0.000     0.000 r  position_x_q0[0] (IN)
                         net (fo=1, unset)            0.007     0.007    bd_0_i/hls_inst/inst/position_x_q0[0]
    SLICE_X48Y124        FDRE                                         r  bd_0_i/hls_inst/inst/i_x_reg_454_reg[0]/D
  -------------------------------------------------------------------    -------------------

                         (clock ap_clk rise edge)     0.000     0.000 r  
                                                      0.000     0.000 r  ap_clk (IN)
                         net (fo=4330, unset)         0.019     0.019    bd_0_i/hls_inst/inst/ap_clk
    SLICE_X48Y124        FDRE                                         r  bd_0_i/hls_inst/inst/i_x_reg_454_reg[0]/C

Slack:                    inf
  Source:                 position_x_q0[13]
                            (input port)
  Destination:            bd_0_i/hls_inst/inst/i_x_reg_454_reg[13]/D
                            (rising edge-triggered cell FDRE clocked by ap_clk  {rise@0.000ns fall@4.000ns period=8.000ns})
  Path Group:             (none)
  Path Type:              Hold (Min at Fast Process Corner)
  Data Path Delay:        0.007ns  (logic 0.000ns (0.000%)  route 0.007ns (100.000%))
  Logic Levels:           0  
  Clock Path Skew:        0.018ns (DCD - SCD - CPR)
    Destination Clock Delay (DCD):    0.018ns
    Source Clock Delay      (SCD):    0.000ns
    Clock Pessimism Removal (CPR):    -0.000ns

    Location             Delay type                Incr(ns)  Path(ns)    Netlist Resource(s)
  -------------------------------------------------------------------    -------------------
                                                      0.000     0.000 r  position_x_q0[13] (IN)
                         net (fo=1, unset)            0.007     0.007    bd_0_i/hls_inst/inst/position_x_q0[13]
    SLICE_X47Y124        FDRE                                         r  bd_0_i/hls_inst/inst/i_x_reg_454_reg[13]/D
  -------------------------------------------------------------------    -------------------

                         (clock ap_clk rise edge)     0.000     0.000 r  
                                                      0.000     0.000 r  ap_clk (IN)
                         net (fo=4330, unset)         0.018     0.018    bd_0_i/hls_inst/inst/ap_clk
    SLICE_X47Y124        FDRE                                         r  bd_0_i/hls_inst/inst/i_x_reg_454_reg[13]/C

Slack:                    inf
  Source:                 position_x_q0[15]
                            (input port)
  Destination:            bd_0_i/hls_inst/inst/i_x_reg_454_reg[15]/D
                            (rising edge-triggered cell FDRE clocked by ap_clk  {rise@0.000ns fall@4.000ns period=8.000ns})
  Path Group:             (none)
  Path Type:              Hold (Min at Fast Process Corner)
  Data Path Delay:        0.007ns  (logic 0.000ns (0.000%)  route 0.007ns (100.000%))
  Logic Levels:           0  
  Clock Path Skew:        0.018ns (DCD - SCD - CPR)
    Destination Clock Delay (DCD):    0.018ns
    Source Clock Delay      (SCD):    0.000ns
    Clock Pessimism Removal (CPR):    -0.000ns

    Location             Delay type                Incr(ns)  Path(ns)    Netlist Resource(s)
  -------------------------------------------------------------------    -------------------
                                                      0.000     0.000 r  position_x_q0[15] (IN)
                         net (fo=1, unset)            0.007     0.007    bd_0_i/hls_inst/inst/position_x_q0[15]
    SLICE_X47Y125        FDRE                                         r  bd_0_i/hls_inst/inst/i_x_reg_454_reg[15]/D
  -------------------------------------------------------------------    -------------------

                         (clock ap_clk rise edge)     0.000     0.000 r  
                                                      0.000     0.000 r  ap_clk (IN)
                         net (fo=4330, unset)         0.018     0.018    bd_0_i/hls_inst/inst/ap_clk
    SLICE_X47Y125        FDRE                                         r  bd_0_i/hls_inst/inst/i_x_reg_454_reg[15]/C

Slack:                    inf
  Source:                 position_x_q0[19]
                            (input port)
  Destination:            bd_0_i/hls_inst/inst/i_x_reg_454_reg[19]/D
                            (rising edge-triggered cell FDRE clocked by ap_clk  {rise@0.000ns fall@4.000ns period=8.000ns})
  Path Group:             (none)
  Path Type:              Hold (Min at Fast Process Corner)
  Data Path Delay:        0.007ns  (logic 0.000ns (0.000%)  route 0.007ns (100.000%))
  Logic Levels:           0  
  Clock Path Skew:        0.018ns (DCD - SCD - CPR)
    Destination Clock Delay (DCD):    0.018ns
    Source Clock Delay      (SCD):    0.000ns
    Clock Pessimism Removal (CPR):    -0.000ns

    Location             Delay type                Incr(ns)  Path(ns)    Netlist Resource(s)
  -------------------------------------------------------------------    -------------------
                                                      0.000     0.000 r  position_x_q0[19] (IN)
                         net (fo=1, unset)            0.007     0.007    bd_0_i/hls_inst/inst/position_x_q0[19]
    SLICE_X49Y126        FDRE                                         r  bd_0_i/hls_inst/inst/i_x_reg_454_reg[19]/D
  -------------------------------------------------------------------    -------------------

                         (clock ap_clk rise edge)     0.000     0.000 r  
                                                      0.000     0.000 r  ap_clk (IN)
                         net (fo=4330, unset)         0.018     0.018    bd_0_i/hls_inst/inst/ap_clk
    SLICE_X49Y126        FDRE                                         r  bd_0_i/hls_inst/inst/i_x_reg_454_reg[19]/C

Slack:                    inf
  Source:                 position_x_q0[1]
                            (input port)
  Destination:            bd_0_i/hls_inst/inst/i_x_reg_454_reg[1]/D
                            (rising edge-triggered cell FDRE clocked by ap_clk  {rise@0.000ns fall@4.000ns period=8.000ns})
  Path Group:             (none)
  Path Type:              Hold (Min at Fast Process Corner)
  Data Path Delay:        0.007ns  (logic 0.000ns (0.000%)  route 0.007ns (100.000%))
  Logic Levels:           0  
  Clock Path Skew:        0.019ns (DCD - SCD - CPR)
    Destination Clock Delay (DCD):    0.019ns
    Source Clock Delay      (SCD):    0.000ns
    Clock Pessimism Removal (CPR):    -0.000ns

    Location             Delay type                Incr(ns)  Path(ns)    Netlist Resource(s)
  -------------------------------------------------------------------    -------------------
                                                      0.000     0.000 r  position_x_q0[1] (IN)
                         net (fo=1, unset)            0.007     0.007    bd_0_i/hls_inst/inst/position_x_q0[1]
    SLICE_X51Y124        FDRE                                         r  bd_0_i/hls_inst/inst/i_x_reg_454_reg[1]/D
  -------------------------------------------------------------------    -------------------

                         (clock ap_clk rise edge)     0.000     0.000 r  
                                                      0.000     0.000 r  ap_clk (IN)
                         net (fo=4330, unset)         0.019     0.019    bd_0_i/hls_inst/inst/ap_clk
    SLICE_X51Y124        FDRE                                         r  bd_0_i/hls_inst/inst/i_x_reg_454_reg[1]/C

Slack:                    inf
  Source:                 position_x_q0[26]
                            (input port)
  Destination:            bd_0_i/hls_inst/inst/i_x_reg_454_reg[26]/D
                            (rising edge-triggered cell FDRE clocked by ap_clk  {rise@0.000ns fall@4.000ns period=8.000ns})
  Path Group:             (none)
  Path Type:              Hold (Min at Fast Process Corner)
  Data Path Delay:        0.007ns  (logic 0.000ns (0.000%)  route 0.007ns (100.000%))
  Logic Levels:           0  
  Clock Path Skew:        0.018ns (DCD - SCD - CPR)
    Destination Clock Delay (DCD):    0.018ns
    Source Clock Delay      (SCD):    0.000ns
    Clock Pessimism Removal (CPR):    -0.000ns

    Location             Delay type                Incr(ns)  Path(ns)    Netlist Resource(s)
  -------------------------------------------------------------------    -------------------
                                                      0.000     0.000 r  position_x_q0[26] (IN)
                         net (fo=1, unset)            0.007     0.007    bd_0_i/hls_inst/inst/position_x_q0[26]
    SLICE_X54Y128        FDRE                                         r  bd_0_i/hls_inst/inst/i_x_reg_454_reg[26]/D
  -------------------------------------------------------------------    -------------------

                         (clock ap_clk rise edge)     0.000     0.000 r  
                                                      0.000     0.000 r  ap_clk (IN)
                         net (fo=4330, unset)         0.018     0.018    bd_0_i/hls_inst/inst/ap_clk
    SLICE_X54Y128        FDRE                                         r  bd_0_i/hls_inst/inst/i_x_reg_454_reg[26]/C

Slack:                    inf
  Source:                 position_x_q0[28]
                            (input port)
  Destination:            bd_0_i/hls_inst/inst/i_x_reg_454_reg[28]/D
                            (rising edge-triggered cell FDRE clocked by ap_clk  {rise@0.000ns fall@4.000ns period=8.000ns})
  Path Group:             (none)
  Path Type:              Hold (Min at Fast Process Corner)
  Data Path Delay:        0.007ns  (logic 0.000ns (0.000%)  route 0.007ns (100.000%))
  Logic Levels:           0  
  Clock Path Skew:        0.018ns (DCD - SCD - CPR)
    Destination Clock Delay (DCD):    0.018ns
    Source Clock Delay      (SCD):    0.000ns
    Clock Pessimism Removal (CPR):    -0.000ns

    Location             Delay type                Incr(ns)  Path(ns)    Netlist Resource(s)
  -------------------------------------------------------------------    -------------------
                                                      0.000     0.000 r  position_x_q0[28] (IN)
                         net (fo=1, unset)            0.007     0.007    bd_0_i/hls_inst/inst/position_x_q0[28]
    SLICE_X54Y130        FDRE                                         r  bd_0_i/hls_inst/inst/i_x_reg_454_reg[28]/D
  -------------------------------------------------------------------    -------------------

                         (clock ap_clk rise edge)     0.000     0.000 r  
                                                      0.000     0.000 r  ap_clk (IN)
                         net (fo=4330, unset)         0.018     0.018    bd_0_i/hls_inst/inst/ap_clk
    SLICE_X54Y130        FDRE                                         r  bd_0_i/hls_inst/inst/i_x_reg_454_reg[28]/C

Slack:                    inf
  Source:                 position_x_q0[29]
                            (input port)
  Destination:            bd_0_i/hls_inst/inst/i_x_reg_454_reg[29]/D
                            (rising edge-triggered cell FDRE clocked by ap_clk  {rise@0.000ns fall@4.000ns period=8.000ns})
  Path Group:             (none)
  Path Type:              Hold (Min at Fast Process Corner)
  Data Path Delay:        0.007ns  (logic 0.000ns (0.000%)  route 0.007ns (100.000%))
  Logic Levels:           0  
  Clock Path Skew:        0.019ns (DCD - SCD - CPR)
    Destination Clock Delay (DCD):    0.019ns
    Source Clock Delay      (SCD):    0.000ns
    Clock Pessimism Removal (CPR):    -0.000ns

    Location             Delay type                Incr(ns)  Path(ns)    Netlist Resource(s)
  -------------------------------------------------------------------    -------------------
                                                      0.000     0.000 r  position_x_q0[29] (IN)
                         net (fo=1, unset)            0.007     0.007    bd_0_i/hls_inst/inst/position_x_q0[29]
    SLICE_X55Y128        FDRE                                         r  bd_0_i/hls_inst/inst/i_x_reg_454_reg[29]/D
  -------------------------------------------------------------------    -------------------

                         (clock ap_clk rise edge)     0.000     0.000 r  
                                                      0.000     0.000 r  ap_clk (IN)
                         net (fo=4330, unset)         0.019     0.019    bd_0_i/hls_inst/inst/ap_clk
    SLICE_X55Y128        FDRE                                         r  bd_0_i/hls_inst/inst/i_x_reg_454_reg[29]/C

Slack:                    inf
  Source:                 position_x_q0[34]
                            (input port)
  Destination:            bd_0_i/hls_inst/inst/i_x_reg_454_reg[34]/D
                            (rising edge-triggered cell FDRE clocked by ap_clk  {rise@0.000ns fall@4.000ns period=8.000ns})
  Path Group:             (none)
  Path Type:              Hold (Min at Fast Process Corner)
  Data Path Delay:        0.007ns  (logic 0.000ns (0.000%)  route 0.007ns (100.000%))
  Logic Levels:           0  
  Clock Path Skew:        0.019ns (DCD - SCD - CPR)
    Destination Clock Delay (DCD):    0.019ns
    Source Clock Delay      (SCD):    0.000ns
    Clock Pessimism Removal (CPR):    -0.000ns

    Location             Delay type                Incr(ns)  Path(ns)    Netlist Resource(s)
  -------------------------------------------------------------------    -------------------
                                                      0.000     0.000 r  position_x_q0[34] (IN)
                         net (fo=1, unset)            0.007     0.007    bd_0_i/hls_inst/inst/position_x_q0[34]
    SLICE_X55Y128        FDRE                                         r  bd_0_i/hls_inst/inst/i_x_reg_454_reg[34]/D
  -------------------------------------------------------------------    -------------------

                         (clock ap_clk rise edge)     0.000     0.000 r  
                                                      0.000     0.000 r  ap_clk (IN)
                         net (fo=4330, unset)         0.019     0.019    bd_0_i/hls_inst/inst/ap_clk
    SLICE_X55Y128        FDRE                                         r  bd_0_i/hls_inst/inst/i_x_reg_454_reg[34]/C

Slack:                    inf
  Source:                 position_x_q0[37]
                            (input port)
  Destination:            bd_0_i/hls_inst/inst/i_x_reg_454_reg[37]/D
                            (rising edge-triggered cell FDRE clocked by ap_clk  {rise@0.000ns fall@4.000ns period=8.000ns})
  Path Group:             (none)
  Path Type:              Hold (Min at Fast Process Corner)
  Data Path Delay:        0.007ns  (logic 0.000ns (0.000%)  route 0.007ns (100.000%))
  Logic Levels:           0  
  Clock Path Skew:        0.018ns (DCD - SCD - CPR)
    Destination Clock Delay (DCD):    0.018ns
    Source Clock Delay      (SCD):    0.000ns
    Clock Pessimism Removal (CPR):    -0.000ns

    Location             Delay type                Incr(ns)  Path(ns)    Netlist Resource(s)
  -------------------------------------------------------------------    -------------------
                                                      0.000     0.000 r  position_x_q0[37] (IN)
                         net (fo=1, unset)            0.007     0.007    bd_0_i/hls_inst/inst/position_x_q0[37]
    SLICE_X55Y130        FDRE                                         r  bd_0_i/hls_inst/inst/i_x_reg_454_reg[37]/D
  -------------------------------------------------------------------    -------------------

                         (clock ap_clk rise edge)     0.000     0.000 r  
                                                      0.000     0.000 r  ap_clk (IN)
                         net (fo=4330, unset)         0.018     0.018    bd_0_i/hls_inst/inst/ap_clk
    SLICE_X55Y130        FDRE                                         r  bd_0_i/hls_inst/inst/i_x_reg_454_reg[37]/C





